Compound,inchikey,smiles
HILp_TF4__7-methylxanthine,PFWLFWPASULGAN-UHFFFAOYSA-N,CN1C=NC2=C1C(=O)NC(=O)N2
C18n_QI50__deoxycholate,KXGVEGMKQFWNSR-LLQZFEROSA-N,C[C@H](CCC(=O)O)[C@H]1CC[C@@H]2[C@@]1([C@H](C[C@H]3[C@H]2CC[C@H]4[C@@]3(CC[C@H](C4)O)C)O)C
C8p_QI99__NH4_C32:1 DAG,,
C8p_QI194__NH4_C54:3 TAG,,
HILn_TF8__epiandrosterone,QGXBDMJGAMFCBF-LUJOEAJASA-N,C[C@]12CC[C@@H](C[C@@H]1CC[C@@H]3[C@@H]2CC[C@]4([C@H]3CCC4=O)C)O
C8p_QI116__C36:4 DAG,,
C8p_QI102__NH4_C34:3 DAG,,
C18n_QI56__glycochenodeoxycholate,GHCZAUBVMUEKKP-GYPHWSFCSA-N,C[C@H](CCC(=O)NCC(=O)O)[C@H]1CC[C@@H]2[C@@]1(CC[C@H]3[C@H]2[C@@H](C[C@H]4[C@@]3(CC[C@H](C4)O)C)O)C
HILn_QI24__adipate,WNLRTRBMVRJNCN-UHFFFAOYSA-N,C(CCC(=O)O)CC(=O)O
HILp_TF33__guanidoacetic acid,BPMFZUMJYQTVII-UHFFFAOYSA-N,C(C(=O)O)N=C(N)N
C8p_QI139__NH4_C48:4 TAG,,
C8p_QI93__C22:1 MAG,,
C8p_QI187__C54:6 TAG,,
C8p_QI174__C52:4 TAG,,
C8p_QI58__C20:0 SM,,
HILn_TF18__urate,LEHOTFFKMJEONL-UHFFFAOYSA-N,C12=C(NC(=O)N1)NC(=O)NC2=O
C8p_QI103__C34:2 DAG,,
C8p_QI125__C44:1 TAG,,
C18n_TF7__furosemide,ZZUFCTLCJUWOSV-UHFFFAOYSA-N,C1=COC(=C1)CNC2=CC(=C(C=C2C(=O)O)S(=O)(=O)N)Cl
HILn_QI9__3-hydroxymethylglutarate,NPOAOTPXWNWTSH-UHFFFAOYSA-N,CC(CC(=O)O)(CC(=O)O)O
C8p_QI12__C16:1 LPE,,
HILp_TF52__N1-acetylspermine,GUNURVWAJRRUAV-UHFFFAOYSA-N,CC(=O)NCCCNCCCCNCCCN
C8p_QI100__C32:0 DAG,,
C18n_QI49__chenodeoxycholate,RUDATBOHQWOJDD-BSWAIDMHSA-N,C[C@H](CCC(=O)O)[C@H]1CC[C@@H]2[C@@]1(CC[C@H]3[C@H]2[C@@H](C[C@H]4[C@@]3(CC[C@H](C4)O)C)O)C
HILp_QI1169__ornithine,AHLPHDHHMVZTML-BYPYZUCNSA-N,C(C[C@@H](C(=O)O)N)CN
C18n_QI23__10-heptadecenoate,,
C8p_QI94__NH4_C22:1 MAG,,
HILn_QI85__malonate,OFOBLEOULBTSOW-UHFFFAOYSA-N,C(C(=O)O)C(=O)O
C18n_QI92__13-cis-retinoic acid,SHGAZHPCJJPHSC-XFYACQKRSA-N,CC1=C(C(CCC1)(C)C)/C=C/C(=C/C=C/C(=C\C(=O)O)/C)/C
C18n_QI43__adrenate,TWSWSIQAPQLDBP-DOFZRALJSA-N,CCCCC/C=C\C/C=C\C/C=C\C/C=C\CCCCCC(=O)O
C8p_QI176__C52:3 TAG,,
C18n_QI39__arachidate,VKOBVWXKNCXXDE-UHFFFAOYSA-N,CCCCCCCCCCCCCCCCCCCC(=O)O
HILp_QI578__proline,ONIBWKKTOPOVIA-BYPYZUCNSA-N,C1C[C@H](NC1)C(=O)O
HILn_QI106__ribothymidine,,
HILn_QI52__ethyl glucuronide,,
HILp_QI8757__C9 carnitine,,
C8p_QI181__NH4_C52:1 TAG,,
HILp_TF44__histidinol,ZQISRDCJNBUVMM-YFKPBYRVSA-N,C1=C(NC=N1)C[C@@H](CO)N
C8p_QI105__C34:1 DAG,YEJYLHKQOBOSCP-OZKTZCCCSA-N,CCCCCCCCCCCCCCCC(=O)OC[C@H](CO)OC(=O)CCCCCCC/C=C\CCCCCCCC
C18n_QI20__palmitoleate,SECPZKHBENQXJG-FPLPWBNLSA-N,CCCCCC/C=C\CCCCCCCC(=O)O
C8p_QI180__C52:1 TAG,,
HILn_QI76__inosine,UGQMRVRMYYASKQ-KQYNXXCUSA-N,C1=NC(=O)C2=C(N1)N(C=N2)[C@H]3[C@@H]([C@@H]([C@H](O3)CO)O)O
HILp_QI11887__C16 carnitine,XOMRRQXKHMYMOC-OAQYLSRUSA-N,CCCCCCCCCCCCCCCC(=O)O[C@H](CC(=O)[O-])C[N+](C)(C)C
HILp_QI6656__alpha-glycerophosphocholine,SUHOQUVVVLNYQR-MRVPVSSYSA-O,C[N+](C)(C)CCOP(=O)(O)OC[C@@H](CO)O
HILn_QI69__homovanillate,QRMZSPFSDQBLIX-UHFFFAOYSA-N,COC1=C(C=CC(=C1)CC(=O)O)O
HILn_QI42__citrate,KRKNYBCHXYNGOX-UHFFFAOYSA-N,C(C(=O)O)C(CC(=O)O)(C(=O)O)O
HILp_QI2979__arginine,ODKSFYDXXFIFQN-BYPYZUCNSA-N,C(C[C@@H](C(=O)O)N)CN=C(N)N
C18n_QI62__taurodeoxycholate,AWDRATDZQPNJFN-GHMNEPPTSA-N,CC(CCC(=O)NCCS(=O)(=O)O)C1CCC2[C@@]1([C@H](CC3C2CCC4[C@@]3(CC[C@H](C4)O)C)O)C
C18n_QI44__13-docosenoate,DPUOLQHDNGRHBS-KTKRTIGZSA-N,CCCCCCCC/C=C\CCCCCCCCCCCC(=O)O
C18n_QI77__4-hydroxystyrene,FUGYGGDSWSUORM-UHFFFAOYSA-N,C=CC1=CC=C(C=C1)O
HILp_QI2793__3-methylhistidine,JDHILDINMRGULE-LURJTMIESA-N,CN1C=NC=C1C[C@@H](C(=O)O)N
C8p_QI73__NH4_C18:1 CE,,
C18n_QI29__stearate,QIQXTHQIDYTFRH-UHFFFAOYSA-N,CCCCCCCCCCCCCCCCCC(=O)O
C8p_QI80__C20:3 CE,,
HILp_QI1759__butyrobetaine,JHPNVNIEXXLNTR-UHFFFAOYSA-O,C[N+](C)(C)CCCC(=O)O
C8p_QI140__C48:3 TAG,,
C18n_QI18__myristate,TUNFSRHWOTWDNC-UHFFFAOYSA-N,CCCCCCCCCCCCCC(=O)O
C8p_QI150__NH4_C50:5 TAG,,
C8p_QI32__C38:6 PC,,
C8p_QI41__C36:2 PC plasmalogen,,
HILp_QI755__niacinamide,DFPAKSUCGFBDDF-UHFFFAOYSA-N,C1=CC(=CN=C1)C(=O)N
C8p_QI68__C18:3 CE,,
C18n_QI4788__carnosol_isomer,,
C8p_QI177__NH4_C52:3 TAG,,
C18n_QI10__hydrocinnamate,XMIIGOLPHOKFCH-UHFFFAOYSA-N,C1=CC=C(C=C1)CCC(=O)O
C8p_QI50__C16:0 Ceramide (d18:1),,
C18n_QI53__alpha-muricholate,DKPMWHFRUGMUKF-GDYCBZMLSA-N,C[C@H](CCC(=O)O)[C@H]1CC[C@@H]2[C@@]1(CC[C@H]3[C@H]2[C@@H]([C@H]([C@H]4[C@@]3(CC[C@H](C4)O)C)O)O)C
HILn_TF3__alpha-ketoglutarate,KPGXRSRHYNQIFN-UHFFFAOYSA-N,C(CC(=O)O)C(=O)C(=O)O
C8p_QI33__C38:4 PC,,
HILp_QI6120__C5 carnitine,,
HILn_QI59__glutamate,WHUUTDBJXJRKMK-GSVOUGTGSA-N,C(CC(=O)O)[C@H](C(=O)O)N
C18n_QI72__cetrizine,ZKLPARSLTMPFCP-UHFFFAOYSA-N,C1CN(CCN1CCOCC(=O)O)C(C2=CC=CC=C2)C3=CC=C(C=C3)Cl
C8p_QI207__C56:2 TAG,,
C8p_QI200__C56:7 TAG,,
C8p_QI76__C20:5 CE,,
HILp_QI1794__lysine,KDXKERNSBIXSRK-YFKPBYRVSA-N,C(CCN)C[C@@H](C(=O)O)N
HILp_QI1508__imidazole propionate,ZCKYOWGFRHAZIQ-UHFFFAOYSA-N,C1=C(NC=N1)CCC(=O)O
HILp_TF14__2-deoxycytidine,CKTSBUTUHBMZGZ-SHYZEUOFSA-N,C1[C@@H]([C@H](O[C@H]1N2C=CC(=NC2=O)N)CO)O
HILn_QI55__fumarate/maleate,VZCYOOQTPOCHFL-OWOJBTEDSA-N,C(=C/C(=O)O)\C(=O)O
HILp_TF29__C18:2 LPC,,
C8p_QI121__C42:0 TAG,,
C8p_QI198__C55:3 TAG,,
HILn_QI103__pyrocatechol,YCIMNLLNPGFGHC-UHFFFAOYSA-N,C1=CC=C(C(=C1)O)O
C8p_QI85__NH4_C22:5 CE,,
C8p_QI29__C36:3 PC,,
HILp_QI1756__2-aminoheptanoic acid,SNDPXSYFESPGGJ-SCSAIBSYSA-N,CCC[C@H](C(=O)O)N
C8p_QI182__C52:0 TAG,,
HILp_QI2602__1-methylguanine,,
HILp_QI168__alanine,QNAYBMKLOCPYGJ-REOHCLBHSA-N,C[C@@H](C(=O)O)N
C8p_QI165__C51:1 TAG,,
C8p_QI197__C54:1 TAG,,
C8p_QI156__NH4_C50:2 TAG,,
HILp_QI1646__proline betaine,CMUNUTVVOOHQPW-LURJTMIESA-N,C[N+]1(CCC[C@H]1C(=O)[O-])C
C18n_QI67__saccharin,CVHZOJJKTDOEJC-UHFFFAOYSA-N,C1=CC=C2C(=C1)C(=O)NS2(=O)=O
HILn_QI33__azelate,BDJRBEYXGGNYIS-UHFFFAOYSA-N,C(CCCC(=O)O)CCCC(=O)O
C8p_QI209__C56:1 TAG,,
HILp_QI11212__C14 carnitine,,
C8p_QI55__C16:0 SM,,
C8p_QI171__NH4_C52:6 TAG,,
C18n_QI80__carnosol,XUSYGBPHQBWGAD-PJSUUKDQSA-N,CC(C)C1=C(C(=C2C(=C1)[C@@H]3C[C@@H]4[C@@]2(CCCC4(C)C)C(=O)O3)O)O
HILn_QI110__serine,MTCFGRXMJLQNBG-REOHCLBHSA-N,C([C@@H](C(=O)O)N)O
C8p_QI56__C18:1 SM,,
C8p_QI131__NH4_C46:3 TAG,,
HILp_QI615__betaine,KWIUHFFTVRNATP-UHFFFAOYSA-N,C[N+](C)(C)CC(=O)[O-]
C8p_QI92__NH4_C18:0 MAG,,
HILp_TF58__valine,KZSNJWFQEVHDMF-BYPYZUCNSA-N,CC(C)[C@@H](C(=O)O)N
HILp_TF26__beta-guanidinopropionic acid,KMXXSJLYVJEBHI-UHFFFAOYSA-N,C(CN=C(N)N)C(=O)O
HILp_QI1750__4-guanidinobutanoic acid,TUHVEAJXIMEOSA-UHFFFAOYSA-N,C(CC(=O)O)CN=C(N)N
HILn_QI109__sebacate,CXMXRPHRNRROMY-UHFFFAOYSA-N,C(CCCCC(=O)O)CCCC(=O)O
C8p_QI16__C18:0 LPE,,
C18n_QI59__glycocholate,RFDAIACWWDREDC-FRVQLJSFSA-N,C[C@H](CCC(=O)NCC(=O)O)[C@H]1CC[C@@H]2[C@@]1([C@H](C[C@H]3[C@H]2[C@@H](C[C@H]4[C@@]3(CC[C@H](C4)O)C)O)O)C
C8p_QI208__NH4_C56:2 TAG,,
C18n_TF2__3-hydroxydecanoate,,
C8p_QI75__NH4_C18:0 CE,,
HILp_QI2874__gabapentin,,
C18n_TF8__porphobilinogen,QSHWIQZFGQKFMA-UHFFFAOYSA-N,C1=C(C(=C(N1)CN)CC(=O)O)CCC(=O)O
HILp_QI12539__C18 carnitine,,
C8p_QI135__NH4_C46:1 TAG,,
HILn_QI78__lactose,GUBGYTABKSRVRQ-QKKXKWKRSA-N,C([C@@H]1[C@@H]([C@@H]([C@H]([C@@H](O1)O[C@@H]2[C@H](OC([C@@H]([C@H]2O)O)O)CO)O)O)O)O
C8p_QI167__C51:0 TAG,,
HILp_TF19__C22:6 LPE,,
C8p_QI151__C50:4 TAG,,
C18n_TF5__theophylline,ZFXYFBGIUFBOJW-UHFFFAOYSA-N,CN1C2=C(C(=O)N(C1=O)C)NC=N2
C8p_QI168__NH4_C51:0 TAG,,
"HILp_QI3593__N6,N6,N6-trimethyllysine",MXNRLFUSFKVQSK-QMMMGPOBSA-N,C[N+](C)(C)CCCC[C@@H](C(=O)[O-])N
C8p_QI146__C48:0 TAG,,
HILn_QI98__phenylacetylglutamine,JFLIEFSWGNOPJJ-JTQLQIEISA-N,C1=CC=C(C=C1)CC(=O)N[C@@H](CCC(=O)N)C(=O)O
C8p_QI95__C30:0 DAG,,
HILp_QI7107__inosine,UGQMRVRMYYASKQ-KQYNXXCUSA-N,C1=NC(=O)C2=C(N1)N(C=N2)[C@H]3[C@@H]([C@@H]([C@H](O3)CO)O)O
HILp_QI3716__hydroxycotinine,,
C18n_QI89__nervonic acid,GWHCXVQVJPWHRF-KTKRTIGZSA-N,CCCCCCCC/C=C\CCCCCCCCCCCCCC(=O)O
C8p_QI130__C46:3 TAG,,
C8p_QI23__C34:3 PC,,
C18n_TF6__2-hydroxyibuprofen,,
C8p_QI63__C14:0 CE,,
C8p_QI214__beta-sitosterol,,
C8p_QI91__C18:0 MAG,,
HILn_TF7__diaminopimelate,GMKMEZVLHJARHF-WHFBIAKZSA-N,C(C[C@@H](C(=O)O)N)C[C@@H](C(=O)O)N
C8p_QI72__C18:1 CE,RJECHNNFRHZQKU-RMUVNZEASA-N,CCCCCCCC/C=C\CCCCCCCC(=O)O[C@H]1CC[C@@]2([C@H]3CC[C@]4([C@H]([C@@H]3CC=C2C1)CC[C@@H]4[C@H](C)CCCC(C)C)C)C
HILp_QI4966__acetyl-galactosamine,,
C8p_QI196__NH4_C54:2 TAG,,
HILn_QI63__glycocholate,RFDAIACWWDREDC-FRVQLJSFSA-N,C[C@H](CCC(=O)NCC(=O)O)[C@H]1CC[C@@H]2[C@@]1([C@H](C[C@H]3[C@H]2[C@@H](C[C@H]4[C@@]3(CC[C@H](C4)O)C)O)O)C
C18n_TF4__pentadecanoate,WQEPLUUGTLDZJY-UHFFFAOYSA-N,CCCCCCCCCCCCCCC(=O)O
C8p_QI66__C16:0 CE,BBJQPKLGPMQWBU-JADYGXMDSA-N,CCCCCCCCCCCCCCCC(=O)O[C@H]1CC[C@@]2([C@H]3CC[C@]4([C@H]([C@@H]3CC=C2C1)CC[C@@H]4[C@H](C)CCCC(C)C)C)C
HILp_TF21__alpha-hydroxymetoprolol,,
HILp_TF16__nicotinuric acid,ZBSGKPYXQINNGF-UHFFFAOYSA-N,C1=CC(=CN=C1)C(=O)NCC(=O)O
HILn_QI132__xylose,SRBFZHDQGSBBOR-IOVATXLUSA-N,C1[C@H]([C@@H]([C@H](C(O1)O)O)O)O
HILn_QI65__guanine,UYTPUPDQBNUYGX-UHFFFAOYSA-N,C1=NC2=C(N1)C(=O)N=C(N2)N
C18n_QI74__1.2.3.4-tetrahydro-beta-carboline-1.3-dicarboxylate,,
HILn_QI2__1-3-7-trimethylurate,BYXCFUMGEBZDDI-UHFFFAOYSA-N,CN1C2=C(NC1=O)N(C(=O)N(C2=O)C)C
C18n_QI30__hexadecanedioate,QQHJDPROMQRDLA-UHFFFAOYSA-N,C(CCCCCCCC(=O)O)CCCCCCC(=O)O
C8p_QI08__C20:5 LPC,,
C18n_QI34__eicosapentaenoate,JAZBEHYOTPTENJ-JLNKQSITSA-N,CC/C=C\C/C=C\C/C=C\C/C=C\C/C=C\CCCC(=O)O
C8p_QI160__NH4_C50:0 TAG,,
C8p_QI205__C56:3 TAG,,
HILp_QI4845__C3 carnitine,UFAHZIUFPNSHSL-UHFFFAOYSA-N,CCC(=O)OC(CC(=O)[O-])C[N+](C)(C)C
C8p_QI06__C18:1 LPC,,
C18n_QI66__salicylate,YGSDEFSMJLZEOE-UHFFFAOYSA-N,C1=CC=C(C(=C1)C(=O)O)O
C18n_QI14__indoleacetate,SEOVTRFCIGRIMH-UHFFFAOYSA-N,C1=CC=C2C(=C1)C(=CN2)CC(=O)O
HILp_TF28__aminoisobutyric acid/GABA,FUOOLUPWFVMBKG-UHFFFAOYSA-N,CC(C)(C(=O)O)N
C8p_QI204__NH4_C56:4 TAG,,
HILn_QI111__shikimate,JXOHGGNKMLTUBP-HSUXUTPPSA-N,C1[C@H]([C@@H]([C@@H](C=C1C(=O)O)O)O)O
C8p_QI191__C54:4 TAG,,
C8p_QI24__C34:2 PC,,
C8p_QI161__C51:3 TAG,,
HILp_TF25__C8 carnitine,CXTATJFJDMJMIY-CYBMUJFWSA-N,CCCCCCCC(=O)O[C@H](CC(=O)[O-])C[N+](C)(C)C
C18n_QI25__2-hydroxyhexadecanoate,,
HILp_QI3985__5-acetylamino-6-amino-3-methyluracil,POQOTWQIYYNXAT-UHFFFAOYSA-N,CC(=O)NC1=C(NC(=O)N(C1=O)C)N
C8p_QI62__C24:0 SM,,
C8p_QI188__NH4_C54:6 TAG,,
C18n_QI41__docosahexaenoate,MBMBGCFOFBJSGT-KUBAVDMBSA-N,CC/C=C\C/C=C\C/C=C\C/C=C\C/C=C\C/C=C\CCC(=O)O
"HILp_QI9142__N2,N2-dimethylguanosine",,
HILp_QI418__4-aminophenol,PLIKAWJENQZMHA-UHFFFAOYSA-N,C1=CC(=CC=C1N)O
HILp_QI3039__serotonin,QZAYGJVTTNCVMB-UHFFFAOYSA-N,C1=CC2=C(C=C1O)C(=CN2)CCN
C18n_QI22__tetradecanedioate,HOQADATXFBOEGG-UHFFFAOYSA-N,CCOP(=S)(NC(C)C)OC1=CC=CC=C1C(=O)OC(C)C
HILn_QI56__gabapentin,,
C18n_QI83__oxypurinol,HXNFUBHNUDHIGC-UHFFFAOYSA-N,C1=C2C(=NC(=O)NC2=O)NN1
HILp_QI14421__C18:1 LPC plasmalogen,,
HILp_QI9164__C10:2 carnitine,,
HILn_QI37__caproate,FUZZWVXGSFPDMH-UHFFFAOYSA-N,CCCCCC(=O)O
C8p_QI120__NH4_C38:4 DAG,,
C8p_QI113__NH4_C36:1 DAG,,
HILn_QI36__butyrate,FERIUCNNQQJTOY-UHFFFAOYSA-N,CCCC(=O)O
HILn_QI74__indole-3-propionate,,
HILp_TF54__leucine,ROHFNLRQFUQHCH-YFKPBYRVSA-N,CC(C)C[C@@H](C(=O)O)N
HILp_QI7038__atenolol,AEQDBKHAAWUCMT-UHFFFAOYSA-N,CCC(C(C1=C2C=CC(=O)NC2=C(C=C1)O)O)NC(C)C.Cl
HILp_QI4915__5-hydroxytryptophan,LDCYZAJDBXYCGN-VIFPVBQESA-N,C1=CC2=C(C=C1O)C(=CN2)C[C@@H](C(=O)O)N
HILn_QI57__gemfibrozil,HEMJJKBWTPKOJG-UHFFFAOYSA-N,CC1=CC(=C(C=C1)C)OCCCC(C)(C)C(=O)O
C8p_QI79__NH4_C20:4 CE,,
HILp_QI3588__NMMA,NTNWOCRCBQPEKQ-YFKPBYRVSA-N,CN=C(N)NCCC[C@@H](C(=O)O)N
C8p_QI26__C34:0 PC,,
HILp_TF11__cytidine,UHDGCWIWMRVCDJ-XVFCMESISA-N,C1=CN(C(=O)N=C1N)[C@H]2[C@@H]([C@@H]([C@H](O2)CO)O)O
C18n_QI61__taurochenodeoxycholate,BHTRKEVKTKCXOH-BJLOMENOSA-N,C[C@H](CCC(=O)NCCS(=O)(=O)O)[C@H]1CC[C@@H]2[C@@]1(CC[C@H]3[C@H]2[C@@H](C[C@H]4[C@@]3(CC[C@H](C4)O)C)O)C
HILp_QI5874__anserine,MYYIAHXIVFADCU-QMMMGPOBSA-N,CN1C=NC=C1C[C@@H](C(=O)O)NC(=O)CCN
HILp_QI1037__pipecolic acid,HXEACLLIILLPRG-YFKPBYRVSA-N,C1CCN[C@@H](C1)C(=O)O
HILn_QI13__4-hydroxybenzaldehyde,RGHHSNMVTDWUBI-UHFFFAOYSA-N,C1=CC(=CC=C1C=O)O
HILp_QI2638__3-methylxanthine,GMSNIKWWOQHZGF-UHFFFAOYSA-N,CN1C2=C(C(=O)NC1=O)NC=N2
HILp_TF5__biotin,YBJHBAHKTGYVGT-ZKWXMUAHSA-N,C1[C@H]2[C@@H]([C@@H](S1)CCCCC(=O)O)NC(=O)N2
HILp_QI7751__2'-O-methyladenosine,,
C8p_QI153__C50:3 TAG,,
HILn_TF13__oxalate,MUBZPKHOEPUJKR-UHFFFAOYSA-N,C(=O)(C(=O)O)O
C8p_QI22__C32:0 PC,,
HILp_TF38__aspartate,CKLJMWTZIZZHCS-REOHCLBHSA-N,C([C@@H](C(=O)O)N)C(=O)O
C18n_QI60__taurolithocholate,QBYUNVOYXHFVKC-GBURMNQMSA-N,C[C@H](CCC(=O)NCCS(=O)(=O)O)[C@H]1CC[C@@H]2[C@@]1(CC[C@H]3[C@H]2CC[C@H]4[C@@]3(CC[C@H](C4)O)C)C
HILp_TF41__N6-acetyllysine,DTERQYGMUDWYAZ-ZETCQYMHSA-N,CC(=O)NCCCC[C@@H](C(=O)O)N
HILp_QI4241__C2 carnitine,RDHQFKQIGNGIED-MRVPVSSYSA-O,CC(=O)O[C@H](CC(=O)O)C[N+](C)(C)C
"HILp_QI2981__N6,N6-dimethyllysine",,
C18n_QI91__oxymetazoline,WYWIFABBXFUGLM-UHFFFAOYSA-N,CC1=CC(=C(C(=C1CC2=NCCN2)C)O)C(C)(C)C
HILn_QI120__threonine,AYFVYJQAPQTCCC-GBXIJSLDSA-N,C[C@H]([C@@H](C(=O)O)N)O
HILp_QI23736__C14:0 SM,,
HILn_TF6__dCMP,NCMVOABPESMRCP-SHYZEUOFSA-N,C1[C@@H]([C@H](O[C@H]1N2C=CC(=NC2=O)N)COP(=O)(O)O)O
"HILp_TF50__N1,N12-diacetylspermine",NPDTUDWGJMBVEP-UHFFFAOYSA-N,CC(=O)NCCCNCCCCNCCCNC(=O)C
HILp_TF46__cadaverine,VHRGRCVQAFMJIZ-UHFFFAOYSA-N,C(CCN)CCN
C8p_QI42__C36:1 PC plasmalogen,,
HILp_QI8646__threosphingosine,,
HILn_TF19__xanthurenate,FBZONXHGGPHHIY-UHFFFAOYSA-N,C1=CC2=C(C(=C1)O)NC(=CC2=O)C(=O)O
C8p_QI83__NH4_C22:6 CE,,
HILn_QI21__acesulfame,,
HILp_QI1968__S-methylcysteine-S-oxide,,
C18n_QI70__carboxyibuprofen,,
C8p_QI104__NH4_C34:2 DAG,,
C18n_QI42__docosapentaenoate,,
HILn_QI126__uracil,ISAKRJDGNUQOIC-UHFFFAOYSA-N,C1=CNC(=O)NC1=O
C18n_QI81__crustecdysone,NKDFYOWSKOHCCO-KCJGERRASA-N,C[C@]12CCC3C(=CC(=O)[C@H]4[C@@]3(C[C@@H]([C@@H](C4)O)O)C)[C@@]1(CC[C@@H]2C(C)([C@@H](CCC(C)(C)O)O)O)O
C18n_QI40__phytanate,RLCKHJSFHOZMDR-UHFFFAOYSA-N,CC(C)CCCC(C)CCCC(C)CCCC(C)CC(=O)O
HILp_QI3770__caffeine,RYYVLZVUVIJVGH-UHFFFAOYSA-N,CN1C=NC2=C1C(=O)N(C(=O)N2C)C
HILp_TF53__isoleucine,AGPKZVBTJJNPAG-WHFBIAKZSA-N,CC[C@H](C)[C@@H](C(=O)O)N
HILp_QI30__trimethylamine-N-oxide,UYPYRKYUKCHHIB-UHFFFAOYSA-N,C[N+](C)(C)[O-]
HILp_TF49__S-adenosylmethionine,MEFKEPWMEQBLKI-AIRLBKTGSA-N,C[S+](CC[C@@H](C(=O)[O-])N)C[C@@H]1[C@H]([C@H]([C@@H](O1)N2C=NC3=C(N=CN=C32)N)O)O
HILp_QI1048__metformin,XZWYZXLIPXDOLR-UHFFFAOYSA-N,CN(C)C(=N)N=C(N)N
HILp_QI1363__trigonelline,WWNNZCOKKKDOPX-UHFFFAOYSA-N,C[N+]1=CC=CC(=C1)C(=O)[O-]
HILp_QI3009__citrulline,RHGKLRLOHDJJDR-BYPYZUCNSA-N,C(C[C@@H](C(=O)O)N)CNC(=O)N
HILp_QI2850__metronidazole,VAOCPAMSLUNLGC-UHFFFAOYSA-N,CC1=NC=C(N1CCO)[N+](=O)[O-]
C8p_QI211__C58:10 TAG,,
HILn_TF17__tartarate,FEWJPZIEWOKRBE-JCYAYHJZSA-N,[C@@H]([C@H](C(=O)O)O)(C(=O)O)O
C8p_QI19__C22:0 LPE,,
HILp_TF9__2-deoxyadenosine,OLXZPDWKRNYJJZ-RRKCRQDMSA-N,C1[C@@H]([C@H](O[C@H]1N2C=NC3=C(N=CN=C32)N)CO)O
C8p_QI193__C54:3 TAG,,
C8p_QI48__linoleoylethanolamide,,
HILn_QI3__2-aminobutyrate,QWCKQJZIFLGMSD-VKHMYHEASA-N,CC[C@@H](C(=O)O)N
HILp_QI11066__C14:2 carnitine,,
HILn_QI128__uridine,DRTQHJPVMGBUCF-XVFCMESISA-N,C1=CN(C(=O)NC1=O)[C@H]2[C@@H]([C@@H]([C@H](O2)CO)O)O
C18n_QI71__hydrochlorothiazide,JZUFKLXOESDKRF-UHFFFAOYSA-N,C1NC2=CC(=C(C=C2S(=O)(=O)N1)S(=O)(=O)N)Cl
C8p_QI38__C34:1 PC plasmalogen,,
HILp_QI8513__1-methylguanosine,,
HILp_TF45__agmatine,QYPPJABKJHAVHS-UHFFFAOYSA-N,C(CCN=C(N)N)CN
HILp_TF42__methylimidazole acetic acid,ZHCKPJGJQOPTLB-UHFFFAOYSA-N,CN1C=C(N=C1)CC(=O)O
C18n_QI54__cholate,BHQCQFFYRZLCQQ-OELDTZBJSA-N,C[C@H](CCC(=O)O)[C@H]1CC[C@@H]2[C@@]1([C@H](C[C@H]3[C@H]2[C@@H](C[C@H]4[C@@]3(CC[C@H](C4)O)C)O)O)C
HILp_QI1144__N-carbamoyl-beta-alanine,JSJWCHRYRHKBBW-UHFFFAOYSA-N,C(CNC(=O)N)C(=O)O
HILn_QI19__5-acetylamino-6-amino-3-methyluracil,POQOTWQIYYNXAT-UHFFFAOYSA-N,CC(=O)NC1=C(NC(=O)N(C1=O)C)N
C8p_QI98__C32:1 DAG,,
HILn_QI6__2-hydroxy-3-methylpentanoate,,
C8p_QI20__C30:0 PC,,
C8p_QI109__NH4_C36:3 DAG,,
C8p_QI212__cholesterol,HVYWMOMLDIMFJA-DPAQBDIFSA-N,C[C@H](CCCC(C)C)[C@H]1CC[C@@H]2[C@@]1(CC[C@H]3[C@H]2CC=C4[C@@]3(CC[C@@H](C4)O)C)C
HILn_QI18__4-pyridoxate,HXACOUQIXZGNBF-UHFFFAOYSA-N,CC1=NC=C(C(=C1O)C(=O)O)CO
C18n_QI79__alpha-CEHC,,
HILn_QI92__norepinephrine,SFLSHLFXELFNJZ-QMMMGPOBSA-N,C1=CC(=C(C=C1[C@H](CN)O)O)O
HILn_QI123__tryptophan,QIVBCDIJIAJPQS-VIFPVBQESA-N,C1=CC=C2C(=C1)C(=CN2)C[C@@H](C(=O)O)N
HILp_QI2014__N1-methyl-2-pyridone-5-carboxamide,JLQSXXWTCJPCBC-UHFFFAOYSA-N,CN1C=C(C=CC1=O)C(=O)N
C8p_QI143__NH4_C48:2 TAG,,
HILp_TF1__sulfapyridine,,
C18n_QI84__palmitoylethanolamide,HXYVTAGFYLMHSO-UHFFFAOYSA-N,CCCCCCCCCCCCCCCC(=O)NCCO
C8p_QI158__NH4_C50:1 TAG,,
C8p_QI213__5alpha-cholestan-3beta-ol,,
HILn_QI79__leucine,ROHFNLRQFUQHCH-YFKPBYRVSA-N,CC(C)C[C@@H](C(=O)O)N
HILn_QI30__ascorbate,LHFJOBMTAJJOTB-JLAZNSOCSA-N,C([C@@H]([C@@H]1C(=O)C(=C(O1)[O])O)O)O
C8p_QI74__C18:0 CE,,
C8p_QI148__NH4_C49:1 TAG,,
C8p_QI59__C22:1 SM,,
HILn_TF2__alpha-glycerophosphate,AWUCVROLDVIAJX-GSVOUGTGSA-N,C([C@H](COP(=O)(O)O)O)O
C18n_QI16__undecanedionate,,
C18n_QI35__arachidonate,YZXBAPSDXZZRGB-DOFZRALJSA-N,CCCCC/C=C\C/C=C\C/C=C\C/C=C\CCCC(=O)O
HILp_QI1105__N-acetyalanine,,
C18n_QI36__eicosatrienoate,HOBAELRKJCKHQD-QNEBEIHSSA-N,CCCCC/C=C\C/C=C\C/C=C\CCCCCCC(=O)O
C8p_QI84__C22:5 CE,,
C8p_QI18__C20:0 LPE,,
HILp_TF13__phytosphingosine,AERBNCYCJBRYDG-KSZLIROESA-N,CCCCCCCCCCCCCC[C@H]([C@H]([C@H](CO)N)O)O
HILp_QI13031__C20:4 carnitine,,
C8p_QI107__C34:0 DAG,,
C8p_QI117__NH4_C36:4 DAG,,
C18n_QI12__3-hydroxyoctanoate,,
HILp_QI322__dimethylglycine,FFDGPVCHZBVARC-UHFFFAOYSA-N,CN(C)CC(=O)O
C8p_QI145__NH4_C48:1 TAG,,
C18n_QI06__12.13-diHOME,CQSLTKIXAJTQGA-FLIBITNWSA-N,CCCCCC(C(C/C=C\CCCCCCCC(=O)O)O)O
HILp_TF7__pterin,HNXQXTQTPAJEJL-UHFFFAOYSA-N,C1=CN=C2C(=N1)C(=O)N=C(N2)N
C8p_QI21__C32:1 PC,,
HILp_QI25304__C36:2 PC,,
HILp_TF20__urobilin,DEEUSUJLZQQESV-RWPZCVJISA-N,
HILn_QI97__phenylacetate,WLJVXDMOQOGPHL-UHFFFAOYSA-N,C1=CC=C(C=C1)CC(=O)O
HILn_QI102__pseudouridine,PTJWIQPHWPFNBW-GBNDHIKLSA-N,C1=C(C(=O)NC(=O)N1)[C@H]2[C@@H]([C@@H]([C@H](O2)CO)O)O
C8p_QI108__C36:3 DAG,,
HILn_QI116__taurine,XOAAWQZATWQOTB-UHFFFAOYSA-N,C(CS(=O)(=O)O)N
C18n_QI58__glycoursodeoxycholate,,
HILp_TF23__C18:1-OH carnitine,,
HILp_TF39__C4 carnitine,QWYFHHGCZUCMBN-UHFFFAOYSA-N,CCCC(=O)OC(CC(=O)[O-])C[N+](C)(C)C
C18n_QI68__azelate,BDJRBEYXGGNYIS-UHFFFAOYSA-N,C(CCCC(=O)O)CCCC(=O)O
C8p_QI154__NH4_C50:3 TAG,,
C8p_QI05__C18:2 LPC,,
C8p_QI34__C38:3 PC,,
C18n_QI31__10-nonadecenoate,,
HILp_TF40__imidazoleacetic acid,PRJKNHOMHKJCEJ-UHFFFAOYSA-N,C1=C(NC=N1)CC(=O)O
C8p_QI69__NH4_C18:3 CE,,
HILp_QI3040__cotinine,,
HILp_QI3629__homocitrulline,XIGSAGMEBXLVJJ-YFKPBYRVSA-N,C(CCNC(=O)N)C[C@@H](C(=O)O)N
C8p_QI206__NH4_C56:3 TAG,,
HILp_TF24__C16-OH carnitine,,
HILn_QI107__saccharin,CVHZOJJKTDOEJC-UHFFFAOYSA-N,C1=CC=C2C(=C1)C(=O)NS2(=O)=O
C8p_QI202__NH4_C56:6 TAG,,
C8p_QI44__C32:0 PE,,
C8p_QI164__NH4_C51:2 TAG,,
C18n_QI86__p-hydroxyphenylacetate,XQXPVVBIMDBYFF-UHFFFAOYSA-N,C1=CC(=CC=C1CC(=O)O)O
C8p_QI112__C36:1 DAG,,
HILn_QI93__orotate,PXQPEWDEAKTCGB-UHFFFAOYSA-N,C1=C(NC(=O)NC1=O)C(=O)O
HILn_QI16__4-methylcatechol,ZBCATMYQYDCTIZ-UHFFFAOYSA-N,CC1=CC(=C(C=C1)O)O
HILn_QI22__acetylalanine,,
C18n_TF3__dodecanedioate,TVIDDXQYHWJXFK-UHFFFAOYSA-N,C(CCCCCC(=O)O)CCCCC(=O)O
C8p_QI11__C22:6 LPC,,
HILp_QI15372__C18:0 LPC,,
C18n_QI47__masilinate,MDZKJHQSJHYOHJ-LLICELPBSA-N,C[C@@]12CC[C@@H]3[C@@]([C@H]1CC=C4[C@]2(CC[C@@]5([C@H]4CC(CC5)(C)C)C(=O)O)C)(C[C@H]([C@@H](C3(C)C)O)O)C
C8p_QI123__C44:2 TAG,,
C8p_QI137__NH4_C46:0 TAG,,
C8p_QI170__C52:6 TAG,,
HILp_TF17__C18:0 LPE-A,,
C18n_QI38__eicosenoate,BITHHVVYSMSWAG-KTKRTIGZSA-N,CCCCCCCC/C=C\CCCCCCCCCC(=O)O
C8p_QI13__C16:0 LPE,,
C8p_QI199__C55:2 TAG,,
C8p_QI97__NH4_C32:2 DAG,,
C18n_QI33__17-methylstearate,,
C18n_QI51__hyodeoxycholate/ursodeoxycholate,DGABKXLVXPYZII-SIBKNCMHSA-N,C[C@H](CCC(=O)O)[C@H]1CC[C@@H]2[C@@]1(CC[C@H]3[C@H]2C[C@@H]([C@H]4[C@@]3(CC[C@H](C4)O)C)O)C
HILn_QI17__4-nitrophenol,BTJIUGUIPKRLHP-UHFFFAOYSA-N,C1=CC(=CC=C1[N+](=O)[O-])O
C8p_QI134__C46:1 TAG,,
C8p_QI36__C34:4 PC plasmalogen,,
HILp_QI20478__urobilin,DOKCNDVEPDZOJQ-RWPZCVJISA-N,CCC1=C(C(=O)NC1CC2=C(C(=C(N2)/C=C/3\C(=C(C(=N3)CC4C(=C(C(=O)N4)C=C)C)C)CCC(=O)O)CCC(=O)O)C)C
C8p_QI87__NH4_C22:4 CE,,
C8p_QI47__palmithoylethanolamide,HXYVTAGFYLMHSO-UHFFFAOYSA-N,CCCCCCCCCCCCCCCC(=O)NCCO
C8p_QI53__C24:1 Ceramide (d18:1),,
HILp_QI7860__8-hydroxy-deoxyguanosine,,
C8p_QI39__C36:5 PC plasmalogen,,
HILp_QI868__taurine,XOAAWQZATWQOTB-UHFFFAOYSA-N,C(CS(=O)(=O)O)N
C8p_QI07__C18:0 LPC,,
HILp_QI10472__21-deoxycortisol,LCZBQMKVFQNSJR-AVOSZYNGSA-N,CC(=O)[C@]1(CC[C@@H]2[C@@]1(CC([C@H]3[C@H]2CCC4=CC(=O)CC[C@]34C)O)C)O
C8p_QI81__NH4_C20:3 CE,,
HILn_QI121__thymine,RWQNBRDOKXIBIV-UHFFFAOYSA-N,CC1=CNC(=O)NC1=O
HILp_QI3608__kynurenic acid,HCZHHEIFKROPDY-UHFFFAOYSA-N,C1=CC=C2C(=C1)C(=O)C=C(N2)C(=O)O
HILp_TF51__spermidine,ATHGHQPFGPMSJY-UHFFFAOYSA-N,C(CCNCCCN)CN
HILp_TF55__phenylalanine,COLNVLDHVKWLRT-QMMMGPOBSA-N,C1=CC=C(C=C1)C[C@@H](C(=O)O)N
HILp_QI6844__C3-DC-CH3 carnitine,,
HILp_TF2__sphingosine-isomer1,WWUZIQQURGPMPG-KRWOKUGFSA-N,CCCCCCCCCCCCC/C=C/[C@H]([C@H](CO)N)O
C18n_QI26__alpha-linolenate,DTOSIQBPPRVQHS-PDBXOOCHSA-N,CC/C=C\C/C=C\C/C=C\CCCCCCCC(=O)O
C18n_QI69__sebacate,CXMXRPHRNRROMY-UHFFFAOYSA-N,C(CCCCC(=O)O)CCCC(=O)O
C8p_QI126__NH4_C44:1 TAG,,
HILp_QI10262__C12:1 carnitine,,
C8p_QI119__NH4_C38:5 DAG,,
HILn_QI84__malate,BJEPYKJPYRNKOW-REOHCLBHSA-N,C([C@@H](C(=O)O)O)C(=O)O
HILp_QI1788__glutamine,ZDXPYRJPNDTMRX-VKHMYHEASA-N,C(CC(=O)N)[C@@H](C(=O)O)N
HILn_QI67__heptadecanoate,,
C8p_QI27__C36:4 PC-A,,
HILp_TF48__ADMA/SDMA,YDGMGEXADBMOMJ-LURJTMIESA-N,CN(C)C(=NCCC[C@@H](C(=O)O)N)N
C8p_QI132__C46:2 TAG,,
C8p_QI17__C20:4 LPE,,
C8p_QI67__NH4_C16:0 CE,,
HILp_QI1303__hypoxanthine,FDGQSTZJBFJUBT-UHFFFAOYSA-N,C1=NC2=C(N1)C(=O)N=CN2
C8p_QI201__C56:6 TAG,,
C18n_QI13__caprate,GHVNFZFCNZKVNT-UHFFFAOYSA-N,CCCCCCCCCC(=O)O
C8p_QI25__C34:1 PC,,
C8p_QI185__NH4_C53:3 TAG,,
HILn_TF5__citrulline,RHGKLRLOHDJJDR-BYPYZUCNSA-N,C(C[C@@H](C(=O)O)N)CNC(=O)N
HILp_TF56__tryptophan,QIVBCDIJIAJPQS-VIFPVBQESA-N,C1=CC=C2C(=C1)C(=CN2)C[C@@H](C(=O)O)N
HILn_QI130__xanthine,LRFVTYWOQMYALW-UHFFFAOYSA-N,C1=NC2=C(N1)C(=O)NC(=O)N2
HILn_QI58__gentisate,WXTMDXOMEHJXQO-UHFFFAOYSA-N,C1=CC(=C(C=C1O)C(=O)O)O
HILp_QI16955__C20:1 LPC,,
C8p_QI152__NH4_C50:4 TAG,,
C18n_QI11__mandelate,IWYDHOAUDWTVEP-ZETCQYMHSA-N,C1=CC=C(C=C1)[C@@H](C(=O)O)O
HILp_QI9350__C10 carnitine,LZOSYCMHQXPBFU-OAHLLOKOSA-N,CCCCCCCCCC(=O)O[C@H](CC(=O)[O-])C[N+](C)(C)C
HILp_QI2965__N-acetylornithine,JRLGPAXAGHMNOL-LURJTMIESA-N,CC(=O)N[C@@H](CCCN)C(=O)O
HILp_QI2601__7-methylguanine,FZWGECJQACGGTI-UHFFFAOYSA-N,CN1C=NC2=C1C(=O)N=C(N2)N
C8p_QI14__C18:2 LPE,,
C8p_QI78__C20:4 CE,,
HILp_TF30__C16:0 LPC,,
C18n_QI21__palmitate,IPCSVZSSVZVIGE-UHFFFAOYSA-N,CCCCCCCCCCCCCCCC(=O)O
HILp_QI7060__adenosine,OIRDTQYFTABQOQ-KQYNXXCUSA-N,C1=NC(=C2C(=N1)N(C=N2)[C@H]3[C@@H]([C@@H]([C@H](O3)CO)O)O)N
HILp_TF32__C18:3 LPC,,
C8p_QI31__C36:1 PC,,
C8p_QI138__C48:4 TAG,,
C8p_QI162__NH4_C51:3 TAG,,
C8p_QI186__NH4_C53:2 TAG,,
HILn_QI86__methionine,FFEARJCKVFRZRR-BYPYZUCNSA-N,CSCC[C@@H](C(=O)O)N
C8p_QI90__NH4_C16:1 MAG,,
HILn_QI28__alpha-ketoisovalerate,QHKABHOOEWYVLI-UHFFFAOYSA-N,CC(C)C(=O)C(=O)O
HILp_TF47__homoarginine,QUOGESRFPZDMMT-YFKPBYRVSA-N,C(CCN=C(N)N)C[C@@H](C(=O)O)N
HILn_QI81__linoleoyl ethanolamide,,
C8p_QI147__NH4_C48:0 TAG,,
HILp_QI1093__N-acetylputrescine,KLZGKIDSEJWEDW-UHFFFAOYSA-N,CC(=O)NCCCCN
HILp_QI331__choline,OEYIOHPDSNJKLS-UHFFFAOYSA-N,C[N+](C)(C)CCO
HILp_QI8763__sphinganine,OTKJDMGTUTTYMP-ZWKOTPCHSA-N,CCCCCCCCCCCCCCC[C@H]([C@H](CO)N)O
HILn_QI25__alanine,QNAYBMKLOCPYGJ-REOHCLBHSA-N,C[C@@H](C(=O)O)N
HILp_QI2162__histidine,HNDVDQJCIGZPNO-YFKPBYRVSA-N,C1=C(NC=N1)C[C@@H](C(=O)O)N
HILp_QI13719__C16:1 LPC plasmalogen,,
C8p_QI54__C16:1 SM,,
HILp_QI1757__acetylcholine,OIPILFWXSMYKGL-UHFFFAOYSA-N,CC(=O)OCC[N+](C)(C)C
C18n_QI09__heptanoate,MNWFXJYAOYHMED-UHFFFAOYSA-N,CCCCCCC(=O)O
C8p_QI215__piperine,MXXWOMGUGJBKIW-YPCIICBESA-N,C1CCN(CC1)C(=O)/C=C/C=C/C2=CC3=C(C=C2)OCO3
HILp_QI1929__4-hydroxy-3-methylacetophenone,,
HILn_QI11__3-methylglutaconate,,
HILn_QI7__2-hydroxyglutarate,KPGXRSRHYNQIFN-UHFFFAOYSA-N,C(CC(=O)O)C(=O)C(=O)O
C18n_QI88__urobilin,DEEUSUJLZQQESV-RWPZCVJISA-N,
C8p_QI03__C16:1 LPC,,
C8p_QI70__C18:2 CE,NAACPBBQTFFYQB-LJAITQKLSA-N,CCCCC/C=C\C/C=C\CCCCCCCC(=O)O[C@H]1CC[C@@]2([C@H]3CC[C@]4([C@H]([C@@H]3CC=C2C1)CC[C@@H]4[C@H](C)CCCC(C)C)C)C
HILn_QI54__fucose,SHZGCJCMOBCMKK-DHVFOXMCSA-N,C[C@H]1[C@H]([C@H]([C@@H](C(O1)O)O)O)O
HILn_QI51__erythronate,,
C18n_QI85__phenyllactate,RKUNBYITZUJHSG-SPUOUPEWSA-N,
C18n_QI15__dodecanoate,POULHZVOKOAJMA-UHFFFAOYSA-N,CCCCCCCCCCCC(=O)O
C18n_QI07__9.10-diHOME,XEBKSQSGNGRGDW-YFHOEESVSA-N,CCCCC/C=C\CC(C(CCCCCCCC(=O)O)O)O
C8p_QI195__C54:2 TAG,,
C8p_QI45__C34:0 PE,,
HILn_QI45__cystine,LEVWYRKDKASIDU-IMJSIDKUSA-N,C([C@@H](C(=O)O)N)SSC[C@@H](C(=O)O)N
C18n_QI64__tauro-alpha-muricholate/tauro-beta-muricholate,,
HILn_QI95__pantothenate,GHOKWGTUZJEAQD-ZETCQYMHSA-N,CC(C)(CO)[C@H](C(=O)NCCC(=O)O)O
HILp_QI9633__linoleoyl ethanolamide,,
C8p_QI106__NH4_C34:1 DAG,,
HILp_TF3__sphingosine-isomer2,WWUZIQQURGPMPG-KRWOKUGFSA-N,CCCCCCCCCCCCC/C=C/[C@H]([C@H](CO)N)O
C8p_QI28__C36:4 PC-B,,
HILn_QI20__5-dodecenoate,,
C8p_QI04__C16:0 LPC,,
HILp_QI29__glycine,DHMQDGOQFOQNFH-UHFFFAOYSA-N,C(C(=O)O)N
HILp_QI24373__C16:0 SM,,
C18n_QI52__ketodeoxycholate,RHCPKKNRWFXMAT-SQWYQQCBSA-N,C[C@@H](CCC(=O)O)[C@H]1CC[C@@H]2[C@@]1([C@H](C[C@H]3[C@H]2C(=O)C[C@H]4[C@@]3(CC[C@H](C4)O)C)O)C
HILn_QI108__salicylate,YGSDEFSMJLZEOE-UHFFFAOYSA-N,C1=CC=C(C(=C1)C(=O)O)O
C8p_QI114__C36:0 DAG,,
HILn_QI49__dTMP,GYOZYWVXFNDGLU-XLPZGREQSA-N,CC1=CN(C(=O)NC1=O)[C@H]2C[C@@H]([C@H](O2)COP(=O)(O)O)O
HILn_QI105__riboflavin,AUNGANRZJHBGPY-SCRDCRAPSA-N,CC1=CC2=C(C=C1C)N(C3=NC(=O)NC(=O)C3=N2)C[C@@H]([C@@H]([C@@H](CO)O)O)O
C8p_QI49__C2 Ceramide (d18:1),,
HILn_QI10__3-methyladipate/pimelate,,
HILn_QI44__corticosterone,OMFXVFTZEKFJBZ-HJTSIMOOSA-N,C[C@]12CCC(=O)C=C1CC[C@@H]3[C@@H]2[C@H](C[C@]4([C@H]3CC[C@@H]4C(=O)CO)C)O
HILn_QI28433__propionate,XBDQKXXYIPTUBI-UHFFFAOYSA-N,CCC(=O)O
HILp_QI13472__C14:0 LPC,,
C8p_QI142__C48:2 TAG,,
C8p_QI77__NH4_C20:5 CE,,
HILp_QI1106__hydroxyproline,PMMYEEVYMWASQN-DMTCNVIQSA-N,C1[C@H](CN[C@@H]1C(=O)O)O
C8p_QI60__C22:0 SM,,
C8p_QI35__C38:2 PC,,
HILp_TF12__sphingosine-isomer3,WWUZIQQURGPMPG-KRWOKUGFSA-N,CCCCCCCCCCCCC/C=C/[C@H]([C@H](CO)N)O
HILn_TF4__arginine,ODKSFYDXXFIFQN-BYPYZUCNSA-N,C(C[C@@H](C(=O)O)N)CN=C(N)N
C8p_QI136__C46:0 TAG,,
C8p_QI189__C54:5 TAG,,
C8p_QI61__C24:1 SM,,
C8p_QI124__NH4_C44:2 TAG,,
C8p_QI128__NH4_C44:0 TAG,,
C8p_QI52__C24:0 Ceramide (d18:1),,
HILp_QI14033__C16:1 LPC,,
C8p_QI101__C34:3 DAG,,
HILn_QI101__proline,ONIBWKKTOPOVIA-BYPYZUCNSA-N,C1C[C@H](NC1)C(=O)O
C8p_QI172__C52:5 TAG,,
C8p_QI133__NH4_C46:2 TAG,,
C8p_QI122__NH4_C42:0 TAG,,
C8p_QI178__C52:2 TAG,,
HILp_QI1989__acetaminophen,RZVAJINKPMORJF-UHFFFAOYSA-N,CC(=O)NC1=CC=C(C=C1)O
HILn_QI47__dihydroorotate,UFIVEPVSAGBUSI-REOHCLBHSA-N,C1[C@H](NC(=O)NC1=O)C(=O)O
C8p_QI149__C50:5 TAG,,
C8p_QI40__C36:4 PC plasmalogen,,
HILn_TF10__indoxyl sulfate,,
HILp_QI12459__C18:2 carnitine,,
HILn_QI73__imidazolelactate,,
HILn_TF1__2-aminoadipate,OYIFNHCXNCRBQI-BYPYZUCNSA-N,C(C[C@@H](C(=O)O)N)CC(=O)O
C18n_QI32__nonadecanoate,ISYWECDDZWTKFF-UHFFFAOYSA-N,CCCCCCCCCCCCCCCCCCC(=O)O
HILp_TF43__ectoine,,
HILp_QI19408__biliverdin,QBUVFDKTZJNUPP-BBROENKCSA-N,
C18n_QI63__taurohyodeoxycholate/tauroursodeoxycholate,,
HILn_QI77__lactate,JVTAAEKCZFNVCJ-REOHCLBHSA-N,C[C@@H](C(=O)O)O
HILp_TF57__tyrosine,OUYCCCASQSFEME-QMMMGPOBSA-N,C1=CC(=CC=C1C[C@@H](C(=O)O)N)O
C18n_QI65__taurocholate,FZLMIZAHBFKTSH-IECFWMJSSA-N,C[C@H](CCC(=O)NCCOS(=O)(=O)O)[C@H]1CC[C@@H]2[C@@]1([C@H](C[C@H]3C2[C@@H](C[C@H]4[C@@]3(CC[C@H](C4)O)C)O)O)C
HILp_QI3107__hippurate,QIAFMBKCNZACKA-UHFFFAOYSA-N,C1=CC=C(C=C1)C(=O)NCC(=O)O
HILn_QI91__nicotinate,PVNIIMVLHYAWGP-UHFFFAOYSA-N,C1=CC(=CN=C1)C(=O)O
HILp_QI9662__quinine,LOUPRKONTZGTKE-VOMFEXJBSA-N,COC1=CC2=C(C=CN=C2C=C1)[C@H]([C@@H]3CC4CCN3C[C@@H]4C=C)O
HILp_QI19549__bilirubin,BPYKTIZUTYGOLE-IFADSCNNSA-N,CC1=C(NC(=C1CCC(=O)O)CC2=C(C(=C(N2)/C=C\3/C(=C(C(=O)N3)C)C=C)C)CCC(=O)O)/C=C\4/C(=C(C(=O)N4)C=C)C
HILn_QI22769__valerate/isovalerate,NQPDZGIKBAWPEJ-UHFFFAOYSA-N,CCCCC(=O)O
C8p_QI09__C20:4 LPC,,
HILn_QI53__fructose/glucose/galactose,WQZGKKKJIJFFOK-VFUOTHLCSA-N,C([C@@H]1[C@H]([C@@H]([C@H]([C@@H](O1)O)O)O)O)O
C8p_QI141__NH4_C48:3 TAG,,
C8p_QI184__C53:3 TAG,,
HILn_QI112__sorbitol,FBPFZTCFMRRESA-JGWLITMVSA-N,C([C@H]([C@H]([C@@H]([C@H](CO)O)O)O)O)O
HILp_TF22__N-acetylglutamine,,
C18n_QI17__myristoleate,YWWVWXASSLXJHU-WAYWQWQTSA-N,CCCC/C=C\CCCCCCCC(=O)O
HILn_QI71__hydrocinnamate,XMIIGOLPHOKFCH-UHFFFAOYSA-N,C1=CC=C(C=C1)CCC(=O)O
C8p_QI157__C50:1 TAG,,
C8p_QI111__NH4_C36:2 DAG,,
HILp_QI484__histamine,NTYJJOPFIAHURM-UHFFFAOYSA-N,C1=C(NC=N1)CCN
HILp_TF35__C18:0 LPE-B,,
HILp_QI3549__N1-acetylspermidine,MQTAVJHICJWXBR-UHFFFAOYSA-N,CC(=O)NCCCNCCCCN
C8p_QI37__C34:2 PC plasmalogen,,
HILp_QI892__1-methylhistamine,FHQDWPCFSJMNCT-UHFFFAOYSA-N,CN1C=C(N=C1)CCN
C8p_QI203__C56:4 TAG,,
HILp_QI11143__C14:1 carnitine,,
C8p_QI166__NH4_C51:1 TAG,,
C8p_QI155__C50:2 TAG,,
HILp_QI4793__N-alpha-acetylarginine,,
C8p_QI51__C22:0 Ceramide (d18:1),,
C8p_QI71__NH4_C18:2 CE,,
HILn_QI23__adenine,GFFGJBXGBJISGV-UHFFFAOYSA-N,C1=NC2=NC=NC(=C2N1)N
HILn_QI48__docosapentaenoate,,
HILn_QI50__eicosapentaenoate,JAZBEHYOTPTENJ-JLNKQSITSA-N,CC/C=C\C/C=C\C/C=C\C/C=C\C/C=C\CCCC(=O)O
C8p_QI173__NH4_C52:5 TAG,,
C8p_QI02__C14:0 LPC,,
HILn_TF16__suberate,TYFQFVWCELRYAO-UHFFFAOYSA-N,C(CCCC(=O)O)CCC(=O)O
HILp_TF37__beta-alanine,UCMIRNVEIXFBKS-UHFFFAOYSA-N,C(CN)C(=O)O
C18n_QI27__linoleate,OYHQOLUKZRVURQ-HZJYTTRNSA-N,CCCCC/C=C\C/C=C\CCCCCCCC(=O)O
HILn_TF12__N6-acetyllysine,DTERQYGMUDWYAZ-ZETCQYMHSA-N,CC(=O)NCCCC[C@@H](C(=O)O)N
HILn_TF14__pentose monophosphate,BGWGXPAPYGQALX-VRPWFDPXSA-N,C([C@@H]1[C@H]([C@@H](C(O1)(CO)O)O)O)OP(=O)(O)O
C18n_TF1__2-hydroxyoctanoate,,
C8p_QI118__C38:5 DAG,,
C8p_QI175__NH4_C52:4 TAG,,
HILp_QI10330__C12 carnitine,,
HILp_QI13219__C20 carnitine,,
C8p_QI89__C16:1 MAG,,
C18n_QI90__acesulfame,,
HILn_QI61__glycerate,RBNPOMFGQQGHHO-UWTATZPHSA-N,C([C@H](C(=O)O)O)O
C8p_QI179__NH4_C52:2 TAG,,
HILp_QI522__creatinine,DDRJAANPRJIHGJ-UHFFFAOYSA-N,CN1CC(=O)N=C1N
C18n_QI55__glycolithocholate,XBSQTYHEGZTYJE-OETIFKLTSA-N,C[C@H](CCC(=O)NCC(=O)O)[C@H]1CC[C@@H]2[C@@]1(CC[C@H]3[C@H]2CC[C@H]4[C@@]3(CC[C@H](C4)O)C)C
C18n_QI19__hydroxymyristate,,
HILp_QI15155__C18:1 LPC,,
HILp_QI1890__methionine,FFEARJCKVFRZRR-BYPYZUCNSA-N,CSCC[C@@H](C(=O)O)N
C18n_QI57__glycodeoxycholate,WVULKSPCQVQLCU-BUXLTGKBSA-N,C[C@H](CCC(=O)NCC(=O)O)[C@H]1CC[C@@H]2[C@@]1([C@H](C[C@H]3[C@H]2CC[C@H]4[C@@]3(CC[C@H](C4)O)C)O)C
C8p_QI144__C48:1 TAG,,
HILp_QI7976__piperine,MXXWOMGUGJBKIW-YPCIICBESA-N,C1CCN(CC1)C(=O)/C=C/C=C/C2=CC3=C(C=C2)OCO3
C8p_QI159__C50:0 TAG,,
C8p_QI64__C16:1 CE,,
HILp_QI4902__pantothenate,GHOKWGTUZJEAQD-ZETCQYMHSA-N,CC(C)(CO)[C@H](C(=O)NCCC(=O)O)O
HILp_QI352__serine,MTCFGRXMJLQNBG-REOHCLBHSA-N,C([C@@H](C(=O)O)N)O
HILn_QI5__2-hydroxy-3-methylbutyrate,,
C8p_QI169__C52:7 TAG,,
C8p_QI183__NH4_C52:0 TAG,,
HILn_QI32__aspartate,CKLJMWTZIZZHCS-REOHCLBHSA-N,C([C@@H](C(=O)O)N)C(=O)O
C8p_QI10__C20:3 LPC,,
C8p_QI127__C44:0 TAG,,
C8p_QI43__C38:4 PC plasmalogen,,
HILn_QI70__hydrochlorothiazide,JZUFKLXOESDKRF-UHFFFAOYSA-N,C1NC2=CC(=C(C=C2S(=O)(=O)N1)S(=O)(=O)N)Cl
HILp_QI1127__alloisoleucine,,
HILn_QI125__UMP,DJJCXFVJDGTHFX-XVFCMESISA-N,C1=CN(C(=O)NC1=O)[C@H]2[C@@H]([C@@H]([C@H](O2)COP(=O)(O)O)O)O
C8p_QI86__C22:4 CE,,
HILn_QI31__asparagine,DCXYFEDJOCDNAF-REOHCLBHSA-N,C([C@@H](C(=O)O)N)C(=O)N
HILp_QI473__cytosine,OPTASPLRGRRNAP-UHFFFAOYSA-N,C1=C(NC(=O)N=C1)N
C8p_QI30__C36:2 PC,,
C18n_QI37__eicosadienoate,XSXIVVZCUAHUJO-HZJYTTRNSA-N,CCCCC/C=C\C/C=C\CCCCCCCCCC(=O)O
HILp_QI13155__C16:0 LPE,,
C8p_QI163__C51:2 TAG,,
C8p_QI46__sphingosine,WWUZIQQURGPMPG-KRWOKUGFSA-N,CCCCCCCCCCCCC/C=C/[C@H]([C@H](CO)N)O
HILp_TF34__5-aminolevulinic acid,ZGXJTSGNIOSYLO-UHFFFAOYSA-N,C(CC(=O)O)C(=O)CN
HILp_QI163__putrescine,KIDHWZJUCRJVML-UHFFFAOYSA-N,C(CCN)CN
HILp_QI1320__1-methylnicotinamide,LDHMAVIPBRSVRG-UHFFFAOYSA-O,C[N+]1=CC=CC(=C1)C(=O)N
C8p_QI190__NH4_C54:5 TAG,,
C8p_QI115__NH4_C36:0 DAG,,
C18n_QI28__oleate,ZQPPMHVWECSIRJ-KTKRTIGZSA-N,CCCCCCCC/C=C\CCCCCCCC(=O)O
HILp_QI12494__C18:1 carnitine,,
C8p_QI210__NH4_C56:1 TAG,,
HILp_TF15__pyridoxine,LXNHXLLTXMVWPM-UHFFFAOYSA-N,CC1=NC=C(C(=C1O)CO)CO
HILn_QI119__tetrahydro-1-methyl-beta-carboline-3-carboxylate,,
HILp_QI8054__diacetylspermine,NPDTUDWGJMBVEP-UHFFFAOYSA-N,CC(=O)NCCCNCCCCNCCCNC(=O)C
C18n_QI45__eicosanedioate,,
HILp_QI10949__cortisol,JYGXADMDTFJGBT-VWUMJDOOSA-N,C[C@]12CCC(=O)C=C1CC[C@@H]3[C@@H]2[C@H](C[C@]4([C@H]3CC[C@@]4(C(=O)CO)O)C)O
HILp_QI1810__glutamate,WHUUTDBJXJRKMK-VKHMYHEASA-N,C(CC(=O)O)[C@@H](C(=O)O)N
HILn_QI82__lithocholate,SMEROWZSTRWXGI-HVATVPOCSA-N,C[C@H](CCC(=O)O)[C@H]1CC[C@@H]2[C@@]1(CC[C@H]3[C@H]2CC[C@H]4[C@@]3(CC[C@H](C4)O)C)C
HILp_QI715__trimethylbenzene,GWHJZXXIDMPWGX-UHFFFAOYSA-N,CC1=CC(=C(C=C1)C)C
C18n_QI73__olmesartan,,
HILp_TF36__alanylalanine,DEFJQIDDEAULHB-SYPWQXSBSA-N,C[C@H](C(=O)NC(C)C(=O)O)N
HILp_TF8__3'-O-methyladenosine,,
HILn_QI38__caprylate,WWZKQHOCKIZLMA-UHFFFAOYSA-N,CCCCCCCC(=O)O
HILn_QI14__4-hydroxybenzeneacetonitrile,AYKYOOPFBCOXSL-UHFFFAOYSA-N,C1=CC(=CC=C1CC#N)O
HILp_QI2598__methionine sulfoxide,QEFRNWWLZKMPFJ-YGVKFDHGSA-N,CS(=O)CC[C@@H](C(=O)O)N
HILn_QI66__guanosine,NYHBQMYGNKIUIF-UUOKFMHZSA-N,C1=NC2=C(N1[C@H]3[C@@H]([C@@H]([C@H](O3)CO)O)O)NC(=NC2=O)N
C8p_QI110__C36:2 DAG,,
HILp_QI1038__N-methylproline,,
C18n_QI46__oleanate,MIJYXULNPSFWEK-GTOFXWBISA-N,C[C@]12CC[C@@H](C([C@@H]1CC[C@@]3([C@@H]2CC=C4[C@]3(CC[C@@]5([C@H]4CC(CC5)(C)C)C(=O)O)C)C)(C)C)O
HILn_QI124__tyrosine,OUYCCCASQSFEME-QMMMGPOBSA-N,C1=CC(=CC=C1C[C@@H](C(=O)O)N)O
HILp_QI3939__N-acetylhistidine,KBOJOGQFRVVWBH-ZETCQYMHSA-N,CC(=O)N[C@@H](CC1=CN=CN1)C(=O)O
C18n_QI48__lithocholate,SMEROWZSTRWXGI-HVATVPOCSA-N,C[C@H](CCC(=O)O)[C@H]1CC[C@@H]2[C@@]1(CC[C@H]3[C@H]2CC[C@H]4[C@@]3(CC[C@H](C4)O)C)C
HILn_QI90__N-acetylglutamate,RFMMMVDNIPUKGG-YFKPBYRVSA-N,CC(=O)N[C@@H](CCC(=O)O)C(=O)O
HILn_QI40__cholate,BHQCQFFYRZLCQQ-OELDTZBJSA-N,C[C@H](CCC(=O)O)[C@H]1CC[C@@H]2[C@@]1([C@H](C[C@H]3[C@H]2[C@@H](C[C@H]4[C@@]3(CC[C@H](C4)O)C)O)O)C
HILn_QI99__phenylalanine,RKUNBYITZUJHSG-SPUOUPEWSA-N,
C18n_QI78__acetytyrosine,SKAWDTAMLOJQNK-LBPRGKRZSA-N,CCOC(=O)[C@H](CC1=CC=C(C=C1)O)NC(=O)C
C8p_QI129__C45:0 TAG,,
HILn_QI72__hypoxanthine,FDGQSTZJBFJUBT-UHFFFAOYSA-N,C1=NC2=C(N1)C(=O)N=CN2
C8p_QI96__C32:2 DAG,,
C8p_QI82__C22:6 CE,,
HILp_QI2466__carnitine,PHIQHXFUZVPYII-ZCFIWIBFSA-N,C[N+](C)(C)C[C@@H](CC(=O)[O-])O
HILp_QI2994__N-acetylaspartic acid,OTCCIMWXFLJLIA-BYPYZUCNSA-N,CC(=O)N[C@@H](CC(=O)O)C(=O)O
HILp_TF27__N-acetylhistamine,XJWPISBUKWZALE-UHFFFAOYSA-N,CC(=O)NCCC1=CN=CN1
HILn_QI114__succinate,KDYFGRWQOYBRFD-UHFFFAOYSA-N,C(CC(=O)O)C(=O)O
C8p_QI192__NH4_C54:4 TAG,,
C8p_QI15__C18:1 LPE,,
C18n_QI08__caproate,FUZZWVXGSFPDMH-UHFFFAOYSA-N,CCCCCC(=O)O
HILn_QI41__cinnamoylglycine,,
C8p_QI57__C18:0 SM,,
C8p_QI65__NH4_C16:1 CE,,
HILp_QI1110__creatine,CVSVTCORWBXHQV-UHFFFAOYSA-N,CN(CC(=O)O)C(=N)N
