Names,inchikey,smiles
1-palmitoyl-GPC (16:0),ASWBNKHCZGQVJV-UHFFFAOYSA-N,CCCCCCCCCCCCCCCC(=O)OCC(COP(=O)([O-])OCC[N+](C)(C)C)O
palmitoyl ethanolamide,HXYVTAGFYLMHSO-UHFFFAOYSA-N,CCCCCCCCCCCCCCCC(=O)NCCO
21-hydroxypregnenolone disulfate,CBOVWLYQUCVTFA-WPWXJNKXSA-N,C[C@]12CC[C@H]3[C@H]([C@@H]1CC[C@@H]2C(=O)COS(=O)(=O)O)CC=C4[C@@]3(CC[C@@H](C4)OS(=O)(=O)O)C
putrescine,KIDHWZJUCRJVML-UHFFFAOYSA-N,C(CCN)CN
narirutin,HXTFHSYLYXVTHC-AJHDJQPGSA-N,C[C@H]1[C@@H]([C@H]([C@H]([C@@H](O1)OC[C@@H]2[C@H]([C@@H]([C@H]([C@@H](O2)OC3=CC(=C4C(=O)C[C@H](OC4=C3)C5=CC=C(C=C5)O)O)O)O)O)O)O)O
amlodipine,HTIQEAQVCYTUBX-UHFFFAOYSA-N,CCOC(=O)C1=C(NC(=C(C1C2=CC=CC=C2Cl)C(=O)OC)C)COCCN
linolenate (18:3n3 or 3n6),DTOSIQBPPRVQHS-PDBXOOCHSA-N,CC/C=C\C/C=C\C/C=C\CCCCCCCC(=O)O
diosmin,GZSOSUNBTXMUFQ-IQFYTUTQSA-N,C[C@@H]1[C@H]([C@@H]([C@@H]([C@H](O1)OC[C@@H]2[C@H]([C@@H]([C@H]([C@@H](O2)OC3=CC(=C4C(=C3)OC(=CC4=O)C5=CC(=C(C=C5)OC)O)O)O)O)O)O)O)O
atorvastatin lactone,OUCSEDFVYPBLLF-KAYWLYCHSA-N,CC(C)C1=C(C(=C(N1CC[C@@H]2C[C@H](CC(=O)O2)O)C3=CC=C(C=C3)F)C4=CC=CC=C4)C(=O)NC5=CC=CC=C5
2-hydroxynervonate*,UFOOFOUFKSIFCD-KTKRTIGZSA-N,CCCCCCCC/C=C\CCCCCCCCCCCCC(C(=O)O)O
3-formylindole,OLNJUISKUQQNIM-UHFFFAOYSA-N,C1=CC=C2C(=C1)C(=CN2)C=O
margarate (17:0),KEMQGTRYUADPNZ-UHFFFAOYSA-N,CCCCCCCCCCCCCCCCC(=O)O
tartarate,FEWJPZIEWOKRBE-JCYAYHJZSA-N,[C@@H]([C@H](C(=O)O)O)(C(=O)O)O
1-linoleoyl-GPE (18:2)*,DBHKHNGBVGWQJE-USWSLJGRSA-N,CCCCC/C=C\C/C=C\CCCCCCCC(=O)OC[C@H](COP(=O)(O)OCCN)O
glycyrrhetinate,MPDGHEJMBKOTSU-WFJWTYAKSA-N,C[C@]12CC[C@](CC1C3=CC(=O)C4[C@]5(CC[C@@H](C(C5CC[C@]4([C@@]3(CC2)C)C)(C)C)O)C)(C)C(=O)O
7-methylguanine,FZWGECJQACGGTI-UHFFFAOYSA-N,CN1C=NC2=C1C(=O)N=C(N2)N
3-(cystein-S-yl)acetaminophen*,LLHICPSCVFRWDT-UHFFFAOYSA-N,CC(=O)NC1=CC(=C(C=C1)O)SCC(C(=O)O)N
"5alpha-androstan-3beta,17beta-diol disulfate",CBMYJHIOYJEBSB-YSZCXEEOSA-N,C[C@]12CC[C@@H](C[C@@H]1CC[C@@H]3[C@@H]2CC[C@]4([C@H]3CC[C@@H]4O)C)O
anserine,MYYIAHXIVFADCU-QMMMGPOBSA-N,CN1C=NC=C1C[C@@H](C(=O)O)NC(=O)CCN
CMP,IERHLVCPSMICTF-XVFCMESISA-N,C1=CN(C(=O)N=C1N)[C@H]2[C@@H]([C@@H]([C@H](O2)COP(=O)(O)O)O)O
mevalonate,KJTLQQUUPVSXIM-ZCFIWIBFSA-N,C[C@@](CCO)(CC(=O)O)O
"7,12-diketolithocholate",MAFJMPFLJJCSTB-FQBQTYDJSA-N,C[C@H](CCC(=O)O)[C@H]1CC[C@@H]2[C@@]1(C(=O)C[C@H]3[C@H]2C(=O)C[C@H]4[C@@]3(CC[C@H](C4)O)C)C
N-palmitoyl-phytosphingosine (t18:0/16:0),IVBULNXGVIHEKN-MVIDNBQJSA-N,CCCCCCCCCCCCCCCC(=O)N[C@@H](CO)[C@@H]([C@@H](CCCCCCCCCCCCCC)O)O
nicotinate,PVNIIMVLHYAWGP-UHFFFAOYSA-N,C1=CC(=CN=C1)C(=O)O
N-delta-acetylornithine,SRXKAYJJGAAOBP-UHFFFAOYSA-N,CC(=O)NCCCC(C(=O)O)N
guanidinoacetate,BPMFZUMJYQTVII-UHFFFAOYSA-N,C(C(=O)O)N=C(N)N
coprostanol,QYIXCDOBOSTCEI-NWKZBHTNSA-N,C[C@H](CCCC(C)C)[C@H]1CC[C@@H]2[C@@]1(CC[C@H]3[C@H]2CC[C@H]4[C@@]3(CC[C@@H](C4)O)C)C
O-desmethylvenlafaxine,KYYIDSXMWOZKMP-UHFFFAOYSA-N,CN(C)CC(C1=CC=C(C=C1)O)C2(CCCCC2)O
mannose,WQZGKKKJIJFFOK-QTVWNMPRSA-N,C([C@@H]1[C@H]([C@@H]([C@@H](C(O1)O)O)O)O)O
harmane,PSFDQSOCUJVVGF-UHFFFAOYSA-N,CC1=NC=CC2=C1NC3=CC=CC=C23
2-acetamidobutanoate,WZVZUKROCHDMDT-UHFFFAOYSA-N,CCC(C(=O)O)NC(=O)C
N-oleoyl-sphingosine (d18:1/18:1)*,OBFSLMQLPNKVRW-RHPAUOISSA-N,CCCCCCCCCCCCC/C=C/[C@H]([C@H](CO)NC(=O)CCCCCCC/C=C\CCCCCCCC)O
1-stearoyl-GPE (18:0),BBYWOYAFBUOUFP-JOCHJYFZSA-N,CCCCCCCCCCCCCCCCCC(=O)OC[C@H](COP(=O)(O)OCCN)O
tetradecanedioate (C14),HQHCYKULIHKCEB-UHFFFAOYSA-N,C(CCCCCCC(=O)O)CCCCCC(=O)O
gamma-glutamylisoleucine*,SNCKGJWJABDZHI-UHFFFAOYSA-N,CCC(C)C(C(=O)O)NC(=O)CCC(C(=O)O)N
2-hydroxyadipate,OTTXIFWBPRRYOG-UHFFFAOYSA-N,C(CC(C(=O)O)O)CC(=O)O
N-acetylglutamate,RFMMMVDNIPUKGG-YFKPBYRVSA-N,CC(=O)N[C@@H](CCC(=O)O)C(=O)O
trans-urocanate,LOIYMIARKYCTBW-OWOJBTEDSA-N,C1=C(NC=N1)/C=C/C(=O)O
"5,6-dihydrothymine",NBAKTGXDIBVZOO-UHFFFAOYSA-N,CC1CNC(=O)NC1=O
dopamine 3-O-sulfate,NZKRYJGNYPYXJZ-UHFFFAOYSA-N,C1=CC(=C(C=C1CCN)OS(=O)(=O)O)O
3-hydroxydodecanedioate*,FYVQCLGZFXHEGL-UHFFFAOYSA-N,C(CCCCC(=O)O)CCCC(CC(=O)O)O
N-palmitoylglycine,KVTFEOAKFFQCCX-UHFFFAOYSA-N,CCCCCCCCCCCCCCCC(=O)NCC(=O)O
tyramine O-sulfate,DYDUXGMDSXJQFT-UHFFFAOYSA-N,C1=CC(=CC=C1CCN)OS(=O)(=O)O
10-undecenoate (11:1n1),FRPZMMHWLSIFAZ-UHFFFAOYSA-M,C=CCCCCCCCCC(=O)[O-]
N-acetylneuraminate,SQVRNKJHWKZAKO-LUWBGTNYSA-N,CC(=O)N[C@@H]1[C@H](CC(O[C@H]1[C@@H]([C@@H](CO)O)O)(C(=O)O)O)O
gamma-glutamyltyrosine,VVLXCWVSSLFQDS-QWRGUYRKSA-N,C1=CC(=CC=C1C[C@@H](C(=O)O)NC(=O)CC[C@@H](C(=O)O)N)O
indoleacrylate,SXOUIMVOMIGLHO-AATRIKPKSA-N,C1=CC=C2C(=C1)C=C(N2)/C=C/C(=O)O
naringenin,FTVWIRXFELQLPI-UHFFFAOYSA-N,C1C(OC2=CC(=CC(=C2C1=O)O)O)C3=CC=C(C=C3)O
4-hydroxyphenylacetate,XQXPVVBIMDBYFF-UHFFFAOYSA-N,C1=CC(=CC=C1CC(=O)O)O
2-aminoadipate,OYIFNHCXNCRBQI-UHFFFAOYSA-N,C(CC(C(=O)O)N)CC(=O)O
taurochenodeoxycholic acid 3-sulfate,IJHJZQKOSUFQCX-WZJRQFJBSA-N,C[C@H](CCC(=O)NCCS(=O)(=O)O)[C@H]1CC[C@@H]2[C@@]1([C@@H](C[C@H]3[C@H]2[C@@H](C[C@H]4[C@@]3(CC[C@H](C4)S(=O)(=O)O)C)O)O)C
"N2,N2-dimethylguanine",XMSMHKMPBNTBOD-UHFFFAOYSA-N,CN(C)C1=NC(=O)C2=C(N1)N=CN2
3-hydroxyhippurate,XDOFWFNMYJRHEW-UHFFFAOYSA-N,C1=CC(=CC(=C1)O)C(=O)NCC(=O)O
apiin,NTDLXWMIWOECHG-MFMSCHSJSA-N,C1[C@@]([C@@H]([C@@H](O1)O[C@@H]2[C@H]([C@@H]([C@H](O[C@H]2OC3=CC(=C4C(=C3)OC(=CC4=O)C5=CC=C(C=C5)O)O)CO)O)O)O)(CO)O
caprylate (8:0),WWZKQHOCKIZLMA-UHFFFAOYSA-N,CCCCCCCC(=O)O
equol,ADFCQWZHKCXPAJ-GFCCVEGCSA-N,C1[C@H](COC2=C1C=CC(=C2)O)C3=CC=C(C=C3)O
citrulline,RHGKLRLOHDJJDR-BYPYZUCNSA-N,C(C[C@@H](C(=O)O)N)CNC(=O)N
N-carboxymethylalanine,XYUPSBLFPTWJLC-UHFFFAOYSA-N,CC(C(=O)O)NCC(=O)O
glycolithocholate sulfate*,FHXBAFXQVZOILS-OETIFKLTSA-N,C[C@H](CCC(=O)NCC(=O)O)[C@H]1CC[C@@H]2[C@@]1(CC[C@H]3[C@H]2CC[C@H]4[C@@]3(CC[C@H](C4)OS(=O)(=O)O)C)C
"sphingomyelin (d18:2/24:1, d18:1/24:2)*",TXFLWJQVQCDUDZ-BRUGZULGSA-N,CCCCCCCC/C=C\CCCCCCCCCCCCCC(=O)N[C@@H](COP(=O)([O-])OCC[N+](C)(C)C)[C@@H](/C=C/CCCCCCCC/C=C\CCC)O
3-hydroxybutyrate (BHBA),WHBMMWSBFZVSSR-UHFFFAOYSA-N,CC(CC(=O)O)O
2-stearoyl-GPE (18:0)*,KIHAGWUUUHJRMS-JOCHJYFZSA-N,CCCCCCCCCCCCCCCCCC(=O)O[C@H](CO)COP(=O)(O)OCCN
azelate (C9-DC),BDJRBEYXGGNYIS-UHFFFAOYSA-N,C(CCCC(=O)O)CCCC(=O)O
N-acetyl-2-aminooctanoate*,JJGNMSOJTSABGA-UHFFFAOYSA-N,CCCCCCC(C(=O)O)NC(=O)C
paraxanthine,QUNWUDVFRNGTCO-UHFFFAOYSA-N,CN1C=NC2=C1C(=O)N(C(=O)N2)C
"2,4-dihydroxybutyrate",UFYGCFHQAXXBCF-UHFFFAOYSA-N,C(CO)C(C(=O)O)O
carnitine,PHIQHXFUZVPYII-ZCFIWIBFSA-N,C[N+](C)(C)C[C@@H](CC(=O)[O-])O
3-hydroxystearate,POMQYTSPMKEQNB-UHFFFAOYSA-N,CCCCCCCCCCCCCCCC(CC(=O)O)O
1-oleoylglycerophosphate (18:1),WRGQSWVCFNIUNZ-KTKRTIGZSA-N,CCCCCCCC/C=C\CCCCCCCC(=O)OCC(COP(=O)(O)O)O
lisinopril,RLAWWYSOJDYHDC-UHFFFAOYSA-N,C1CC(N(C1)C(=O)C(CCCCN)NC(CCC2=CC=CC=C2)C(=O)O)C(=O)O
linoleate (18:2n6),OYHQOLUKZRVURQ-HZJYTTRNSA-N,CCCCC/C=C\C/C=C\CCCCCCCC(=O)O
palmitoylcarnitine (C16),XOMRRQXKHMYMOC-UHFFFAOYSA-N,CCCCCCCCCCCCCCCC(=O)OC(CC(=O)[O-])C[N+](C)(C)C
2-hydroxy-3-methylvalerate,RILPIWOPNGRASR-UHFFFAOYSA-N,CCC(C)C(C(=O)O)O
urate,LEHOTFFKMJEONL-UHFFFAOYSA-N,C12=C(NC(=O)N1)NC(=O)NC2=O
3-hydroxyisobutyrate,DBXBTMSZEOQQDU-UHFFFAOYSA-N,CC(CO)C(=O)O
"N-[3',4'-dihydroxy-(E)-cinnamoyl]-L-tyrosine",JRXLVUMFJASLDR-PXYYCUNGSA-N,C1=CC(=CC=C1C[C@@H](C(=O)O)NC(=O)/C=C/C2=CC(=C(C=C2)O)O)O
1-stearoyl-2-arachidonoyl-GPC (18:0/20:4),PSVRFUPOQYJOOZ-QNPWAGBNSA-N,CCCCCCCCCCCCCCCCCC(=O)OC[C@H](COP(=O)([O-])OCC[N+](C)(C)C)OC(=O)CCC/C=C\C/C=C\C/C=C\C/C=C\CCCCC
bufotenine,VTTONGPRPXSUTJ-UHFFFAOYSA-N,CN(C)CCC1=CNC2=C1C=C(C=C2)O
3-hydroxybenzoate,IJFXRHURBJZNAO-UHFFFAOYSA-N,C1=CC(=CC(=C1)O)C(=O)O
ergosterol,DNVPQKQSNYMLRS-APGDWVJJSA-N,C[C@H](/C=C/[C@H](C)C(C)C)[C@H]1CC[C@@H]2[C@@]1(CC[C@H]3C2=CC=C4[C@@]3(CC[C@@H](C4)O)C)C
1-methylhistamine,FHQDWPCFSJMNCT-UHFFFAOYSA-N,CN1C=C(N=C1)CCN
sphingosine,WWUZIQQURGPMPG-CCEZHUSRSA-N,CCCCCCCCCCCCC/C=C/C(C(CO)N)O
gamma-glutamylthreonine,GWNXFCYUJXASDX-UHFFFAOYSA-N,CC(C(C(=O)O)NC(=O)CCC(C(=O)O)N)O
estrone 3-sulfate,JKKFKPJIXZFSSB-CBZIJGRNSA-N,C[C@]12CC[C@H]3[C@H]([C@@H]1CCC2=O)CCC4=C3C=CC(=C4)OS(=O)(=O)O
metoprolol acid metabolite*,PUQIRTNPJRFRCZ-UHFFFAOYSA-N,CC(C)NCC(COC1=CC=C(C=C1)CC(=O)O)O
valine,KZSNJWFQEVHDMF-BYPYZUCNSA-N,CC(C)[C@@H](C(=O)O)N
nicotianamine,KRGPXXHMOXVMMM-CIUDSAMLSA-N,C1CN([C@@H]1C(=O)O)CC[C@@H](C(=O)O)NCC[C@@H](C(=O)O)N
"uridine-2',3'-cyclic monophosphate",HWDMHJDYMFRXOX-XVFCMESISA-N,C1=CN(C(=O)NC1=O)[C@H]2[C@H]3[C@@H]([C@H](O2)CO)OP(=O)(O3)O
adrenate (22:4n6),TWSWSIQAPQLDBP-DOFZRALJSA-N,CCCCC/C=C\C/C=C\C/C=C\C/C=C\CCCCCC(=O)O
4-hydroxybenzoate,FJKROLUGYXJWQN-UHFFFAOYSA-N,C1=CC(=CC=C1C(=O)O)O
hexanoylcarnitine (C6),VVPRQWTYSNDTEA-UHFFFAOYSA-N,CCCCCC(=O)OC(CC(=O)[O-])C[N+](C)(C)C
3-hydroxyphenylacetate,FVMDYYGIDFPZAX-UHFFFAOYSA-N,C1=CC(=CC(=C1)O)CC(=O)O
histamine,NTYJJOPFIAHURM-UHFFFAOYSA-N,C1=C(NC=N1)CCN
umbelliferone,ORHBXUUXSCNDEV-UHFFFAOYSA-N,C1=CC(=CC2=C1C=CC(=O)O2)O
"N1,N12-diacetylspermine",NPDTUDWGJMBVEP-UHFFFAOYSA-N,CC(=O)NCCCNCCCCNCCCNC(=O)C
limonin,KBDSLGBFQAGHBE-MSGMIQHVSA-N,C[C@@]12CC[C@H]3[C@]([C@@]14[C@H](O4)C(=O)O[C@H]2C5=COC=C5)(C(=O)C[C@@H]6[C@@]37COC(=O)C[C@@H]7OC6(C)C)C
N-desmethyl rosuvastatin,DJUKMHIJCDJSIJ-GUFYHEMZSA-N,CC(C)C1=NC(=NC(=C1/C=C/[C@H](C[C@H](CC(=O)O)O)O)C2=CC=C(C=C2)F)NS(=O)(=O)C
gamma-glutamylleucine,MYFMARDICOWMQP-YUMQZZPRSA-N,CC(C)C[C@@H](C(=O)O)NC(=O)CC[C@@H](C(=O)O)N
stearidonate (18:4n3),JIWBIWFOSCKQMA-LTKCOYKYSA-N,CC/C=C\C/C=C\C/C=C\C/C=C\CCCCC(=O)O
quinine,LOUPRKONTZGTKE-WGFDLZGGSA-N,COC1=CC2=C(C=CN=C2C=C1)[C@H](C3CC4CCN3CC4C=C)O
"1,7-dimethylurate",NOFNCLGCUJJPKU-UHFFFAOYSA-N,CN1C2=C(NC1=O)NC(=O)N(C2=O)C
meglumine,MBBZMMPHUWSWHV-UHFFFAOYSA-N,CNCC(C(C(C(CO)O)O)O)O
2-oxindole-3-acetate,ILGMGHZPXRDCCS-UHFFFAOYSA-N,C1=CC=C2C(=C1)C(C(=O)N2)CC(=O)O
phenylpropionylglycine,YEIQSAXUPKPPBN-UHFFFAOYSA-N,C1=CC=C(C=C1)CCC(=O)NCC(=O)O
o-hydroxyatorvastatin,CZBPKFICAYVHHM-JWQCQUIFSA-N,CC(C)C1=C(C(=C(N1CC[C@H](C[C@H](CC(=O)O)O)O)C2=CC=C(C=C2)F)C3=CC=CC=C3)C(=O)NC4=CC=CC=C4O
N-acetylleucine,WXNXCEHXYPACJF-ZETCQYMHSA-N,CC(C)C[C@@H](C(=O)O)NC(=O)C
isovalerylglycine,ZRQXMKMBBMNNQC-UHFFFAOYSA-N,CC(C)CC(=O)NCC(=O)O
1-linoleoyl-digalactosylglycerol (18:2)*,UHISGSDYAIIBMO-OCOVFIGMSA-N,CCCCC/C=C\C/C=C\CCCCCCCC(=O)OCC(CO[C@H]1[C@@H]([C@H]([C@H]([C@H](O1)CO[C@@H]2[C@@H]([C@H]([C@H]([C@H](O2)CO)O)O)O)O)O)O)O
diphenoxylate,HYPPXZBJBPSRLK-UHFFFAOYSA-N,CCOC(=O)C1(CCN(CC1)CCC(C#N)(C2=CC=CC=C2)C3=CC=CC=C3)C4=CC=CC=C4
O-acetylhomoserine,FCXZBWSIAGGPCB-YFKPBYRVSA-N,CC(=O)OCC[C@@H](C(=O)O)N
erythritol,UNXHWFMMPAWVPI-ZXZARUISSA-N,C([C@H]([C@H](CO)O)O)O
tryptophan betaine,AOHCBEAZXHZMOR-ZDUSSCGKSA-N,C[N+](C)(C)[C@@H](CC1=CNC2=CC=CC=C21)C(=O)[O-]
homocitrulline,XIGSAGMEBXLVJJ-YFKPBYRVSA-N,C(CCNC(=O)N)C[C@@H](C(=O)O)N
3-hydroxy-3-methylglutarate,NPOAOTPXWNWTSH-UHFFFAOYSA-N,CC(CC(=O)O)(CC(=O)O)O
1-palmitoyl-2-oleoyl-GPC (16:0/18:1),WTJKGGKOPKCXLL-MRCUWXFGSA-N,CCCCCCCCCCCCCCCC(=O)OCC(COP(=O)([O-])OCC[N+](C)(C)C)OC(=O)CCCCCCC/C=C\CCCCCCCC
2-hydroxyarachidate*,CPLYLXYEVLGWFJ-UHFFFAOYSA-N,CCCCCCCCCCCCCCCCCCC(C(=O)O)O
S-carboxymethyl-L-cysteine,GBFLZEXEOZUWRN-UHFFFAOYSA-N,C(C(C(=O)O)N)SCC(=O)O
"1,3,7-trimethylurate",BYXCFUMGEBZDDI-UHFFFAOYSA-N,CN1C2=C(NC1=O)N(C(=O)N(C2=O)C)C
N-acetylputrescine,KLZGKIDSEJWEDW-UHFFFAOYSA-N,CC(=O)NCCCCN
histidylalanine,FRJIAZKQGSCKPQ-UHFFFAOYSA-N,CC(C(=O)O)NC(=O)C(CC1=CN=CN1)N
dehydrocholic acid,OHXPGWPVLFPUSM-KLRNGDHRSA-N,C[C@H](CCC(=O)O)[C@H]1CC[C@@H]2[C@@]1(C(=O)C[C@H]3[C@H]2C(=O)C[C@H]4[C@@]3(CCC(=O)C4)C)C
daidzein,ZQSIJRDFPHDXIC-UHFFFAOYSA-N,C1=CC(=CC=C1C2=COC3=C(C2=O)C=CC(=C3)O)O
2-acetolactate,NMDWGEGFJUBKLB-UHFFFAOYSA-N,CC(=O)C(C)(C(=O)O)O
N-acetylmethionine sulfoxide,NPIMMZJBURSMON-UHFFFAOYSA-N,CC(=O)NC(CCS(=O)C)C(=O)O
1-linoleoyl-GPC (18:2),SPJFYYJXNPEZDW-UTJQPWESSA-N,CCCCC/C=C\C/C=C\CCCCCCCC(=O)OCC(COP(=O)([O-])OCC[N+](C)(C)C)O
imidazole lactate,ACZFBYCNAVEFLC-UHFFFAOYSA-N,C1=C(NC=N1)CC(C(=O)O)O
lanosterol,CAHGCLMLTWQZNJ-BQNIITSRSA-N,C[C@H](CCC=C(C)C)[C@H]1CC[C@@]2([C@@]1(CCC3=C2CC[C@@H]4[C@@]3(CC[C@@H](C4(C)C)O)C)C)C
N-(2-furoyl)glycine,KSPQDMRTZZYQLM-UHFFFAOYSA-N,C1=COC(=C1)C(=O)NCC(=O)O
lactose,GUBGYTABKSRVRQ-XLOQQCSPSA-N,C([C@@H]1[C@@H]([C@@H]([C@H]([C@@H](O1)O[C@@H]2[C@H](O[C@@H]([C@@H]([C@H]2O)O)O)CO)O)O)O)O
delta-tocopherol,GZIFEOYASATJEH-VHFRWLAGSA-N,CC1=CC(=CC2=C1O[C@](CC2)(C)CCC[C@H](C)CCC[C@H](C)CCCC(C)C)O
deoxycarnitine,JHPNVNIEXXLNTR-UHFFFAOYSA-O,C[N+](C)(C)CCCC(=O)O
serotonin,QZAYGJVTTNCVMB-UHFFFAOYSA-N,C1=CC2=C(C=C1O)C(=CN2)CCN
isoleucylglycine,UCGDDTHMMVWVMV-UHFFFAOYSA-N,CCC(C)C(C(=O)NCC(=O)O)N
fexofenadine,RWTNPBWLLIMQHL-UHFFFAOYSA-N,CC(C)(C1=CC=C(C=C1)C(CCCN2CCC(CC2)C(C3=CC=CC=C3)(C4=CC=CC=C4)O)O)C(=O)O
venlafaxine,PNVNVHUZROJLTJ-UHFFFAOYSA-N,CN(C)CC(C1=CC=C(C=C1)OC)C2(CCCCC2)O
acetylagmatine,JMACEDIUUMWDIC-UHFFFAOYSA-N,CC(=O)NCCCCN=C(N)N
formononetin,HKQYGTCOTHHOMP-UHFFFAOYSA-N,COC1=CC=C(C=C1)C2=COC3=C(C2=O)C=CC(=C3)O
1-methyl-5-imidazoleacetate,UJCGYTCAMOHYCG-UHFFFAOYSA-N,CN1C=NC=C1CC(=O)O
eicosenoate (20:1n9 or 1n11),BITHHVVYSMSWAG-KTKRTIGZSA-N,CCCCCCCC/C=C\CCCCCCCCCC(=O)O
gamma-glutamyl-alpha-lysine,LNLLNTMHVMIMOG-YUMQZZPRSA-N,C(CCN)C[C@@H](C(=O)O)NC(=O)CC[C@@H](C(=O)O)N
phenol sulfate,CTYRPMDGLDAWRQ-UHFFFAOYSA-N,C1=CC=C(C=C1)OS(=O)(=O)O
D-urobilin,DOKCNDVEPDZOJQ-MBTHVWNTSA-N,CCC1=C(C(=O)NC1CC2=C(C(=C(N2)/C=C\3/C(=C(C(=N3)CC4C(=C(C(=O)N4)C=C)C)C)CCC(=O)O)CCC(=O)O)C)C
phenylacetyltaurine,QUWZFULUMBECLL-UHFFFAOYSA-N,C1=CC=C(C=C1)CC(=O)NCCS(=O)(=O)O
soyasaponin I,PTDAHAWQAGSZDD-IOVCITQVSA-N,C[C@H]1[C@@H]([C@H]([C@H]([C@@H](O1)O[C@@H]2[C@H]([C@H]([C@H](O[C@H]2O[C@@H]3[C@H]([C@@H]([C@H](O[C@H]3O[C@H]4CC[C@]5([C@H]([C@@]4(C)CO)CC[C@@]6([C@@H]5CC=C7[C@]6(CC[C@@]8([C@H]7CC(C[C@H]8O)(C)C)C)C)C)C)C(=O)O)O)O)CO)O)O)O)O)O
dihydroferulate,BOLQJTPHPSDZHR-UHFFFAOYSA-N,COC1=C(C=CC(=C1)CCC(=O)O)O
N-acetylalanine,KTHDTJVBEPMMGL-VKHMYHEASA-N,C[C@@H](C(=O)O)NC(=O)C
emtricitabine,XQSPYNMVSIKCOC-NTSWFWBYSA-N,C1[C@H](O[C@H](S1)CO)N2C=C(C(=NC2=O)N)F
1-linoleoyl-galactosylglycerol (18:2)*,LBHUIJRTHBBWHP-HJFVYBCQSA-N,CCCCC/C=C\C/C=C\CCCCCCCC(=O)OCC(CO[C@H]1[C@@H]([C@H]([C@H]([C@H](O1)CO)O)O)O)O
sarcosine,FSYKKLYZXJSNPZ-UHFFFAOYSA-N,CNCC(=O)O
glycodeoxycholate,WVULKSPCQVQLCU-BUXLTGKBSA-N,C[C@H](CCC(=O)NCC(=O)O)[C@H]1CC[C@@H]2[C@@]1([C@H](C[C@H]3[C@H]2CC[C@H]4[C@@]3(CC[C@H](C4)O)C)O)C
luteolin,IQPNAANSBPBGFQ-UHFFFAOYSA-N,C1=CC(=C(C=C1C2=CC(=O)C3=C(C=C(C=C3O2)O)O)O)O
N-acetyl-beta-alanine,LJLLAWRMBZNPMO-UHFFFAOYSA-N,CC(=O)NCCC(=O)O
1-palmitoyl-galactosylglycerol (16:0)*,DWKQIHQQZYILDB-DISYYVGZSA-N,CCCCCCCCCCCCCCCC(=O)OC[C@H](CO[C@H]1[C@@H]([C@H]([C@H]([C@H](O1)CO)O)O)O)O
3-amino-2-piperidone,YCCMTCQQDULIFE-UHFFFAOYSA-N,C1CC(C(=O)NC1)N
propionylcarnitine (C3),UFAHZIUFPNSHSL-UHFFFAOYSA-N,CCC(=O)OC(CC(=O)[O-])C[N+](C)(C)C
galactonate,RGHNJXZEOKUKBD-MGCNEYSASA-N,C([C@H]([C@@H]([C@@H]([C@H](C(=O)O)O)O)O)O)O
"5,6-dihydrouridine",ZPTBLXKRQACLCR-XVFCMESISA-N,C1CN(C(=O)NC1=O)[C@H]2[C@@H]([C@@H]([C@H](O2)CO)O)O
caffeine,RYYVLZVUVIJVGH-UHFFFAOYSA-N,CN1C=NC2=C1C(=O)N(C(=O)N2C)C
suberate (C8-DC),TYFQFVWCELRYAO-UHFFFAOYSA-N,C(CCCC(=O)O)CCC(=O)O
3-dehydroshikimate,SLWWJZMPHJJOPH-UHFFFAOYSA-N,C1C(C(C(=O)C=C1C(=O)O)O)O
valylglycine,IOUPEELXVYPCPG-UHFFFAOYSA-N,CC(C)C(C(=O)NCC(=O)O)N
glycylvaline,STKYPAFSDFAEPH-UHFFFAOYSA-N,CC(C)C(C(=O)O)NC(=O)CN
4-hydroxycinnamate,NGSWKAQJJWESNS-ZZXKWVIFSA-N,C1=CC(=CC=C1/C=C/C(=O)O)O
butyrate/isobutyrate (4:0),FERIUCNNQQJTOY-UHFFFAOYSA-N,CCCC(=O)O
2'-deoxyguanosine 5'-monophosphate (dGMP),LTFMZDNNPPEQNG-KVQBGUIXSA-N,C1[C@@H]([C@H](O[C@H]1N2C=NC3=C2NC(=NC3=O)N)COP(=O)(O)O)O
taurocholate,WBWWGRHZICKQGZ-HZAMXZRMSA-N,C[C@H](CCC(=O)NCCS(=O)(=O)O)[C@H]1CC[C@@H]2[C@@]1([C@H](C[C@H]3[C@H]2[C@@H](C[C@H]4[C@@]3(CC[C@H](C4)O)C)O)O)C
undecanoate (11:0),ZDPHROOEEOARMN-UHFFFAOYSA-N,CCCCCCCCCCC(=O)O
hyocholate,DKPMWHFRUGMUKF-KWXDGCAGSA-N,C[C@H](CCC(=O)O)[C@H]1CC[C@@H]2[C@@]1(CC[C@H]3[C@H]2[C@@H]([C@@H]([C@H]4[C@@]3(CC[C@H](C4)O)C)O)O)C
catechin,PFTAWBLQPZVEMU-DZGCQCFKSA-N,C1[C@@H]([C@H](OC2=CC(=CC(=C21)O)O)C3=CC(=C(C=C3)O)O)O
dextromethorphan,MKXZASYAUGDDCJ-CGTJXYLNSA-N,CN1CC[C@]23CCCC[C@H]2[C@H]1CC4=C3C=C(C=C4)OC
"bilirubin (E,E)*",BPYKTIZUTYGOLE-BMNRKXRESA-N,CC1=C(NC(=C1CCC(=O)O)CC2=C(C(=C(N2)/C=C/3\C(=C(C(=O)N3)C)C=C)C)CCC(=O)O)/C=C/4\C(=C(C(=O)N4)C=C)C
asmol,NDAUXUAQIAJITI-UHFFFAOYSA-N,CC(C)(C)NCC(C1=CC(=C(C=C1)O)CO)O
1-palmitoyl-GPE (16:0),YVYMBNSKXOXSKW-HXUWFJFHSA-N,CCCCCCCCCCCCCCCC(=O)OC[C@H](COP(=O)(O)OCCN)O
taurolithocholate 3-sulfate,HSNPMXROZIQAQD-GBURMNQMSA-N,C[C@H](CCC(=O)NCCS(=O)(=O)O)[C@H]1CC[C@@H]2[C@@]1(CC[C@H]3[C@H]2CC[C@H]4[C@@]3(CC[C@H](C4)OS(=O)(=O)O)C)C
3-methylhistidine,JDHILDINMRGULE-LURJTMIESA-N,CN1C=NC=C1C[C@@H](C(=O)O)N
1-(1-enyl-palmitoyl)-GPC (P-16:0)*,HTZINLFNXLXRBC-CQLBIITFSA-N,CCCCCCCCCCCCCC/C=C\OC[C@H](COP(=O)([O-])OCC[N+](C)(C)C)O
25-hydroxycholesterol sulfate,PIUZYOCNZPYXOA-UHFFFAOYSA-N,CC(CCCC(C)(C)O)C1CCC2C1(CCC3C2CC=C4C3(CCC(C4)OS(=O)(=O)O)C)C
2-oxoarginine*,ARBHXJXXVVHMET-UHFFFAOYSA-N,C(CC(=O)C(=O)O)CN=C(N)N
estriol,PROQIPRRNZUXQM-ZXXIGWHRSA-N,C[C@]12CC[C@H]3[C@H]([C@@H]1C[C@H]([C@@H]2O)O)CCC4=C3C=CC(=C4)O
2-methylmalonylcarnitine (C4-DC),XROYFEWIXXCPAW-MQWKRIRWSA-N,CC(C(=O)O)C(=O)O[C@@H](CC(=O)[O-])C[N+](C)(C)C
bilirubin,BPYKTIZUTYGOLE-IFADSCNNSA-N,CC1=C(NC(=C1CCC(=O)O)CC2=C(C(=C(N2)/C=C\3/C(=C(C(=O)N3)C)C=C)C)CCC(=O)O)/C=C\4/C(=C(C(=O)N4)C=C)C
atorvastatin (lipitor),XUKUURHRXDUEBC-KAYWLYCHSA-N,CC(C)C1=C(C(=C(N1CC[C@H](C[C@H](CC(=O)O)O)O)C2=CC=C(C=C2)F)C3=CC=CC=C3)C(=O)NC4=CC=CC=C4
1-stearoyl-GPA (18:0),LAYXSTYJRSVXIH-UHFFFAOYSA-N,CCCCCCCCCCCCCCCCCC(=O)OCC(COP(=O)(O)O)O
phenol glucuronide,WVHAUDNUGBNUDZ-GOVZDWNOSA-N,C1=CC=C(C=C1)O[C@H]2[C@@H]([C@H]([C@@H]([C@H](O2)C(=O)O)O)O)O
dopamine,VYFYYTLLBUKUHU-UHFFFAOYSA-N,C1=CC(=C(C=C1CCN)O)O
etiocholanolone glucuronide,VFUIRAVTUVCQTF-UHFFFAOYSA-N,CC12CCC(CC1CCC3C2CCC4(C3CCC4=O)C)OC5C(C(C(C(O5)C(=O)O)O)O)O
(3'-5')-uridylylguanosine,BJDSHVBWORJTID-VMIOUTBZSA-N,C1=CN(C(=O)NC1=O)[C@H]2[C@@H]([C@@H]([C@H](O2)CO)OP(=O)(O)OC[C@@H]3[C@H]([C@H]([C@@H](O3)N4C=NC5=C4NC(=NC5=O)N)O)O)O
hydrochlorothiazide,JZUFKLXOESDKRF-UHFFFAOYSA-N,C1NC2=CC(=C(C=C2S(=O)(=O)N1)S(=O)(=O)N)Cl
N6-carboxyethyllysine,XCYPSOHOIAZISD-UHFFFAOYSA-N,CC(C(=O)O)NCCCCC(C(=O)O)N
hydroxymethylpyrimidine,VUTBELPREDJDDH-UHFFFAOYSA-N,CC1=NC=C(C(=N1)N)CO
cysteinylglycine,ZUKPVRWZDMRIEO-VKHMYHEASA-N,C([C@@H](C(=O)NCC(=O)O)N)S
N-propionylmethionine,RBAAEQRITQHPJM-UHFFFAOYSA-N,CCC(=O)NC(CCSC)C(=O)O
saccharin,CVHZOJJKTDOEJC-UHFFFAOYSA-N,C1=CC=C2C(=C1)C(=O)NS2(=O)=O
erythrose,YTBSYETUWUMLBZ-IUYQGCFVSA-N,C([C@H]([C@H](C=O)O)O)O
ondansetron,FELGMEQIXOGIFQ-UHFFFAOYSA-N,CC1=NC=CN1CC2CCC3=C(C2=O)C4=CC=CC=C4N3C
thioproline,DZLNHFMRPBPULJ-VKHMYHEASA-N,C1[C@H](NCS1)C(=O)O
noroxycodone,RIKMCJUNPCRFMW-ISWURRPUSA-N,COC1=C2C3=C(C[C@@H]4[C@]5([C@]3(CCN4)[C@@H](O2)C(=O)CC5)O)C=C1
4-hydroxycinnamate sulfate,OYDCCWNLILCHDJ-ZZXKWVIFSA-N,C1=CC(=CC=C1/C=C/C(=O)O)OS(=O)(=O)O
2-hydroxystearate,KIHBGTRZFAVZRV-UHFFFAOYSA-N,CCCCCCCCCCCCCCCCC(C(=O)O)O
linoleoyl ethanolamide,KQXDGUVSAAQARU-HZJYTTRNSA-N,CCCCC/C=C\C/C=C\CCCCCCCC(=O)NCCO
N-acetylproline,GNMSLDIYJOSUSW-UHFFFAOYSA-N,CC(=O)N1CCCC1C(=O)O
N-octanoylglycine,SAVLIIGUQOSOEP-UHFFFAOYSA-N,CCCCCCCC(=O)NCC(=O)O
behenoyl ethanolamide (22:0)*,XHFWUECSNJWBJU-UHFFFAOYSA-N,CCCCCCCCCCCCCCCCCCCCCC(=O)NCCO
pimelate (C7-DC),WLJVNTCWHIRURA-UHFFFAOYSA-N,C(CCC(=O)O)CCC(=O)O
2-methylserine,CDUUKBXTEOFITR-UHFFFAOYSA-N,CC(CO)(C(=O)O)N
acisoga,OAUYENAPBFTAQT-UHFFFAOYSA-N,CC(=O)NCCCN1CCCC1=O
valsartan,ACWBQPMHZXGDFX-UHFFFAOYSA-N,CCCCC(=O)N(CC1=CC=C(C=C1)C2=CC=CC=C2C3=NNN=N3)C(C(C)C)C(=O)O
gentisate,WXTMDXOMEHJXQO-UHFFFAOYSA-N,C1=CC(=C(C=C1O)C(=O)O)O
sebacate (C10-DC),CXMXRPHRNRROMY-UHFFFAOYSA-N,C(CCCCC(=O)O)CCCC(=O)O
asparagine,DCXYFEDJOCDNAF-REOHCLBHSA-N,C([C@@H](C(=O)O)N)C(=O)N
"1,6-anhydroglucose",TWNIBLMWSKIRAT-VFUOTHLCSA-N,C1[C@@H]2[C@H]([C@@H]([C@H]([C@H](O1)O2)O)O)O
N-carbamoylputrescine,YANFYYGANIYHGI-UHFFFAOYSA-N,C(CCNC(=O)N)CN
fucosterol,OSELKOCHBMDKEJ-JUGJNGJRSA-N,C/C=C(\CC[C@@H](C)[C@H]1CC[C@@H]2[C@@]1(CC[C@H]3[C@H]2CC=C4[C@@]3(CC[C@@H](C4)O)C)C)/C(C)C
arachidoyl ethanolamide (20:0)*,AUJVQJHODMISJP-UHFFFAOYSA-N,CCCCCCCCCCCCCCCCCCCC(=O)NCCO
palmitoleate (16:1n7),SECPZKHBENQXJG-FPLPWBNLSA-N,CCCCCC/C=C\CCCCCCCC(=O)O
oleoyl ethanolamide,BOWVQLFMWHZBEF-KTKRTIGZSA-N,CCCCCCCC/C=C\CCCCCCCC(=O)NCCO
trizma acetate,LENZDBCJOHFCAS-UHFFFAOYSA-N,C(C(CO)(CO)N)O
nicotinamide riboside,JLEBZPBDRKPWTD-TURQNECASA-O,C1=CC(=C[N+](=C1)[C@H]2[C@@H]([C@@H]([C@H](O2)CO)O)O)C(=O)N
alpha-tocotrienol,RZFHLOLGZPDCHJ-XZXLULOTSA-N,CC1=C(C2=C(CC[C@@](O2)(C)CC/C=C(\C)/CC/C=C(\C)/CCC=C(C)C)C(=C1O)C)C
1-stearoyl-GPC (18:0),IHNKQIMGVNPMTC-RUZDIDTESA-N,CCCCCCCCCCCCCCCCCC(=O)OC[C@H](COP(=O)([O-])OCC[N+](C)(C)C)O
allo-threonine,AYFVYJQAPQTCCC-HRFVKAFMSA-N,C[C@@H]([C@@H](C(=O)O)N)O
S-1-pyrroline-5-carboxylate,DWAKNKKXGALPNW-UHFFFAOYSA-N,C1CC(N=C1)C(=O)O
eicosapentaenoate (EPA; 20:5n3),JAZBEHYOTPTENJ-JLNKQSITSA-N,CC/C=C\C/C=C\C/C=C\C/C=C\C/C=C\CCCC(=O)O
N-acetylglycine,OKJIRPAQVSHGFK-UHFFFAOYSA-N,CC(=O)NCC(=O)O
adenine,GFFGJBXGBJISGV-UHFFFAOYSA-N,C1=NC2=NC=NC(=C2N1)N
N-oleoylglycine,HPFXACZRFJDURI-KTKRTIGZSA-N,CCCCCCCC/C=C\CCCCCCCC(=O)NCC(=O)O
fucose,SHZGCJCMOBCMKK-DHVFOXMCSA-N,C[C@H]1[C@H]([C@H]([C@@H](C(O1)O)O)O)O
hippurate,QIAFMBKCNZACKA-UHFFFAOYSA-N,C1=CC=C(C=C1)C(=O)NCC(=O)O
1-myristoylglycerol (14:0),DCBSHORRWZKAKO-UHFFFAOYSA-N,CCCCCCCCCCCCCC(=O)OCC(CO)O
N-acetylisoleucine,JDTWZSUNGHMMJM-UHFFFAOYSA-N,CCC(C)C(C(=O)O)NC(=O)C
N-methylphenylalanine,SCIFESDRCALIIM-UHFFFAOYSA-N,CNC(CC1=CC=CC=C1)C(=O)O
salicyluric glucuronide*,OEPADIDIUZTYOX-QKZHPOIUSA-N,C1=CC=C(C(=C1)C(=O)NCC(=O)O[C@H]2[C@@H]([C@H]([C@@H]([C@H](O2)C(=O)O)O)O)O)O
4-cholesten-3-one,NYOXRYYXRWJDKP-GYKMGIIDSA-N,C[C@H](CCCC(C)C)[C@H]1CC[C@@H]2[C@@]1(CC[C@H]3[C@H]2CCC4=CC(=O)CC[C@]34C)C
7-ketocholesterol,YIKKMWSQVKJCOP-ABXCMAEBSA-N,C[C@H](CCCC(C)C)[C@H]1CC[C@@H]2[C@@]1(CC[C@H]3[C@H]2C(=O)C=C4[C@@]3(CC[C@@H](C4)O)C)C
myristoleoylcarnitine (C14:1)*,ABVVZYXTZLEOHP-OLHLWXQYSA-N,CCCC/C=C\CCCCCCCC(=O)O[C@H](CC(=O)[O-])C[N+](C)(C)C
hypoxanthine,FDGQSTZJBFJUBT-UHFFFAOYSA-N,C1=NC2=C(N1)C(=O)N=CN2
"N,N-dimethylalanine",QCYOIFVBYZNUNW-BYPYZUCNSA-N,C[C@@H](C(=O)O)N(C)C
THC carboxylic acid,YOVRGSHRZRJTLZ-UHFFFAOYSA-N,CCCCCC1=CC(=C2C3C=C(CCC3C(OC2=C1)(C)C)C(=O)O)O
arginine,ODKSFYDXXFIFQN-UHFFFAOYSA-N,C(CC(C(=O)O)N)CN=C(N)N
3-hydroxysuberate,ARJZZFJXSNJKGR-UHFFFAOYSA-N,C(CCC(=O)O)CC(CC(=O)O)O
argininosuccinate,KDZOASGQNOPSCU-WDSKDSINSA-N,C(C[C@@H](C(=O)O)N)CN=C(N)N[C@@H](CC(=O)O)C(=O)O
biliverdin,RCNSAJSGRJSBKK-YKSNQIBWSA-N,CC\1=C(/C(=C/C2=C(C(=C(N2)/C=C\3/C(=C(C(=O)N3)C)C=C)C)CCC(=O)O)/N/C1=C/C4=NC(=O)C(=C4C)C=C)CCC(=O)O
3-hydroxypalmitate,CBWALJHXHCJYTE-UHFFFAOYSA-N,CCCCCCCCCCCCCC(CC(=O)O)O
"12,13-DiHOME",CQSLTKIXAJTQGA-FLIBITNWSA-N,CCCCCC(C(C/C=C\CCCCCCCC(=O)O)O)O
pyridoxamine,NHZMQXZHNVQTQA-UHFFFAOYSA-N,CC1=NC=C(C(=C1O)CN)CO
dCMP,NCMVOABPESMRCP-SHYZEUOFSA-N,C1[C@@H]([C@H](O[C@H]1N2C=CC(=NC2=O)N)COP(=O)(O)O)O
3-(N-acetyl-L-cystein-S-yl) acetaminophen,DVPRQNKJGQEICH-JTQLQIEISA-N,CC(=O)NC1=CC(=C(C=C1)O)SC[C@@H](C(=O)O)NC(=O)C
N-acetylhistidine,KBOJOGQFRVVWBH-ZETCQYMHSA-N,CC(=O)N[C@@H](CC1=CN=CN1)C(=O)O
levulinate (4-oxovalerate),JOOXCMJARBKPKM-UHFFFAOYSA-N,CC(=O)CCC(=O)O
N-methylalanine,GDFAOVXKHJXLEI-VKHMYHEASA-N,C[C@@H](C(=O)O)NC
4-hydroxybutyrate (GHB),SJZRECIVHVDYJC-UHFFFAOYSA-N,C(CC(=O)O)CO
N1-methylinosine,WJNGQIYEQLPJMN-IOSLPCCCSA-N,CN1C=NC2=C(C1=O)N=CN2[C@H]3[C@@H]([C@@H]([C@H](O3)CO)O)O
maltose,GUBGYTABKSRVRQ-DKBJLJRDSA-N,C([C@@H]1[C@H]([C@@H]([C@H]([C@H](O1)O[C@@H]2[C@H](O[C@@H]([C@H]([C@H]2O)O)O)CO)O)O)O)O
homostachydrine*,XULZWQRXYTVUTE-ZETCQYMHSA-N,C[N+]1(CCCC[C@H]1C(=O)[O-])C
"N2,N2-dimethylguanosine",RSPURTUNRHNVGF-IOSLPCCCSA-N,CN(C)C1=NC(=O)C2=C(N1)N(C=N2)[C@H]3[C@@H]([C@@H]([C@H](O3)CO)O)O
"1,3-propanediol",YPFDHNVEDLHUCE-UHFFFAOYSA-N,C(CO)CO
N-formylphenylalanine,NSTPXGARCQOSAU-VIFPVBQESA-N,C1=CC=C(C=C1)C[C@@H](C(=O)O)NC=O
heneicosapentaenoate (21:5n3),OQOCQFSPEWCSDO-JLNKQSITSA-N,CC/C=C\C/C=C\C/C=C\C/C=C\C/C=C\CCCCC(=O)O
caproate (6:0),FUZZWVXGSFPDMH-UHFFFAOYSA-N,CCCCCC(=O)O
N-stearoyl-sphinganine (d18:0/18:0)*,KZTJQXAANJHSCE-OIDHKYIRSA-N,CCCCCCCCCCCCCCCCCC(=O)N[C@@H](CO)[C@@H](CCCCCCCCCCCCCCC)O
cadaverine,VHRGRCVQAFMJIZ-UHFFFAOYSA-N,C(CCN)CCN
betaine,KWIUHFFTVRNATP-UHFFFAOYSA-N,C[N+](C)(C)CC(=O)[O-]
alpha-hydroxymetoprolol,OFRYBPCSEMMZHR-UHFFFAOYSA-N,CC(C)NCC(COC1=CC=C(C=C1)C(COC)O)O
hexadecasphinganine (d16:0)*,ZKLREJQHRKUJHD-JKSUJKDBSA-N,CCCCCCCCCCCCC[C@H]([C@H](CO)N)O
phenylacetylaspartate,SVFKZPQPMMZHLZ-UHFFFAOYSA-N,C1=CC=C(C=C1)CC(=O)NC(CC(=O)O)C(=O)O
"1,2-dilinoleoyl-galactosylglycerol (18:2/18:2)*",BROOMPUVDPTGEG-JLHGMIPQSA-N,CCCCC/C=C/C/C=C/CCCCCCCC(=O)OCC(CO[C@H]1[C@@H]([C@H]([C@H]([C@H](O1)CO)O)O)O)OC(=O)CCCCCCC/C=C/C/C=C/CCCCC
indole,SIKJAQJRHWYJAI-UHFFFAOYSA-N,C1=CC=C2C(=C1)C=CN2
N-acetyl-aspartyl-glutamate (NAAG),OPVPGKGADVGKTG-UHFFFAOYSA-N,CC(=O)NC(CC(=O)O)C(=O)NC(CCC(=O)O)C(=O)O
nicotinamide,DFPAKSUCGFBDDF-UHFFFAOYSA-N,C1=CC(=CN=C1)C(=O)N
glucosamine 6-sulfate,MTDHILKWIRSIHB-QZABAPFNSA-N,C([C@@H]1[C@H]([C@@H]([C@H]([C@@H](O1)O)N)O)O)OS(=O)(=O)O
taurochenodeoxycholate,BHTRKEVKTKCXOH-BJLOMENOSA-N,C[C@H](CCC(=O)NCCS(=O)(=O)O)[C@H]1CC[C@@H]2[C@@]1(CC[C@H]3[C@H]2[C@@H](C[C@H]4[C@@]3(CC[C@H](C4)O)C)O)C
3-hydroxysebacate,OQYZCCKCJQWHIE-UHFFFAOYSA-N,C(CCCC(=O)O)CCC(CC(=O)O)O
2'-deoxyadenosine 5'-monophosphate,KHWCHTKSEGGWEX-RRKCRQDMSA-N,C1[C@@H]([C@H](O[C@H]1N2C=NC3=C(N=CN=C32)N)COP(=O)(O)O)O
3-ureidopropionate,JSJWCHRYRHKBBW-UHFFFAOYSA-N,C(CNC(=O)N)C(=O)O
1-myristoyl-2-palmitoyl-GPC (14:0/16:0),RFVFQQWKPSOBED-PSXMRANNSA-N,CCCCCCCCCCCCCCCC(=O)O[C@H](COC(=O)CCCCCCCCCCCCC)COP(=O)([O-])OCC[N+](C)(C)C
leucylglutamine*,JYOAXOMPIXKMKK-UHFFFAOYSA-N,CC(C)CC(C(=O)NC(CCC(=O)N)C(=O)O)N
campesterol,SGNBVLSWZMBQTH-PODYLUTMSA-N,C[C@H](CC[C@@H](C)C(C)C)[C@H]1CC[C@@H]2[C@@]1(CC[C@H]3[C@H]2CC=C4[C@@]3(CC[C@@H](C4)O)C)C
20-hydroxyecdysone,NKDFYOWSKOHCCO-YPVLXUMRSA-N,C[C@]12CC[C@H]3C(=CC(=O)[C@H]4[C@@]3(C[C@@H]([C@@H](C4)O)O)C)[C@@]1(CC[C@@H]2[C@](C)([C@@H](CCC(C)(C)O)O)O)O
N(1)-acetylspermine,GUNURVWAJRRUAV-UHFFFAOYSA-N,CC(=O)NCCCNCCCCNCCCN
saccharopine,ZDGJAHTZVHVLOT-YUMQZZPRSA-N,C(CCN[C@@H](CCC(=O)O)C(=O)O)C[C@@H](C(=O)O)N
11beta-hydroxyetiocholanolone glucuronide*,OMYMRCXOJJZYKE-UHFFFAOYSA-N,CC(=O)NCCC1=CNC2=CC(=C(C=C21)OC)O
curcumin,VFLDPWHFBUODDF-FCXRPNKRSA-N,COC1=C(C=CC(=C1)/C=C/C(=O)CC(=O)/C=C/C2=CC(=C(C=C2)O)OC)O
5-hydroxyhexanoate,YDCRNMJQROAWFT-UHFFFAOYSA-N,CC(CCCC(=O)O)O
octadecanedioate (C18),BNJOQKFENDDGSC-UHFFFAOYSA-N,C(CCCCCCCCC(=O)O)CCCCCCCC(=O)O
sphinganine,OTKJDMGTUTTYMP-UHFFFAOYSA-N,CCCCCCCCCCCCCCCC(C(CO)N)O
1-(1-enyl-palmitoyl)-2-palmitoyl-GPC (P-16:0/16:0)*,PEWXKAOBUSBJLD-MCBGMKGZSA-N,CCCCCCCCCCCCCCCC(=O)O[C@H](CO/C=C\CCCCCCCCCCCCCC)COP(=O)([O-])OCC[N+](C)(C)C
eriodictyol,SBHXYTNGIZCORC-UHFFFAOYSA-N,C1C(OC2=CC(=CC(=C2C1=O)O)O)C3=CC(=C(C=C3)O)O
1-arachidonylglycerol (20:4),DCPCOKIYJYGMDN-DOFZRALJSA-N,CCCCC/C=C\C/C=C\C/C=C\C/C=C\CCCC(=O)OCC(CO)O
(3'-5')-adenylyladenosine*,UYSXBCQACJTYFS-XPWFQUROSA-N,C1=NC(=C2C(=N1)N(C=N2)[C@H]3[C@@H]([C@@H]([C@H](O3)COP(=O)(O)O[C@@H]4[C@H](O[C@H]([C@@H]4O)N5C=NC6=C(N=CN=C65)N)CO)O)O)N
"3,5-dihydroxyphenylpropionate",ITPFIKQWNDGDLG-UHFFFAOYSA-N,C1=C(C=C(C=C1O)O)CCC(=O)O
2-methoxyacetaminophen sulfate*,NZKKXAGORRATJB-UHFFFAOYSA-N,CC(=O)NC1=C(C=C(C=C1)OS(=O)(=O)O)OC
N-acetyl-isoputreanine,YGIAGXACEXFIDU-UHFFFAOYSA-N,CC(=O)NCCCNCCCC(=O)O
dihydrokaempferol,PADQINQHPQKXNL-LSDHHAIUSA-N,C1=CC(=CC=C1[C@@H]2[C@H](C(=O)C3=C(C=C(C=C3O2)O)O)O)O
4-hydroxycyclohexylcarboxylic acid,HCFRWBBJISAZNK-UHFFFAOYSA-N,C1CC(CCC1C(=O)O)O
gamma-glutamylmethionine,RQNSKRXMANOPQY-BQBZGAKWSA-N,CSCC[C@@H](C(=O)O)NC(=O)CC[C@@H](C(=O)O)N
uridine,DRTQHJPVMGBUCF-XVFCMESISA-N,C1=CN(C(=O)NC1=O)[C@H]2[C@@H]([C@@H]([C@H](O2)CO)O)O
tamsulosin,DRHKJLXJIQTDTD-OAHLLOKOSA-N,CCOC1=CC=CC=C1OCCN[C@H](C)CC2=CC(=C(C=C2)OC)S(=O)(=O)N
N-acetyl-beta-glucosaminylamine,MCGXOCXFFNKASF-FMDGEEDCSA-N,CC(=O)N[C@@H]1[C@H]([C@@H]([C@H](O[C@H]1N)CO)O)O
cetirizine,ZKLPARSLTMPFCP-UHFFFAOYSA-N,C1CN(CCN1CCOCC(=O)O)C(C2=CC=CC=C2)C3=CC=C(C=C3)Cl
apigenin,KZNIFHPLKGYRTM-UHFFFAOYSA-N,C1=CC(=CC=C1C2=CC(=O)C3=C(C=C(C=C3O2)O)O)O
ponciretin,HMUJXQRRKBLVOO-UHFFFAOYSA-N,COC1=CC=C(C=C1)C2CC(=O)C3=C(C=C(C=C3O2)O)O
isoxanthohumol,YKGCBLWILMDSAV-UHFFFAOYSA-N,CC(=CCC1=C2C(=C(C=C1O)OC)C(=O)CC(O2)C3=CC=C(C=C3)O)C
caffeate,QAIPRVGONGVQAS-DUXPYHPUSA-N,C1=CC(=C(C=C1/C=C/C(=O)O)O)O
N-acetyl-1-methylhistidine*,GVRCKHXHWSYDEF-QMMMGPOBSA-N,CC(=O)N[C@@H](CC1=CN(C=N1)C)C(=O)O
biopterin,LHQIJBMDNUYRAM-DZSWIPIPSA-N,C[C@@H]([C@@H](C1=CN=C2C(=N1)C(=O)N=C(N2)N)O)O
stigmasterol,HCXVJBMSMIARIN-PHZDYDNGSA-N,CC[C@H](/C=C/[C@@H](C)[C@H]1CC[C@@H]2[C@@]1(CC[C@H]3[C@H]2CC=C4[C@@]3(CC[C@@H](C4)O)C)C)C(C)C
N-acetylaspartate (NAA),OTCCIMWXFLJLIA-BYPYZUCNSA-N,CC(=O)N[C@@H](CC(=O)O)C(=O)O
piperidine,NQRYJNQNLNOLGT-UHFFFAOYSA-N,C1CCNCC1
methionine sulfoxide,QEFRNWWLZKMPFJ-YGVKFDHGSA-N,CS(=O)CC[C@@H](C(=O)O)N
cysteine sulfinic acid,ADVPTQAUNPRNPO-UHFFFAOYSA-N,C(C(C(=O)O)N)S(=O)O
ciliatine (2-aminoethylphosphonate),QQVDJLLNRSOCEL-UHFFFAOYSA-N,C(CP(=O)(O)O)N
gamma-glutamylglycine,ACIJGUBIMXQCMF-BYPYZUCNSA-N,C(CC(=O)NCC(=O)O)[C@@H](C(=O)O)N
catechol sulfate,MZPWKJZDOCIALD-UHFFFAOYSA-N,C1=CC=C(C(=C1)O)OS(=O)(=O)O
catechol,YCIMNLLNPGFGHC-UHFFFAOYSA-N,C1=CC=C(C(=C1)O)O
12-ketolithocholate,CVNYHSDFZXHMMJ-VPUMZWJWSA-N,C[C@H](CCC(=O)O)[C@H]1CC[C@@H]2[C@@]1(C(=O)C[C@H]3[C@H]2CC[C@H]4[C@@]3(CC[C@H](C4)O)C)C
"sphingomyelin (d18:1/14:0, d16:1/16:0)*",KYICBZWZQPCUMO-PSALXKTOSA-N,CCCCCCCCCCCCC/C=C/[C@H]([C@H](COP(=O)([O-])OCC[N+](C)(C)C)NC(=O)CCCCCCCCCCCCC)O
"2,6-dihydroxybenzoic acid",AKEUNCKRJATALU-UHFFFAOYSA-N,C1=CC(=C(C(=C1)O)C(=O)O)O
"2,3-dihydroxy-2-methylbutyrate",AOWPAWLEXIYETE-UHFFFAOYSA-N,CC(C(C)(C(=O)O)O)O
pheophorbide A,OINDWIFDMFYGDX-LDCXZXNSSA-N,CCC1=C(C2=CC3=C(C(=C(N3)C=C4[C@H]([C@@H](C(=N4)C5=C6C(=C(C(=N6)C=C1N2)C)C(=O)[C@@H]5C(=O)OC)CCC(=O)O)C)C)C=C)C
theophylline,ZFXYFBGIUFBOJW-UHFFFAOYSA-N,CN1C2=C(C(=O)N(C1=O)C)NC=N2
N-palmitoyl-sphingosine (d18:1/16:0),YDNKGFDKKRUKPY-TURZORIXSA-N,CCCCCCCCCCCCCCCC(=O)N[C@@H](CO)[C@@H](/C=C/CCCCCCCCCCCCC)O
alanyl-glutamyl-meso-diaminopimelate,FMNCPUGORYYCEM-UHFFFAOYSA-N,CC(C(=O)NC(CCC(=O)NC(CCCC(C(=O)O)N)C(=O)O)C(=O)O)N
"1,3-dimethylurate",OTSBKHHWSQYEHK-UHFFFAOYSA-N,CN1C2=C(C(=O)N(C1=O)C)NC(=O)N2
3-hydroxyisonicotinic acid,JEHGATQUCUYHJL-UHFFFAOYSA-N,C1=CN=CC(=C1C(=O)O)O
morphine-3-glucuronide,WAEXKFONHRHFBZ-ZXDZBKESSA-N,CN1CC[C@]23[C@@H]4[C@H]1CC5=C2C(=C(C=C5)O[C@H]6[C@@H]([C@H]([C@@H]([C@H](O6)C(=O)O)O)O)O)O[C@H]3[C@H](C=C4)O
sertraline,VGKDLMBJGBXTGI-SJCJKPOMSA-N,CN[C@H]1CC[C@H](C2=CC=CC=C12)C3=CC(=C(C=C3)Cl)Cl
6'-sialyllactose,VMWYCXKMRSTDSP-GIGDJUIZSA-N,CC(=O)N[C@@H]1[C@H](C[C@@](O[C@H]1[C@@H]([C@@H](CO)O)O)(C(=O)O)OC[C@@H]2[C@@H]([C@@H]([C@H]([C@@H](O2)O[C@H]([C@@H](CO)O)[C@@H]([C@H](C=O)O)O)O)O)O)O
4-ureidobutyrate,QYTWIMMLQKHPGL-UHFFFAOYSA-N,C(CC(=O)O)CNC(=O)N
2-methoxyacetaminophen glucuronide*,XLGYMPUDHJPLNR-DKBOKBLXSA-N,CC(=O)NC1=CC(=C(C=C1)O[C@H]2[C@@H]([C@H]([C@@H]([C@H](O2)C(=O)O)O)O)O)OC
ornithine,AHLPHDHHMVZTML-BYPYZUCNSA-N,C(C[C@@H](C(=O)O)N)CN
dimethylmalonic acid,OREAFAJWWJHCOT-UHFFFAOYSA-N,CC(C)(C(=O)O)C(=O)O
6-hydroxynicotinate,BLHCMGRVFXRYRN-UHFFFAOYSA-N,C1=CC(=O)NC=C1C(=O)O
vitexin,SGEWCQFRYRRZDC-VPRICQMDSA-N,C1=CC(=CC=C1C2=CC(=O)C3=C(O2)C(=C(C=C3O)O)[C@H]4[C@@H]([C@H]([C@@H]([C@H](O4)CO)O)O)O)O
guanosine,NYHBQMYGNKIUIF-UUOKFMHZSA-N,C1=NC2=C(N1[C@H]3[C@@H]([C@@H]([C@H](O3)CO)O)O)NC(=NC2=O)N
glycerophosphoserine*,ZWZWYGMENQVNFU-AKGZTFGVSA-N,C([C@@H](C(=O)O)N)OP(=O)(O)OCC(CO)O
palmitoyl-linoleoyl-glycerol (16:0/18:2) [1]*,SVXWJFFKLMLOHO-YAIZGCQRSA-N,CCCCCCCCCCCCCCCC(=O)OC[C@H](CO)OC(=O)CCCCCCC/C=C\C/C=C\CCCCC
heme,KABFMIBPWCXCRK-UHFFFAOYSA-L,CC1=C(C2=CC3=NC(=CC4=C(C(=C([N-]4)C=C5C(=C(C(=N5)C=C1[N-]2)C=C)C)C=C)C)C(=C3CCC(=O)O)C)CCC(=O)O.[Fe+2]
3-methyl-2-oxovalerate,JVQYSWDUAOAHFM-UHFFFAOYSA-N,CCC(C)C(=O)C(=O)O
pyridoxate,HXACOUQIXZGNBF-UHFFFAOYSA-N,CC1=NC=C(C(=C1O)C(=O)O)CO
5-oxoproline,ODHCTXKNWHHXJC-VKHMYHEASA-N,C1CC(=O)N[C@@H]1C(=O)O
phenylacetate,WLJVXDMOQOGPHL-UHFFFAOYSA-N,C1=CC=C(C=C1)CC(=O)O
glucose,WQZGKKKJIJFFOK-GASJEMHNSA-N,C([C@@H]1[C@H]([C@@H]([C@H](C(O1)O)O)O)O)O
rosmarinate,DOUMFZQKYFQNTF-WUTVXBCWSA-N,C1=CC(=C(C=C1C[C@H](C(=O)O)OC(=O)/C=C/C2=CC(=C(C=C2)O)O)O)O
N-acetylthreonine,PEDXUVCGOLSNLQ-WUJLRWPWSA-N,C[C@H]([C@@H](C(=O)O)NC(=O)C)O
7-ketodeoxycholate,RHCPKKNRWFXMAT-RRWYKFPJSA-N,C[C@H](CCC(=O)O)[C@H]1CC[C@@H]2[C@@]1([C@H](C[C@H]3[C@H]2C(=O)C[C@H]4[C@@]3(CC[C@H](C4)O)C)O)C
tetrahydrocortisone,SYGWGHVTLUBCEM-ZIZPXRJBSA-N,C[C@]12CC[C@H](C[C@H]1CC[C@@H]3[C@@H]2C(=O)C[C@]4([C@H]3CC[C@@]4(C(=O)CO)O)C)O
2-keto-3-deoxy-gluconate,WPAMZTWLKIDIOP-WVZVXSGGSA-N,C([C@@H]([C@@H](CO)O)O)C(=O)C(=O)O
stearoyl ethanolamide,OTGQIQQTPXJQRG-UHFFFAOYSA-N,CCCCCCCCCCCCCCCCCC(=O)NCCO
ferulate,KSEBMYQBYZTDHS-HWKANZROSA-N,COC1=C(C=CC(=C1)/C=C/C(=O)O)O
synephrine,YRCWQPVGYLYSOX-UHFFFAOYSA-N,CNCC(C1=CC=C(C=C1)O)O
glycine,DHMQDGOQFOQNFH-UHFFFAOYSA-N,C(C(=O)O)N
heptadecasphingosine (d17:1),RBEJCQPPFCKTRZ-LHMZYYNSSA-N,CCCCCCCCCCCC/C=C/[C@H]([C@H](CO)N)O
guanine,UYTPUPDQBNUYGX-UHFFFAOYSA-N,C1=NC2=C(N1)C(=O)N=C(N2)N
5-methylthioribose,OLVVOVIFTBSBBH-UHFFFAOYSA-N,CSCC1C(C(C(O1)O)O)O
docosadienoate (22:2n6),HVGRZDASOHMCSK-AVQMFFATSA-N,CCCCC/C=C/C/C=C/CCCCCCCCCCCC(=O)O
levetiracetam,HPHUVLMMVZITSG-LURJTMIESA-N,CC[C@@H](C(=O)N)N1CCCC1=O
caprate (10:0),GHVNFZFCNZKVNT-UHFFFAOYSA-N,CCCCCCCCCC(=O)O
quercitrin,OXGUCUVFOIWWQJ-HQBVPOQASA-N,C[C@H]1[C@@H]([C@H]([C@H]([C@@H](O1)OC2=C(OC3=CC(=CC(=C3C2=O)O)O)C4=CC(=C(C=C4)O)O)O)O)O
pantothenate (Vitamin B5),GHOKWGTUZJEAQD-ZETCQYMHSA-N,CC(C)(CO)[C@H](C(=O)NCCC(=O)O)O
ribitol,HEBKCHPVOIAQTA-NGQZWQHPSA-N,C([C@H](C([C@H](CO)O)O)O)O
"N6,N6-dimethyllysine",XXEWFEBMSGLYBY-ZETCQYMHSA-N,CN(C)CCCC[C@@H](C(=O)O)N
loratadine,JCCNYMKQOSZNPW-UHFFFAOYSA-N,CCOC(=O)N1CCC(=C2C3=C(CCC4=C2N=CC=C4)C=C(C=C3)Cl)CC1
alanylleucine,RDIKFPRVLJLMER-UHFFFAOYSA-N,CC(C)CC(C(=O)O)NC(=O)C(C)N
xanthine,LRFVTYWOQMYALW-UHFFFAOYSA-N,C1=NC2=C(N1)C(=O)NC(=O)N2
glutarate (C5-DC),JFCQEDHGNNZCLN-UHFFFAOYSA-N,C(CC(=O)O)CC(=O)O
cholesterol,HVYWMOMLDIMFJA-FNOPAARDSA-N,C[C@H](CCCC(C)C)[C@H]1CC[C@@H]2[C@@]1(CC[C@H]3[C@H]2CC=C4[C@@]3(CCC(C4)O)C)C
I-urobilinogen,OBHRVMZSZIDDEK-UHFFFAOYSA-N,CCC1=C(C(=O)NC1CC2=C(C(=C(N2)CC3=C(C(=C(N3)CC4C(=C(C(=O)N4)CC)C)C)CCC(=O)O)CCC(=O)O)C)C
2-hydroxyacetaminophen sulfate*,HRLQZTOIKWEZBN-UHFFFAOYSA-N,CC(=O)NC1=C(C=C(C=C1)OS(=O)(=O)O)O
"2,3-dihydroxyisovalerate",JTEYKUFKXGDTEU-UHFFFAOYSA-N,CC(C)(C(C(=O)O)O)O
myristoleate (14:1n5),YWWVWXASSLXJHU-WAYWQWQTSA-N,CCCC/C=C\CCCCCCCC(=O)O
5-(galactosylhydroxy)-L-lysine,OWGKYELXGFKIHH-ODPZDSJBSA-N,C(CC(CN)O[C@H]1[C@@H]([C@H]([C@H]([C@H](O1)CO)O)O)O)[C@@H](C(=O)O)N
"3,4-dihydroxyphenylacetate",CFFZDZCDUFSOFZ-UHFFFAOYSA-N,C1=CC(=C(C=C1CC(=O)O)O)O
histidine betaine (hercynine)*,GPPYTCRVKHULJH-UHFFFAOYSA-N,C[N+](C)(C)C(CC1=CN=CN1)C(=O)[O-]
metronidazole,VAOCPAMSLUNLGC-UHFFFAOYSA-N,CC1=NC=C(N1CCO)[N+](=O)[O-]
mevalonolactone,JYVXNLLUYHCIIH-UHFFFAOYSA-N,CC1(CCOC(=O)C1)O
tyrosol,YCCILVSKPBXVIP-UHFFFAOYSA-N,C1=CC(=CC=C1CCO)O
ginkgolic acid C15:1,YXHVCZZLWZYHSA-FPLPWBNLSA-N,CCCCCC/C=C\CCCCCCCC1=C(C(=CC=C1)O)C(=O)O
sedoheptulose,HSNZZMHEPUFJNZ-SHUUEZRQSA-N,C([C@H]([C@H]([C@H]([C@@H](C(=O)CO)O)O)O)O)O
methionine,FFEARJCKVFRZRR-BYPYZUCNSA-N,CSCC[C@@H](C(=O)O)N
"guanosine-2',3'-cyclic monophosphate",UASRYODFRYWBRC-UUOKFMHZSA-N,C1=NC2=C(N1[C@H]3[C@H]4[C@@H]([C@H](O3)CO)OP(=O)(O4)O)NC(=NC2=O)N
"sphingomyelin (d18:1/20:0, d16:1/22:0)*",AADLTHQNYQJHQV-SVLGDMRNSA-N,CCCCCCCCCCCCCCCCCCCC(=O)N[C@@H](COP(=O)([O-])OCC[N+](C)(C)C)[C@@H](/C=C/CCCCCCCCCCCCC)O
p-hydroxybenzaldehyde,RGHHSNMVTDWUBI-UHFFFAOYSA-N,C1=CC(=CC=C1C=O)O
cytidine,UHDGCWIWMRVCDJ-XVFCMESISA-N,C1=CN(C(=O)N=C1N)[C@H]2[C@@H]([C@@H]([C@H](O2)CO)O)O
hesperetin,AIONOLUJZLIMTK-AWEZNQCLSA-N,COC1=C(C=C(C=C1)[C@@H]2CC(=O)C3=C(C=C(C=C3O2)O)O)O
trigonelline (N'-methylnicotinate),WWNNZCOKKKDOPX-UHFFFAOYSA-N,C[N+]1=CC=CC(=C1)C(=O)[O-]
argininate*,BMFMQGXDDJALKQ-BYPYZUCNSA-N,C(C[C@@H](C(=O)O)O)CN=C(N)N
calystegine A3,XOCBOVUINUHZJA-UHFFFAOYSA-N,C1CC2(C(C(CC1N2)O)O)O
apigenin sulfate (1),LXSIWSUQPKEDKM-UHFFFAOYSA-N,C1=CC(=CC=C1C2=C3C(=O)C4=C(O2)C=C(C(=C4O)OS(=O)(=O)O3)O)O
1-linoleoylglycerol (18:2),WECGLUPZRHILCT-HZJYTTRNSA-N,CCCCC/C=C\C/C=C\CCCCCCCC(=O)OCC(CO)O
biocytin,BAQMYDQNMFBZNA-MNXVOIDGSA-N,C1[C@H]2[C@@H]([C@@H](S1)CCCCC(=O)NCCCC[C@@H](C(=O)O)N)NC(=O)N2
ritalinic acid,INGSNVSERUZOAK-UHFFFAOYSA-N,C1CCNC(C1)C(C2=CC=CC=C2)C(=O)O
alpha-tocopherol acetate,ZAKOWWREFLAJOT-UHFFFAOYSA-N,CC1=C(C(=C(C2=C1OC(CC2)(C)CCCC(C)CCCC(C)CCCC(C)C)C)OC(=O)C)C
ribonate,QXKAIJAYHKCRRA-BXXZVTAOSA-N,C([C@H]([C@H]([C@H](C(=O)O)O)O)O)O
2-hydroxybehenate,RPGJJWLCCOPDAZ-UHFFFAOYSA-N,CCCCCCCCCCCCCCCCCCCCC(C(=O)O)O
umbelliferone sulfate,LJOOSFYJELZGMR-UHFFFAOYSA-N,C1=CC(=CC2=C1C=CC(=O)O2)OS(=O)(=O)O
choline,OEYIOHPDSNJKLS-UHFFFAOYSA-N,C[N+](C)(C)CCO
alpha-tocopherol,GVJHHUAWPYXKBD-IEOSBIPESA-N,CC1=C(C2=C(CC[C@@](O2)(C)CCC[C@H](C)CCC[C@H](C)CCCC(C)C)C(=C1O)C)C
palmitoleoyl ethanolamide*,WFRLANWAASSSFV-FPLPWBNLSA-N,CCCCCC/C=C\CCCCCCCC(=O)NCCO
citalopram/escitalopram,WSEQXVZVJXJVFP-FQEVSTJZSA-N,CN(C)CCC[C@@]1(C2=C(CO1)C=C(C=C2)C#N)C3=CC=C(C=C3)F
linolenoyl-linolenoyl-glycerol (18:3/18:3) [2]*,MQGBAQLIFKSMEM-ZHARMHCNSA-N,CCCCC/C=C\C/C=C\CCCCCCCC(=O)OC[C@H](CO)OC(=O)CCCCCCC/C=C\C/C=C\CCCCC
2'-deoxyadenosine,OLXZPDWKRNYJJZ-RRKCRQDMSA-N,C1[C@@H]([C@H](O[C@H]1N2C=NC3=C(N=CN=C32)N)CO)O
3-hydroxymargarate,FWZUXWSQLNHYIC-UHFFFAOYSA-N,CCCCCCCCCCCCCCC(CC(=O)O)O
N-desmethyl tramadol,VUMQHLSPUAFKKK-DZGCQCFKSA-N,CNC[C@@H]1CCCC[C@]1(C2=CC(=CC=C2)OC)O
alanine,QNAYBMKLOCPYGJ-REOHCLBHSA-N,C[C@@H](C(=O)O)N
N-acetyl-3-methylhistidine*,FKTXRTPBUWLETL-QMMMGPOBSA-N,CC(=O)N[C@@H](CC1=CN=CN1C)C(=O)O
HEPES,JKMHFZQWWAIEOD-UHFFFAOYSA-N,C1CN(CC[NH+]1CCO)CCS(=O)(=O)[O-]
valerylphenylalanine,YXQLJEQFZUMUPB-LBPRGKRZSA-N,CCCCC(=O)N[C@@H](CC1=CC=CC=C1)C(=O)O
tyrosylglycine,HPYDSVWYXXKHRD-UHFFFAOYSA-N,C1=CC(=CC=C1CC(C(=O)NCC(=O)O)N)O
gabapentin,UGJMXCAKCUNAIE-UHFFFAOYSA-N,C1CCC(CC1)(CC(=O)O)CN
5-hydroxylysine,YSMODUONRAFBET-UHFFFAOYSA-N,C(CC(C(=O)O)N)C(CN)O
(15:0)-anacardic acid,ADFWQBGTDJIESE-UHFFFAOYSA-N,CCCCCCCCCCCCCCCC1=C(C(=CC=C1)O)C(=O)O
citrate,KRKNYBCHXYNGOX-UHFFFAOYSA-N,C(C(=O)O)C(CC(=O)O)(C(=O)O)O
S-methylcysteine sulfoxide,ZZLHPCSGGOGHFW-UHFFFAOYSA-N,CS(=O)CC(C(=O)O)N
quinolinate,GJAWHXHKYYXBSV-UHFFFAOYSA-N,C1=CC(=C(N=C1)C(=O)O)C(=O)O
leucylalanine,HSQGMTRYSIHDAC-UHFFFAOYSA-N,CC(C)CC(C(=O)NC(C)C(=O)O)N
pentadecanoate (15:0),WQEPLUUGTLDZJY-UHFFFAOYSA-N,CCCCCCCCCCCCCCC(=O)O
N-oleoyltaurine,KOGRJTUIKPMZEJ-KTKRTIGZSA-N,CCCCCCCC/C=C\CCCCCCCC(=O)NCCS(=O)(=O)O
solanidine,JVKYZPBMZPJNAJ-OQFNDJACSA-N,C[C@H]1CC[C@@H]2[C@H]([C@H]3[C@@H](N2C1)C[C@@H]4[C@@]3(CC[C@H]5[C@H]4CC=C6[C@@]5(CC[C@@H](C6)O)C)C)C
2'-deoxyuridine,MXHRCPNRJAMMIM-SHYZEUOFSA-N,C1[C@@H]([C@H](O[C@H]1N2C=CC(=O)NC2=O)CO)O
"1,2-dipalmitoyl-GPC (16:0/16:0)",KILNVBDSWZSGLL-KXQOOQHDSA-N,CCCCCCCCCCCCCCCC(=O)OC[C@H](COP(=O)([O-])OCC[N+](C)(C)C)OC(=O)CCCCCCCCCCCCCCC
lansoprazole,MJIHNNLFOKEZEW-UHFFFAOYSA-N,CC1=C(C=CN=C1CS(=O)C2=NC3=CC=CC=C3N2)OCC(F)(F)F
N-acetyl-S-allyl-L-cysteine,LKRAEHUDIUJBSF-ZETCQYMHSA-N,CC(=O)N[C@@H](CSCC=C)C(=O)O
2-hydroxyhippurate (salicylurate),ONJSZLXSECQROL-UHFFFAOYSA-N,C1=CC=C(C(=C1)C(=O)NCC(=O)O)O
stachydrine,CMUNUTVVOOHQPW-LURJTMIESA-N,C[N+]1(CCC[C@H]1C(=O)[O-])C
erucate (22:1n9),DPUOLQHDNGRHBS-KTKRTIGZSA-N,CCCCCCCC/C=C\CCCCCCCCCCCC(=O)O
hydroquinone sulfate,FPXPQMOQWJZYBL-UHFFFAOYSA-N,C1=CC(=CC=C1O)OS(=O)(=O)O
ginkgolic acid C13:0,VEPUCZUJLKAVNM-UHFFFAOYSA-N,CCCCCCCCCCCCCC1=C(C(=CC=C1)O)C(=O)O
N-succinyl-phenylalanine,CWAGPBPLOYGROC-UHFFFAOYSA-N,C1=CC=C(C=C1)CC(C(=O)O)NC(=O)CCC(=O)O
taurolithocholate,QBYUNVOYXHFVKC-JIOVCDOMSA-N,CC(CCC(=O)NCCS(=O)(=O)O)[C@H]1CC[C@@H]2[C@@]1(CC[C@H]3[C@H]2CC[C@H]4[C@@]3(CC[C@H](C4)O)C)C
1-palmitoyl-2-stearoyl-GPC (16:0/18:0),PZNPLUBHRSSFHT-RRHRGVEJSA-N,CCCCCCCCCCCCCCCCCC(=O)O[C@H](COC(=O)CCCCCCCCCCCCCCC)COP(=O)([O-])OCC[N+](C)(C)C
"1,1-kestotetraose",FLDFNEBHEXLZRX-DLQNOBSRSA-N,C([C@@H]1[C@H]([C@@H]([C@H]([C@H](O1)O[C@]2([C@H]([C@@H]([C@H](O2)CO)O)O)CO[C@]3([C@H]([C@@H]([C@H](O3)CO)O)O)CO[C@]4([C@H]([C@@H]([C@H](O4)CO)O)O)CO)O)O)O)O
5-(2-Hydroxyethyl)-4-methylthiazole,BKAWJIRCKVUVED-UHFFFAOYSA-N,CC1=C(SC=N1)CCO
1-methylurate,QFDRTQONISXGJA-UHFFFAOYSA-N,CN1C(=O)C2=C(NC(=O)N2)NC1=O
N-acetylpyrraline,CMFWLOPIOWBYCM-UHFFFAOYSA-N,CC(=O)N1CCC=C1
isovitexin,MYXNWGACZJSMBT-VJXVFPJBSA-N,C1=CC(=CC=C1C2=CC(=O)C3=C(O2)C=C(C(=C3O)[C@H]4[C@@H]([C@H]([C@@H]([C@H](O4)CO)O)O)O)O)O
androsterone glucuronide,VFUIRAVTUVCQTF-BSOWLZGZSA-N,C[C@]12CC[C@H](C[C@@H]1CC[C@@H]3[C@@H]2CC[C@]4([C@H]3CCC4=O)C)O[C@H]5[C@@H]([C@H]([C@@H]([C@H](O5)C(=O)O)O)O)O
behenoyl sphingomyelin (d18:1/22:0)*,FJJANLYCZUNFSE-TWKUQIQBSA-N,CCCCCCCCCCCCCCCCCCCCCC(=O)N[C@@H](COP(=O)([O-])OCC[N+](C)(C)C)[C@@H](/C=C/CCCCCCCCCCCCC)O
N-carbamoylalanine,LUSWEUMSEVLFEQ-UHFFFAOYSA-N,CC(C(=O)O)NC(=O)N
N-linoleoylglycine,YCRHZEHWEYAHCO-HZJYTTRNSA-N,CCCCC/C=C\C/C=C\CCCCCCCC(=O)NCC(=O)O
2-hydroxyoleate,JBSOOFITVPOOSY-KTKRTIGZSA-N,CCCCCCCC/C=C\CCCCCCC(C(=O)O)O
(3'-5')-adenylylguanosine*,LWBLDUTUVIXFJE-INFSMZHSSA-N,C1=NC(=C2C(=N1)N(C=N2)[C@H]3[C@@H]([C@@H]([C@H](O3)CO)OP(=O)(O)OC[C@@H]4[C@H]([C@H]([C@@H](O4)N5C=NC6=C5NC(=NC6=O)N)O)O)O)N
1-methylguanidine,CHJJGSNFBQVOTG-UHFFFAOYSA-N,CN=C(N)N
N-palmitoyl-sphinganine (d18:0/16:0),GCGTXOVNNFGTPQ-JHOUSYSJSA-N,CCCCCCCCCCCCCCC[C@H]([C@H](CO)NC(=O)CCCCCCCCCCCCCCC)O
cholate,BHQCQFFYRZLCQQ-OELDTZBJSA-N,C[C@H](CCC(=O)O)[C@H]1CC[C@@H]2[C@@]1([C@H](C[C@H]3[C@H]2[C@@H](C[C@H]4[C@@]3(CC[C@H](C4)O)C)O)O)C
methylurea,XGEGHDBEHXKFPX-UHFFFAOYSA-N,CNC(=O)N
fructosyllysine,BFSYFTQDGRDJNV-QCNRFFRDSA-N,C(CCNCC(=O)[C@H]([C@@H]([C@@H](CO)O)O)O)C[C@H](C(=O)O)N
N-succinyl-leucine,NEOQZHHRAAELEV-UHFFFAOYSA-N,CC(C)CC(C(=O)O)NC(=O)CCC(=O)O
5-methylhexanoate (i7:0),MHPUGCYGQWGLJL-UHFFFAOYSA-N,CC(C)CCCC(=O)O
O-desmethyltramadol,UWJUQVWARXYRCG-UHFFFAOYSA-N,CN(C)CC1CCCCC1(C2=CC(=CC=C2)O)O
1-methyladenosine,GFYLSDSUCHVORB-IOSLPCCCSA-N,CN1C=NC2=C(C1=N)N=CN2[C@H]3[C@@H]([C@@H]([C@H](O3)CO)O)O
palmitoyl dihydrosphingomyelin (d18:0/16:0)*,QHZIGNLCLJPLCU-QPPIDDCLSA-N,CCCCCCCCCCCCCCC[C@H]([C@H](COP(=O)([O-])OCC[N+](C)(C)C)NC(=O)CCCCCCCCCCCCCCC)O
dipicolinate,WJJMNDUMQPNECX-UHFFFAOYSA-N,C1=CC(=NC(=C1)C(=O)O)C(=O)O
N-methylhydantoin,RHYBFKMFHLPQPH-UHFFFAOYSA-N,CN1CC(=O)NC1=O
2-hydroxypalmitate,JGHSBPIZNUXPLA-UHFFFAOYSA-N,CCCCCCCCCCCCCCC(C(=O)O)O
"2R,3R-dihydroxybutyrate",LOUGYXZSURQALL-PWNYCUMCSA-N,C[C@H]([C@H](C(=O)O)O)O
pregnenolone sulfate,DIJBBUIOWGGQOP-QGVNFLHTSA-N,CC(=O)[C@H]1CC[C@@H]2[C@@]1(CC[C@H]3[C@H]2CC=C4[C@@]3(CC[C@@H](C4)OS(=O)(=O)O)C)C
valylleucine,XCTHZFGSVQBHBW-UHFFFAOYSA-N,CC(C)CC(C(=O)O)NC(=O)C(C(C)C)N
SQDG (18:3/16:0),ZAHARQGLYKGAHR-BDZZRMAQSA-N,CCCCCCCCCCCCCCCC(=O)O[C@H](CO[C@@H]1[C@@H]([C@H]([C@@H]([C@H](O1)CS(=O)(=O)O)O)O)O)COC(=O)CCCCCCC/C=C\C/C=C\C/C=C\CC
phenylalanylalanine,MIDZLCFIAINOQN-WPRPVWTQSA-N,C[C@@H](C(=O)O)NC(=O)[C@H](CC1=CC=CC=C1)N
1-palmitoylglycerol (16:0),QHZLMUACJMDIAE-UHFFFAOYSA-N,CCCCCCCCCCCCCCCC(=O)OCC(CO)O
stearoyl sphingomyelin (d18:1/18:0),LKQLRGMMMAHREN-YJFXYUILSA-N,CCCCCCCCCCCCCCCCCC(=O)N[C@@H](COP(=O)([O-])OCC[N+](C)(C)C)[C@@H](/C=C/CCCCCCCCCCCCC)O
4-ethylphenyl sulfate,DWZGLEPNCRFCEP-UHFFFAOYSA-N,CCC1=CC=C(C=C1)OS(=O)(=O)O
glycoursodeoxycholate,GHCZAUBVMUEKKP-XROMFQGDSA-N,C[C@H](CCC(=O)NCC(=O)O)[C@H]1CC[C@@H]2[C@@]1(CC[C@H]3[C@H]2[C@H](C[C@H]4[C@@]3(CC[C@H](C4)O)C)O)C
indolin-2-one,JYGFTBXVXVMTGB-UHFFFAOYSA-N,C1C2=CC=CC=C2NC1=O
methionine sulfone,UCUNFLYVYCGDHP-UHFFFAOYSA-N,CS(=O)(=O)CCC(C(=O)O)N
isocitric lactone,UKZDIMBDWHZXOK-UHFFFAOYSA-N,C1C(C(OC1=O)C(=O)O)C(=O)O
p-toluic acid,LPNBBFKOUUSUDB-UHFFFAOYSA-N,CC1=CC=C(C=C1)C(=O)O
7-methylurate,YHNNPKUFPWLTOP-UHFFFAOYSA-N,CN1C2=C(NC(=O)NC2=O)NC1=O
mannitol/sorbitol,FBPFZTCFMRRESA-JGWLITMVSA-N,C([C@H]([C@H]([C@@H]([C@H](CO)O)O)O)O)O
3-methyladipate,SYEOWUNSTUDKGM-UHFFFAOYSA-N,CC(CCC(=O)O)CC(=O)O
2'-deoxyguanosine,YKBGVTZYEHREMT-KVQBGUIXSA-N,C1[C@@H]([C@H](O[C@H]1N2C=NC3=C2NC(=NC3=O)N)CO)O
3'-sialyllactose,OIZGSVFYNBZVIK-FHHHURIISA-N,CC(=O)N[C@@H]1[C@H](C[C@@](O[C@H]1[C@@H]([C@@H](CO)O)O)(C(=O)O)O[C@H]2[C@H]([C@H](O[C@H]([C@@H]2O)O[C@H]([C@@H](CO)O)[C@@H]([C@H](C=O)O)O)CO)O)O
4-vinylphenol sulfate,IETVQHUKTKKBFF-UHFFFAOYSA-N,C=CC1=CC=C(C=C1)OS(=O)(=O)O
naringenin 7-O-glucoside,DLIKSSGEMUFQOK-SFTVRKLSSA-N,C1[C@H](OC2=CC(=CC(=C2C1=O)O)O[C@H]3[C@@H]([C@H]([C@@H]([C@H](O3)CO)O)O)O)C4=CC=C(C=C4)O
N-acetylserine,JJIHLJJYMXLCOY-BYPYZUCNSA-N,CC(=O)N[C@@H](CO)C(=O)O
kynurenine,YGPSJZOEDVAXAB-QMMMGPOBSA-N,C1=CC=C(C(=C1)C(=O)C[C@@H](C(=O)O)N)N
dihydroorotate,UFIVEPVSAGBUSI-UHFFFAOYSA-N,C1C(NC(=O)NC1=O)C(=O)O
N-monomethylarginine,NTNWOCRCBQPEKQ-YFKPBYRVSA-N,CN=C(N)NCCC[C@@H](C(=O)O)N
1-palmitoyl-GPA (16:0),YNDYKPRNFWPPFU-GOSISDBHSA-N,CCCCCCCCCCCCCCCC(=O)OC[C@H](COP(=O)(O)O)O
N1-Methyl-2-pyridone-5-carboxamide,JLQSXXWTCJPCBC-UHFFFAOYSA-N,CN1C=C(C=CC1=O)C(=O)N
2-O-methylascorbic acid,RMHBODZVODTFAH-UHFFFAOYSA-N,COC1=C(OC(C1=O)C(CO)O)O
androsterone sulfate,ZMITXKRGXGRMKS-HLUDHZFRSA-N,C[C@]12CC[C@H](C[C@@H]1CC[C@@H]3[C@@H]2CC[C@]4([C@H]3CCC4=O)C)OS(=O)(=O)O
1-methylnicotinamide,LDHMAVIPBRSVRG-UHFFFAOYSA-O,C[N+]1=CC=CC(=C1)C(=O)N
phosphate,NBIIXXVUZAFLBC-UHFFFAOYSA-K,[O-]P(=O)([O-])[O-]
3-hydroxyhexanoate,HPMGFDVTYHWBAG-UHFFFAOYSA-N,CCCC(CC(=O)O)O
tauro-beta-muricholate,XSOLDPYUICCHJX-OEYGYFRSSA-N,C[C@H](CCC(=O)NCCS(=O)(=O)O)[C@H]1CCC2[C@@]1(CCC3C2[C@H]([C@H]([C@H]4[C@@]3(CC[C@H](C4)O)C)O)O)C
mannonate*,RGHNJXZEOKUKBD-MBMOQRBOSA-N,C([C@H]([C@H]([C@@H]([C@@H](C(=O)O)O)O)O)O)O
isovalerate (C5),GWYFCOCPABKNJV-UHFFFAOYSA-N,CC(C)CC(=O)O
chrysin,RTIXKCRFFJGDFG-UHFFFAOYSA-N,C1=CC=C(C=C1)C2=CC(=O)C3=C(C=C(C=C3O2)O)O
vanillactate,SVYIZYRTOYHQRE-UHFFFAOYSA-N,COC1=C(C=CC(=C1)CC(C(=O)O)O)O
spermidine,ATHGHQPFGPMSJY-UHFFFAOYSA-N,C(CCNCCCN)CN
3-fucosyllactose,AUNPEJDACLEKSC-ZAYDSPBTSA-N,C[C@H]1[C@H]([C@H]([C@@H]([C@@H](O1)O[C@H]2[C@H]([C@H](O[C@H]([C@@H]2O)O[C@@H]3[C@H](OC([C@@H]([C@H]3O)O)O)CO)CO)O)O)O)O
naringin,DFPMSGMNTNDNHN-CSIAVLANSA-N,C[C@@H]1[C@@H]([C@@H]([C@H]([C@H](O1)O[C@@H]2[C@H]([C@@H]([C@H](O[C@H]2OC3=CC(=C4C(=O)C[C@H](OC4=C3)C5=CC=C(C=C5)O)O)CO)O)O)O)O)O
N-acetylasparagine,HXFOXFJUNFFYMO-BYPYZUCNSA-N,CC(=O)N[C@@H](CC(=O)N)C(=O)O
sulfate*,QAOWNCQODCNURD-UHFFFAOYSA-N,OS(=O)(=O)O
10-hydroxystearate,PAZZVPKITDJCPV-UHFFFAOYSA-N,CCCCCCCCC(CCCCCCCCC(=O)O)O
4-hydroxyglutamate,HBDWQSHEVMSFGY-SCQFTWEKSA-N,C([C@@H](C(=O)O)N)C(C(=O)O)O
1-linolenoylglycerol (18:3),XQBHBEXBUZDCRY-FFXVNFNPSA-N,CCCCC/C=C\C/C=C\C/C=C\CCCCC(=O)OC[C@H](CO)O
N-acetylcitrulline,WMQMIOYQXNRROC-LURJTMIESA-N,CC(=O)N[C@@H](CCCNC(=O)N)C(=O)O
phenylacetylglutamate,PTSRBZOZSRJCKX-JTQLQIEISA-N,C1=CC=C(C=C1)CC(=O)N[C@@H](CCC(=O)O)C(=O)O
2-acetamidophenol sulfate,JCVGTUVGDOWZJE-UHFFFAOYSA-N,CC(=O)NC1=CC=CC=C1OS(=O)(=O)O
tryptophylglycine,UYKREHOKELZSPB-UHFFFAOYSA-N,C1=CC=C2C(=C1)C(=CN2)CC(C(=O)NCC(=O)O)N
1-ribosyl-imidazoleacetate*,AHPWEWASPTZMEK-UHFFFAOYSA-N,C1=C(N=CN1C2C(C(C(O2)CO)O)O)CC(=O)O
N-formylmethionine,PYUSHNKNPOHWEZ-YFKPBYRVSA-N,CSCC[C@@H](C(=O)O)NC=O
gentisic acid-5-glucoside,CBTFERBMQQAROP-BZNQNGANSA-N,C1=CC(=C(C=C1O[C@H]2[C@@H]([C@H]([C@@H]([C@H](O2)CO)O)O)O)C(=O)O)O
N-acetylvaline,IHYJTAOFMMMOPX-LURJTMIESA-N,CC(C)[C@@H](C(=O)O)NC(=O)C
carnosine,CQOVPNPJLQNMDC-ZETCQYMHSA-N,C1=C(NC=N1)C[C@@H](C(=O)O)NC(=O)CCN
dibutyl sulfosuccinate,YPDHMBTYUUZFOA-UHFFFAOYSA-N,CCCCOC(=O)CC(C(=O)OCCCC)S(=O)(=O)O
phytosphingosine,AERBNCYCJBRYDG-KSZLIROESA-N,CCCCCCCCCCCCCC[C@H]([C@H]([C@H](CO)N)O)O
isoleucine,AGPKZVBTJJNPAG-WHFBIAKZSA-N,CC[C@H](C)[C@@H](C(=O)O)N
N-acetyltryptophan,DZTHIGRZJZPRDV-LBPRGKRZSA-N,CC(=O)N[C@@H](CC1=CNC2=CC=CC=C21)C(=O)O
thymine,RWQNBRDOKXIBIV-UHFFFAOYSA-N,CC1=CNC(=O)NC1=O
ranitidine N-oxide*,DFJVUWAHTQPQCV-MDWZMJQESA-N,CN/C(=C\[N+](=O)[O-])/NCCSCC1=CC=C(O1)C[N+](C)(C)[O-]
phenyllactate (PLA),VOXXWSYKYCBWHO-UHFFFAOYSA-N,C1=CC=C(C=C1)CC(C(=O)O)O
octanoylcarnitine (C8),CXTATJFJDMJMIY-UHFFFAOYSA-N,CCCCCCCC(=O)OC(CC(=O)[O-])C[N+](C)(C)C
glycerophosphoinositol*,BMVUIWJCUQSHLZ-LIPDPKNMSA-N,C(C(COP(=O)(O)OC1[C@H]([C@H](C([C@H]([C@@H]1O)O)O)O)O)O)O
8-methoxykynurenate,BXZSKDOPGDPDEG-UHFFFAOYSA-N,COC1=CC=CC2=C1NC(=CC2=O)C(=O)O
beta-guanidinopropanoate,KMXXSJLYVJEBHI-UHFFFAOYSA-N,C(CN=C(N)N)C(=O)O
creatinine,DDRJAANPRJIHGJ-UHFFFAOYSA-N,CN1CC(=O)N=C1N
gamma-aminobutyrate (GABA),BTCSSZJGUNDROE-UHFFFAOYSA-N,C(CC(=O)O)CN
tauroursodeoxycholate,BHTRKEVKTKCXOH-LBSADWJPSA-N,C[C@H](CCC(=O)NCCS(=O)(=O)O)[C@H]1CC[C@@H]2[C@@]1(CC[C@H]3[C@H]2[C@H](C[C@H]4[C@@]3(CC[C@H](C4)O)C)O)C
malonate,OFOBLEOULBTSOW-UHFFFAOYSA-N,C(C(=O)O)C(=O)O
diosmetin,MBNGWHIJMBWFHU-UHFFFAOYSA-N,COC1=C(C=C(C=C1)C2=CC(=O)C3=C(C=C(C=C3O2)O)O)O
raltegravir,CZFFBEXEKNGXKS-UHFFFAOYSA-N,CC1=NN=C(O1)C(=O)NC(C)(C)C2=NC(=C(C(=O)N2C)O)C(=O)NCC3=CC=C(C=C3)F
gamma-glutamylglutamate,OWQDWQKWSLFFFR-WDSKDSINSA-N,C(CC(=O)N[C@@H](CCC(=O)O)C(=O)O)[C@@H](C(=O)O)N
4-acetamidophenol,RZVAJINKPMORJF-UHFFFAOYSA-N,CC(=O)NC1=CC=C(C=C1)O
glycylleucine,DKEXFJVMVGETOO-LURJTMIESA-N,CC(C)C[C@@H](C(=O)O)NC(=O)CN
indolelactate,XGILAAMKEQUXLS-UHFFFAOYSA-N,C1=CC=C2C(=C1)C(=CN2)CC(C(=O)O)O
"2,4,6-trihydroxybenzoate",IBHWREHFNDMRPR-UHFFFAOYSA-N,C1=C(C=C(C(=C1O)C(=O)O)O)O
phytanate,RLCKHJSFHOZMDR-UHFFFAOYSA-N,CC(C)CCCC(C)CCCC(C)CCCC(C)CC(=O)O
N-carbamoylaspartate,HLKXYZVTANABHZ-REOHCLBHSA-N,C([C@@H](C(=O)O)NC(=O)N)C(=O)O
N-formylanthranilic acid,LLLPDUXGHXIXIW-UHFFFAOYSA-N,C1=CC=C(C(=C1)C(=O)O)NC=O
dihomolinolenate (20:3n3 or 3n6),HOBAELRKJCKHQD-QNEBEIHSSA-N,CCCCC/C=C\C/C=C\C/C=C\CCCCCCC(=O)O
benzoate,WPYMKLBDIGXBTP-UHFFFAOYSA-N,C1=CC=C(C=C1)C(=O)O
2-hydroxylaurate,YDZIJQXINJLRLL-UHFFFAOYSA-N,CCCCCCCCCCC(C(=O)O)O
norvaline,SNDPXSYFESPGGJ-UHFFFAOYSA-N,CCCC(C(=O)O)N
3-hydroxytridecanoate,CWSNHZHHWHLJIM-UHFFFAOYSA-N,CCCCCCCCCCC(CC(=O)O)O
tricosanoyl sphingomyelin (d18:1/23:0)*,SXZWBNWTCVLZJN-NMIJJABPSA-N,CCCCCCCCCCCCCCCCCCCCCCC(=O)N[C@@H](COP(=O)([O-])OCC[N+](C)(C)C)[C@@H](/C=C/CCCCCCCCCCCCC)O
tryptophan,QIVBCDIJIAJPQS-VIFPVBQESA-N,C1=CC=C2C(=C1)C(=CN2)C[C@@H](C(=O)O)N
hydroxyproline,PMMYEEVYMWASQN-DMTCNVIQSA-N,C1[C@H](CN[C@@H]1C(=O)O)O
gamma-glutamylhistidine,PXVCMZCJAUJLJP-YUMQZZPRSA-N,C1=C(NC=N1)C[C@@H](C(=O)O)NC(=O)CC[C@@H](C(=O)O)N
3-hydroxymargaroylglycine,IEWHONSDBIATGX-UHFFFAOYSA-N,CCCCCCCCCCCCCCC(CC(=O)NCC(=O)O)O
p-cresol glucuronide*,JPAUCQAJHLSMQW-XPORZQOISA-N,CC1=CC=C(C=C1)O[C@H]2[C@@H]([C@H]([C@@H]([C@H](O2)C(=O)O)O)O)O
thiamin (Vitamin B1),JZRWCGZRTZMZEH-UHFFFAOYSA-N,CC1=C(SC=[N+]1CC2=CN=C(N=C2N)C)CCO
hexadecanedioate (C16),QQHJDPROMQRDLA-UHFFFAOYSA-N,C(CCCCCCCC(=O)O)CCCCCCC(=O)O
gamma-glutamyl-epsilon-lysine,JPKNLFVGUZRHOB-YUMQZZPRSA-N,C(CCNC(=O)CC[C@@H](C(=O)[O-])[NH3+])C[C@@H](C(=O)[O-])[NH3+]
(R)-salsolinol,IBRKLUSXDYATLG-UHFFFAOYSA-N,CC1C2=CC(=C(C=C2CCN1)O)O
docosapentaenoate (n6 DPA; 22:5n6),AVKOENOBFIYBSA-WMPRHZDHSA-N,CCCCC/C=C\C/C=C\C/C=C\C/C=C\C/C=C\CCC(=O)O
N-acetylglutamine,KSMRODHGGIIXDV-YFKPBYRVSA-N,CC(=O)N[C@@H](CCC(=O)N)C(=O)O
cysteine,XUJNEKJLAYXESH-REOHCLBHSA-N,C([C@@H](C(=O)O)N)S
ranitidine,VMXUWOKSQNHOCA-UKTHLTGXSA-N,CN/C(=C\[N+](=O)[O-])/NCCSCC1=CC=C(O1)CN(C)C
fructose,BJHIKXHVCXFQLS-UYFOZJQFSA-N,C([C@H]([C@H]([C@@H](C(=O)CO)O)O)O)O
beta-hydroxyisovalerate,AXFYFNCPONWUHW-UHFFFAOYSA-N,CC(C)(CC(=O)O)O
isohyodeoxycholate,DGABKXLVXPYZII-MMTMODRTSA-N,C[C@H](CCC(=O)O)[C@H]1CC[C@@H]2[C@@]1(CC[C@H]3[C@H]2C[C@@H]([C@H]4[C@@]3(CC[C@@H](C4)O)C)O)C
epicatechin,PFTAWBLQPZVEMU-UKRRQHHQSA-N,C1[C@H]([C@H](OC2=CC(=CC(=C21)O)O)C3=CC(=C(C=C3)O)O)O
3beta-hydroxy-5-cholestenoate,WVXOMPRLWLXFAP-AMQKJUDNSA-N,C[C@H](CCCC(C)C(=O)O)[C@H]1CC[C@@H]2[C@@]1(CC[C@H]3[C@H]2CC=C4[C@@]3(CC[C@@H](C4)O)C)C
theanine,DATAGRPVKZEWHA-YFKPBYRVSA-N,CCNC(=O)CC[C@@H](C(=O)O)N
5-acetylamino-6-formylamino-3-methyluracil,RDZNZFGKEVDNPK-UHFFFAOYSA-N,CC(=O)NC1=C(NC(=O)N(C1=O)C)NC=O
(3'-5')-adenylyluridine,RNNPIPQLZRGXIG-KPKSGTNCSA-N,C1=CN(C(=O)NC1=O)[C@H]2[C@@H]([C@@H]([C@H](O2)COP(=O)(O)O[C@@H]3[C@H](O[C@H]([C@@H]3O)N4C=NC5=C(N=CN=C54)N)CO)O)O
glutamine,ZDXPYRJPNDTMRX-VKHMYHEASA-N,C(CC(=O)N)[C@@H](C(=O)O)N
1-stearoyl-2-oleoyl-GPS (18:0/18:1),AJFWREUFUPEYII-PAHWMLEVSA-N,CCCCCCCCCCCCCCCCCC(=O)OC[C@H](COP(=O)(O)OC[C@@H](C(=O)O)N)OC(=O)CCCCCCC/C=C\CCCCCCCC
1-palmitoyl-GPS (16:0)*,XIVOBOJQPNEUSC-UXHICEINSA-N,CCCCCCCCCCCCCCCC(=O)OC[C@H](COP(=O)(O)OC[C@@H](C(=O)O)N)O
picolinoylglycine,MNYZGNSHBPLAFN-UHFFFAOYSA-N,C1=CC=NC(=C1)C(=O)NCC(=O)O
nomilin,KPDOJFFZKAUIOE-WNGDLQANSA-N,CC(=O)O[C@H]1CC(=O)OC([C@H]2[C@]1([C@H]3CC[C@]4([C@@H](OC(=O)[C@@H]5[C@@]4([C@@]3(C(=O)C2)C)O5)C6=COC=C6)C)C)(C)C
pyruvate,LCTONWCANYUPML-UHFFFAOYSA-N,CC(=O)C(=O)O
taurodeoxycholate,AWDRATDZQPNJFN-VAYUFCLWSA-N,C[C@H](CCC(=O)NCCS(=O)(=O)O)[C@H]1CC[C@@H]2[C@@]1([C@H](C[C@H]3[C@H]2CC[C@H]4[C@@]3(CC[C@H](C4)O)C)O)C
S-allylcysteine,ZFAHNWWNDFHPOH-UHFFFAOYSA-N,C=CCSCC(C(=O)O)N
nicotinic acid mononucleotide (NaMN),JOUIQRNQJGXQDC-ZYUZMQFOSA-N,C1=CC(=C[N+](=C1)[C@H]2[C@@H]([C@@H]([C@H](O2)COP(=O)(O)O)O)O)C(=O)[O-]
N6-carbamoylthreonyladenosine,UNUYMBPXEFMLNW-DWVDDHQFSA-N,C[C@H]([C@@H](C(=O)O)NC(=O)NC1=C2C(=NC=N1)N(C=N2)[C@H]3[C@@H]([C@@H]([C@H](O3)CO)O)O)O
tiglyl carnitine (C5),WURBQCVBQNMUQT-RMKNXTFCSA-N,C/C=C(\C)/C(=O)OC(CC(=O)[O-])C[N+](C)(C)C
2-hydroxysebacate,LPIOYESQKJFWPQ-UHFFFAOYSA-N,C(CCCC(C(=O)O)O)CCCC(=O)O
trazadone,PHLBKPHSAVXXEF-UHFFFAOYSA-N,C1CN(CCN1CCCN2C(=O)N3C=CC=CC3=N2)C4=CC(=CC=C4)Cl
indole-3-acetamide,ZOAMBXDOGPRZLP-UHFFFAOYSA-N,C1=CC=C2C(=C1)C(=CN2)CC(=O)N
4-methyl-2-oxopentanoate,BKAJNAXTPSGJCU-UHFFFAOYSA-N,CC(C)CC(=O)C(=O)O
2-methylbutyrylcarnitine (C5),IHCPDBBYTYJYIL-UHFFFAOYSA-N,CCC(C)C(=O)OC(CC(=O)[O-])C[N+](C)(C)C
(3'-5')-guanylylcytidine,DQTQQHQGSZWEMR-VMIOUTBZSA-N,C1=CN(C(=O)N=C1N)[C@H]2[C@@H]([C@@H]([C@H](O2)COP(=O)(O)O[C@@H]3[C@H](O[C@H]([C@@H]3O)N4C=NC5=C4NC(=NC5=O)N)CO)O)O
solifenacin,FBOUYBDGKBSUES-UHFFFAOYSA-N,C1CN2CCC1C(C2)OC(=O)N3CCC4=CC=CC=C4C3C5=CC=CC=C5
3-hydroxymyristate,ATRNZOYKSNPPBF-UHFFFAOYSA-N,CCCCCCCCCCCC(CC(=O)O)O
5alpha-pregnan-diol disulfate,LSQGWMYMIHQKSA-UHFFFAOYSA-N,CC(C1CCC2C1(CCC3C2CCC4C3(CCC(C4)OS(=O)(=O)O)C)C)OS(=O)(=O)O
N6-succinyladenosine,VKGZCEJTCKHMRL-MDBUBQOGSA-N,C1=NC(=C2C(=N1)N(C=N2)[C@@H]3[C@@H]([C@@H]([C@H](O3)CO)O)O)N[C@@H](CC(=O)O)C(=O)O
malonylcarnitine,ZGNBLKBZJBJFDG-ZETCQYMHSA-N,C[N+](C)(C)C[C@H](CC(=O)[O-])OC(=O)CC(=O)O
galactosylglycerol,NHJUPBDCSOGIKX-NTXXKDEISA-N,C([C@@H]1[C@@H]([C@@H]([C@H]([C@@H](O1)OC[C@@H](CO)O)O)O)O)O
N-acetylmethionine,XUYPXLNMDZIRQH-LURJTMIESA-N,CC(=O)N[C@@H](CCSC)C(=O)O
N-acetylglucosamine 6-sulfate,NHZWETQZLORZIR-OSMVPFSASA-N,CC(=O)N[C@@H](C=O)[C@H]([C@H]([C@@H](COS(=O)(=O)O)O)O)O
maltol,XPCTZQVDEJYUGT-UHFFFAOYSA-N,CC1=C(C(=O)C=CO1)O
orotate,PXQPEWDEAKTCGB-UHFFFAOYSA-N,C1=C(NC(=O)NC1=O)C(=O)O
dihydroquercetin,CXQWRCVTCMQVQX-UHFFFAOYSA-N,C1=CC(=C(C=C1C2C(C(=O)C3=C(C=C(C=C3O2)O)O)O)O)O
tramadol,TVYLLZQTGLZFBW-ZBFHGGJFSA-N,CN(C)C[C@H]1CCCC[C@@]1(C2=CC(=CC=C2)OC)O
S-methylmethionine,YDBYJHTYSHBBAU-UHFFFAOYSA-O,C[S+](C)CCC(C(=O)O)N
acetylcarnitine (C2),RDHQFKQIGNGIED-UHFFFAOYSA-N,CC(=O)OC(CC(=O)[O-])C[N+](C)(C)C
4-hydroxyhippurate,ZMHLUFWWWPBTIU-UHFFFAOYSA-N,C1=CC(=CC=C1C(=O)NCC(=O)O)O
syringic acid,JMSVCTWVEWCHDZ-UHFFFAOYSA-N,COC1=CC(=CC(=C1O)OC)C(=O)O
carboxyibuprofen,DIVLBIVDYADZPL-UHFFFAOYSA-N,CC(CC1=CC=C(C=C1)C(C)C(=O)O)C(=O)O
glycerophosphoglycerol,LLCSXHMJULHSJN-UHFFFAOYSA-N,C(C(COP(=O)(O)OCC(CO)O)O)O
3-hydroxydecanoate,FYSSBMZUBSBFJL-UHFFFAOYSA-N,CCCCCCCC(CC(=O)O)O
spermine,PFNFFQXMRSDOHW-UHFFFAOYSA-N,C(CCNCCCN)CNCCCN
(16 or 17)-methylstearate (a19:0 or i19:0),YETXGSGCWODRAA-UHFFFAOYSA-N,CC(C)CCCCCCCCCCCCCCCC(=O)O
10-nonadecenoate (19:1n9),BBOWBNGUEWHNQZ-KTKRTIGZSA-N,CCCCCCCC/C=C\CCCCCCCCC(=O)O
nicotinate ribonucleoside,PUEDDPCUCPRQNY-ZYUZMQFOSA-O,C1=CC(=C[N+](=C1)[C@H]2[C@@H]([C@@H]([C@H](O2)CO)O)O)C(=O)O
N-acetylarginine,SNEIUMQYRCDYCH-LURJTMIESA-N,CC(=O)N[C@@H](CCCN=C(N)N)C(=O)O
1-methyladenine,HPZMWTNATZPBIH-UHFFFAOYSA-N,CN1C=NC2=NC=NC2=C1N
phenethylamine,BHHGXPLMPWCGHP-UHFFFAOYSA-N,C1=CC=C(C=C1)CCN
anthranilate,RWZYAGGXGHYGMB-UHFFFAOYSA-N,C1=CC=C(C(=C1)C(=O)O)N
xanthurenate,FBZONXHGGPHHIY-UHFFFAOYSA-N,C1=CC2=C(C(=C1)O)NC(=CC2=O)C(=O)O
2-palmitoyl-GPC* (16:0)*,NEGQHKSYEYVFTD-HSZRJFAPSA-N,CCCCCCCCCCCCCCCC(=O)O[C@H](CO)COP(=O)([O-])OCC[N+](C)(C)C
maleate,VZCYOOQTPOCHFL-UPHRSURJSA-N,C(=C\C(=O)O)\C(=O)O
"2,4-dihydroxyhydrocinnamate",HMCMTJPPXSGYJY-UHFFFAOYSA-N,C1=CC(=C(C=C1O)O)CCC(=O)O
formiminoglutamate,NRXIKWMTVXPVEF-BYPYZUCNSA-N,C(CC(=O)O)[C@@H](C(=O)O)N=CN
lignoceroyl sphingomyelin (d18:1/24:0),QEDPUVGSSDPBMD-XTAIVQBESA-N,CCCCCCCCCCCCCCCCCCCCCCCC(=O)N[C@@H](COP(=O)([O-])OCC[N+](C)(C)C)[C@@H](/C=C/CCCCCCCCCCCCC)O
arabinose,PYMYPHUHKUWMLA-WDCZJNDASA-N,C([C@H]([C@H]([C@@H](C=O)O)O)O)O
3-hydroxyquinine,BSRUJCFCZKMFMB-ZNYHDOEXSA-N,COC1=CC2=C(C=CN=C2C=C1)[C@H]([C@@H]3C[C@H]4CCN3C[C@@]4(C=C)O)O
soyasaponin II,IBZLICPLPYSFNZ-MZKFGPPESA-N,C[C@H]1[C@@H]([C@H]([C@H]([C@@H](O1)O[C@@H]2[C@H]([C@H](CO[C@H]2O[C@@H]3[C@H]([C@@H]([C@H](O[C@H]3O[C@H]4CC[C@]5([C@H]([C@@]4(C)CO)CC[C@@]6([C@@H]5CC=C7[C@]6(CC[C@@]8([C@H]7CC(C[C@@H]8O)(C)C)C)C)C)C)C(=O)O)O)O)O)O)O)O)O
"N,N,N-trimethyl-5-aminovalerate",CDLVFVFTRQPQFU-UHFFFAOYSA-N,C[N+](C)(C)CCCCC(=O)[O-]
beta-citrylglutamate,GAQNUGISBQJMKO-YFKPBYRVSA-J,C(CC(=O)[O-])[C@@H](C(=O)[O-])NC(=O)C(CC(=O)[O-])(CC(=O)[O-])O
valerylglycine (C5),NYZBWOSRZJKQAI-UHFFFAOYSA-N,CCCCC(=O)NCC(=O)O
tenofovir,SGOIRFVFHAKUTI-ZCFIWIBFSA-N,C[C@H](CN1C=NC2=C(N=CN=C21)N)OCP(=O)(O)O
7-ketolithocholate,DXOCDBGWDZAYRQ-AURDAFMXSA-N,C[C@H](CCC(=O)O)[C@H]1CC[C@@H]2[C@@]1(CC[C@H]3[C@H]2C(=O)C[C@H]4[C@@]3(CC[C@H](C4)O)C)C
methyl indole-3-acetate,KTHADMDGDNYQRX-UHFFFAOYSA-N,COC(=O)CC1=CNC2=CC=CC=C21
gamma-tocotrienol,OTXNTMVVOOBZCV-WAZJVIJMSA-N,CC1=C(C=C2CC[C@@](OC2=C1C)(C)CC/C=C(\C)/CC/C=C(\C)/CCC=C(C)C)O
arachidonate (20:4n6),YZXBAPSDXZZRGB-DOFZRALJSA-N,CCCCC/C=C\C/C=C\C/C=C\C/C=C\CCCC(=O)O
leucine,ROHFNLRQFUQHCH-YFKPBYRVSA-N,CC(C)C[C@@H](C(=O)O)N
4-guanidinobutanoate,TUHVEAJXIMEOSA-UHFFFAOYSA-N,C(CC(=O)O)CN=C(N)N
3-indoleglyoxylic acid,DWLVFWDCSFTDOD-UHFFFAOYSA-N,C1=CC=C2C(=C1)C(=CN2)C(=O)C(=O)O
glycolithocholate,XBSQTYHEGZTYJE-OETIFKLTSA-N,C[C@H](CCC(=O)NCC(=O)O)[C@H]1CC[C@@H]2[C@@]1(CC[C@H]3[C@H]2CC[C@H]4[C@@]3(CC[C@H](C4)O)C)C
hexanoyltaurine,ADFXUGRCALOSKU-UHFFFAOYSA-N,CCCCCC(=O)NCCS(=O)(=O)O
3-phenylpropionate (hydrocinnamate),XMIIGOLPHOKFCH-UHFFFAOYSA-N,C1=CC=C(C=C1)CCC(=O)O
5-dodecenoate (12:1n7),IJBFSOLHRKELLR-FPLPWBNLSA-N,CCCCCC/C=C\CCCC(=O)O
hesperidin,QUQPHWDTPGMPEX-QJBIFVCTSA-N,C[C@H]1[C@@H]([C@H]([C@H]([C@@H](O1)OC[C@@H]2[C@H]([C@@H]([C@H]([C@@H](O2)OC3=CC(=C4C(=O)C[C@H](OC4=C3)C5=CC(=C(C=C5)OC)O)O)O)O)O)O)O)O
N-acetylmuramate,MNLRQHMNZILYPY-MKFCKLDKSA-N,C[C@H](C(=O)O)O[C@H]1[C@@H]([C@H](OC([C@@H]1NC(=O)C)O)CO)O
3-(2-hydroxyphenyl)propionate,CJBDUOMQLFKVQC-UHFFFAOYSA-N,C1=CC=C(C(=C1)CCC(=O)O)O
pyridoxal,RADKZDMFGJYCBB-UHFFFAOYSA-N,CC1=NC=C(C(=C1O)C=O)CO
indole-3-carboxylate,KMAKOBLIOCQGJP-UHFFFAOYSA-N,C1=CC=C2C(=C1)C(=CN2)C(=O)O
1-methylxanthine,MVOYJPOZRLFTCP-UHFFFAOYSA-N,CN1C(=O)C2=C(NC1=O)N=CN2
threonate,JPIJQSOTBSSVTP-GBXIJSLDSA-N,C([C@H]([C@@H](C(=O)O)O)O)O
propionylglycine (C3),WOMAZEJKVZLLFE-UHFFFAOYSA-N,CCC(=O)NCC(=O)O
imidazole propionate,ZCKYOWGFRHAZIQ-UHFFFAOYSA-N,C1=C(NC=N1)CCC(=O)O
diphenhydramine,ZZVUWRFHKOJYTH-UHFFFAOYSA-N,CN(C)CCOC(C1=CC=CC=C1)C2=CC=CC=C2
hexadecatrienoate (16:3n3),KBGYPXOSNDMZRV-PDBXOOCHSA-N,CC/C=C\C/C=C\C/C=C\CCCCCC(=O)O
"sphingomyelin (d18:1/24:1, d18:2/24:0)*",WKZHECFHXLTOLJ-QYKFWSDSSA-N,CCCCCCCCCCCCC/C=C/[C@H]([C@H](COP(=O)([O-])OCC[N+](C)(C)C)NC(=O)CCCCCCCCCCCCC/C=C\CCCCCCCC)O
secoisolariciresinol,PUETUDUXMCLALY-HOTGVXAUSA-N,COC1=C(C=CC(=C1)C[C@@H](CO)[C@@H](CC2=CC(=C(C=C2)O)OC)CO)O
theobromine,YAPQBXQYLJRXSA-UHFFFAOYSA-N,CN1C=NC2=C1C(=O)NC(=O)N2C
diacetylspermidine*,SKQLBVJMDVTJMX-UHFFFAOYSA-N,CC(=O)N(CCCCNCCCN)C(=O)C
(3'-5')-uridylyluridine,KXSPLNAXPMVUEC-NCOIDOBVSA-N,C1=CN(C(=O)NC1=O)[C@H]2[C@@H]([C@@H]([C@H](O2)COP(=O)(O)O[C@@H]3[C@H](O[C@H]([C@@H]3O)N4C=CC(=O)NC4=O)CO)O)O
4-acetamidobutanoate,UZTFMUBKZQVKLK-UHFFFAOYSA-N,CC(=O)NCCCC(=O)O
pipecolate,HXEACLLIILLPRG-UHFFFAOYSA-N,C1CCNC(C1)C(=O)O
ibuprofen acyl glucuronide,ABOLXXZAJIAUGR-JPMMFUSZSA-N,CC(C)CC1=CC=C(C=C1)C(C)C(=O)O[C@H]2[C@@H]([C@H]([C@@H]([C@H](O2)C(=O)O)O)O)O
uracil,ISAKRJDGNUQOIC-UHFFFAOYSA-N,C1=CNC(=O)NC1=O
1-methylhypoxanthine,KIQMCGMHGVXDFW-UHFFFAOYSA-N,CN1C=NC2=C(C1=O)NC=N2
phenylalanylglycine,GLUBLISJVJFHQS-UHFFFAOYSA-N,C1=CC=C(C=C1)CC(C(=O)NCC(=O)O)N
chenodeoxycholate,RUDATBOHQWOJDD-BSWAIDMHSA-N,C[C@H](CCC(=O)O)[C@H]1CC[C@@H]2[C@@]1(CC[C@H]3[C@H]2[C@@H](C[C@H]4[C@@]3(CC[C@H](C4)O)C)O)C
phenylalanine,COLNVLDHVKWLRT-QMMMGPOBSA-N,C1=CC=C(C=C1)C[C@@H](C(=O)O)N
ascorbic acid 3-sulfate*,FBFZPSQPKNIVMT-ZAFYKAAXSA-N,C([C@@H]([C@@H]1C(=C(C(=O)O1)O)OS(=O)(=O)O)O)O
trimethylamine N-oxide,UYPYRKYUKCHHIB-UHFFFAOYSA-N,C[N+](C)(C)[O-]
hexanoylglycine (C6),UPCKIPHSXMXJOX-UHFFFAOYSA-N,CCCCCC(=O)NCC(=O)O
lactobacillic acid,IJKRDVKGCQRKBI-UHFFFAOYSA-N,CCCCCCC1CC1CCCCCCCCCC(=O)O
10-heptadecenoate (17:1n7),GDTXICBNEOEPAZ-FPLPWBNLSA-N,CCCCCC/C=C\CCCCCCCCC(=O)O
dimethylarginine (ADMA + SDMA),YDGMGEXADBMOMJ-LURJTMIESA-N,CN(C)C(=NCCC[C@@H](C(=O)O)N)N
cryptochlorogenic acid,GYFFKZTYYAFCTR-DUXPYHPUSA-N,C1C(C(C(CC1(C(=O)O)O)O)OC(=O)/C=C/C2=CC(=C(C=C2)O)O)O
arachidonoyl ethanolamide,LGEQQWMQCRIYKG-DOFZRALJSA-N,CCCCC/C=C\C/C=C\C/C=C\C/C=C\CCCC(=O)NCCO
glycerophosphorylcholine (GPC),SUHOQUVVVLNYQR-QMMMGPOBSA-N,C[N+](C)(C)CCOP(=O)([O-])OC[C@H](CO)O
3-methyl-2-oxobutyrate,QHKABHOOEWYVLI-UHFFFAOYSA-N,CC(C)C(=O)C(=O)O
3-hydroxylaurate,MUCMKTPAZLSKTL-UHFFFAOYSA-N,CCCCCCCCCC(CC(=O)O)O
stigmastadienone,MKGZDUKUQPPHFM-LPJPOILFSA-N,CC[C@H](/C=C/[C@@H](C)[C@H]1CC[C@@H]2[C@@]1(CC[C@H]3[C@H]2CCC4=CC(=O)CC[C@]34C)C)C(C)C
N-carbamoylglutamate,LCQLHJZYVOQKHU-VKHMYHEASA-N,C(CC(=O)O)[C@@H](C(=O)O)NC(=O)N
2-aminophenol sulfate,VSTZVCJQGSLNLL-UHFFFAOYSA-N,C1=CC=C(C(=C1)N)OS(=O)(=O)O
2-oxo-1-pyrrolidinepropionate,XOMYTIUVNSWEAI-UHFFFAOYSA-N,C1CC(=O)N(C1)CCC(=O)O
quinate,AAWZDTNXLSGCEK-LNVDRNJUSA-N,C1[C@H](C([C@@H](CC1(C(=O)O)O)O)O)O
C-glycosyltryptophan,CPXSBHKDEPPWIX-RAYCSJGISA-N,C1=CC=C2C(=C1)C(=C(N2)[C@@H]3[C@H]([C@H]([C@@H]([C@H](O3)CO)O)O)O)C[C@@H](C(=O)O)N
tyrosine,OUYCCCASQSFEME-QMMMGPOBSA-N,C1=CC(=CC=C1C[C@@H](C(=O)O)N)O
sucrose,CZMRCDWAGMRECN-UGDNZRGBSA-N,C([C@@H]1[C@H]([C@@H]([C@H]([C@H](O1)O[C@]2([C@H]([C@@H]([C@H](O2)CO)O)O)CO)O)O)O)O
taurine,XOAAWQZATWQOTB-UHFFFAOYSA-N,C(CS(=O)(=O)O)N
"2,8-quinolinediol",ZXZKYYHTWHJHFT-UHFFFAOYSA-N,C1=CC2=C(C(=C1)O)NC(=O)C=C2
N-acetylphenylalanine,CBQJSKKFNMDLON-JTQLQIEISA-N,CC(=O)N[C@@H](CC1=CC=CC=C1)C(=O)O
heptanoate (7:0),MNWFXJYAOYHMED-UHFFFAOYSA-N,CCCCCCC(=O)O
"3,4-dihydroxybenzoate",YQUVCSBJEUQKSH-UHFFFAOYSA-N,C1=CC(=C(C=C1C(=O)O)O)O
pterin,HNXQXTQTPAJEJL-UHFFFAOYSA-N,C1=CN=C2C(=N1)C(=O)N=C(N2)N
montelukast,UCHDWCPVSPXUMX-TZIWLTJVSA-N,CC(C)(C1=CC=CC=C1CC[C@H](C2=CC=CC(=C2)/C=C/C3=NC4=C(C=CC(=C4)Cl)C=C3)SCC5(CC5)CC(=O)O)O
loperamide,RDOIQAHITMMDAJ-UHFFFAOYSA-N,CN(C)C(=O)C(CCN1CCC(CC1)(C2=CC=C(C=C2)Cl)O)(C3=CC=CC=C3)C4=CC=CC=C4
2'-O-methyluridine,SXUXMRMBWZCMEN-ZOQUXTDFSA-N,CO[C@@H]1[C@@H]([C@H](O[C@H]1N2C=CC(=O)NC2=O)CO)O
histidine,HNDVDQJCIGZPNO-YFKPBYRVSA-N,C1=C(NC=N1)C[C@@H](C(=O)O)N
gamma-glutamylglutamine,JBFYFLXEJFQWMU-WDSKDSINSA-N,C(CC(=O)N[C@@H](CCC(=O)N)C(=O)O)[C@@H](C(=O)O)N
furosemide,ZZUFCTLCJUWOSV-UHFFFAOYSA-N,C1=COC(=C1)CNC2=CC(=C(C=C2C(=O)O)S(=O)(=O)N)Cl
glycochenodeoxycholate,GHCZAUBVMUEKKP-GYPHWSFCSA-N,C[C@H](CCC(=O)NCC(=O)O)[C@H]1CC[C@@H]2[C@@]1(CC[C@H]3[C@H]2[C@@H](C[C@H]4[C@@]3(CC[C@H](C4)O)C)O)C
O-sulfo-L-tyrosine,CIQHWLTYGMYQQR-QMMMGPOBSA-N,C1=CC(=CC=C1C[C@@H](C(=O)O)N)OS(=O)(=O)O
N-methylproline,CWLQUGTUXBXTLF-UHFFFAOYSA-N,CN1CCCC1C(=O)O
lithocholate,SMEROWZSTRWXGI-HVATVPOCSA-N,C[C@H](CCC(=O)O)[C@H]1CC[C@@H]2[C@@]1(CC[C@H]3[C@H]2CC[C@H]4[C@@]3(CC[C@H](C4)O)C)C
(3'-5')-adenylylcytidine,NHEPQPHJXSVOGF-KPKSGTNCSA-N,C1=CN(C(=O)N=C1N)[C@H]2[C@@H]([C@@H]([C@H](O2)COP(=O)(O)O[C@@H]3[C@H](O[C@H]([C@@H]3O)N4C=NC5=C(N=CN=C54)N)CO)O)O
4-acetamidobenzoate,QCXJEYYXVJIFCE-UHFFFAOYSA-N,CC(=O)NC1=CC=C(C=C1)C(=O)O
"3,4-dihydroxyphenylacetate sulfate",ZQTJTTSZJNFQGJ-UHFFFAOYSA-N,C1=CC(=C(C=C1CC(=O)O)O)OS(=O)(=O)O
threonylphenylalanine,IQHUITKNHOKGFC-UHFFFAOYSA-N,CC(C(C(=O)NC(CC1=CC=CC=C1)C(=O)[O-])[NH3+])O
beta-sitosterol,KZJWDPNRJALLNS-VJSFXXLFSA-N,CC[C@H](CC[C@@H](C)[C@H]1CC[C@@H]2[C@@]1(CC[C@H]3[C@H]2CC=C4[C@@]3(CC[C@@H](C4)O)C)C)C(C)C
agmatine,QYPPJABKJHAVHS-UHFFFAOYSA-N,C(CCN=C(N)N)CN
hypotaurine,VVIUBCNYACGLLV-UHFFFAOYSA-N,C(CS(=O)O)N
decanoylcarnitine (C10),LZOSYCMHQXPBFU-UHFFFAOYSA-N,CCCCCCCCCC(=O)OC(CC(=O)[O-])C[N+](C)(C)C
2-hydroxyglutarate,HWXBTNAVRSUOJR-UHFFFAOYSA-N,C(CC(=O)O)C(C(=O)O)O
cortolone glucuronide (1),OKNSFVSKHQJVRN-XAYCFROHSA-N,CC12CC(CCC1CCC3C2C(=O)CC4(C3CCC4(C(CO)O)O)C)O[C@H]5[C@@H]([C@H]([C@@H]([C@H](O5)C(=O)O)O)O)O
pantoate,OTOIIPJYVQJATP-BYPYZUCNSA-N,CC(C)(CO)[C@H](C(=O)O)O
pyrraline,VTYFITADLSVOAS-NSHDSACASA-N,C1=C(N(C(=C1)C=O)CCCC[C@@H](C(=O)O)N)CO
vanillin,MWOOGOJBHIARFG-UHFFFAOYSA-N,COC1=C(C=CC(=C1)C=O)O
tartronate (hydroxymalonate),ROBFUDYVXSDBQM-UHFFFAOYSA-N,C(C(=O)O)(C(=O)O)O
hydantoin-5-propionate,VWFWNXQAMGDPGG-UHFFFAOYSA-N,C(CC(=O)O)C1C(=O)NC(=O)N1
palmitoleoylcarnitine (C16:1)*,JFAGPSOZZSTLRF-KHPPLWFESA-N,CCCCCC/C=C\CCCCCCCC(=O)OC(CC(=O)[O-])C[N+](C)(C)C
glutamate,WHUUTDBJXJRKMK-UHFFFAOYSA-N,C(CC(=O)O)C(C(=O)O)N
N-methylpipecolate,BPSLZWSRHTULGU-ZCFIWIBFSA-N,CN1CCCC[C@@H]1C(=O)O
digalacturonic acid,IGSYEZFZPOZFNC-MMGXBETBSA-N,[C@@H]1([C@H]([C@H](O[C@@H]([C@@H]1O)O[C@@H]2[C@@H]([C@H]([C@H](O[C@@H]2C(=O)O)O)O)O)C(=O)O)O)O
succinylcarnitine (C4-DC),HAEVNYBCYZZDFL-UHFFFAOYSA-N,C[N+](C)(C)CC(CC(=O)[O-])OC(=O)CCC(=O)O
2-hydroxydecanoate,GHPVDCPCKSNJDR-UHFFFAOYSA-N,CCCCCCCCC(C(=O)O)O
8-hydroxyoctanoate,KDMSVYIHKLZKET-UHFFFAOYSA-N,C(CCCC(=O)O)CCCO
retinol (Vitamin A),FPIPGXGPPPQFEQ-OVSJKPMPSA-N,CC1=C(C(CCC1)(C)C)/C=C/C(=C/C=C/C(=C/CO)/C)/C
dihydrocaffeate,DZAUWHJDUNRCTF-UHFFFAOYSA-N,C1=CC(=C(C=C1CCC(=O)O)O)O
glycocholate,RFDAIACWWDREDC-FRVQLJSFSA-N,C[C@H](CCC(=O)NCC(=O)O)[C@H]1CC[C@@H]2[C@@]1([C@H](C[C@H]3[C@H]2[C@@H](C[C@H]4[C@@]3(CC[C@H](C4)O)C)O)O)C
darunavir,CJBJHOAVZSMMDJ-HEXNFIEUSA-N,CC(C)CN(C[C@H]([C@H](CC1=CC=CC=C1)NC(=O)O[C@H]2CO[C@@H]3[C@H]2CCO3)O)S(=O)(=O)C4=CC=C(C=C4)N
2-aminophenol,CDAWCLOXVUBKRW-UHFFFAOYSA-N,C1=CC=C(C(=C1)N)O
1-linolenoyl-digalactosylglycerol (18:3)*,MPSGDHOYFIUPSO-MDAKJLGTSA-N,CC/C=C\C/C=C\C/C=C\CCCCCCCC(=O)OC[C@H](CO[C@H]1[C@@H]([C@H]([C@H]([C@H](O1)CO[C@@H]2[C@@H]([C@H]([C@H]([C@H](O2)CO)O)O)O)O)O)O)O
2'-deoxyinosine,VGONTNSXDCQUGY-RRKCRQDMSA-N,C1[C@@H]([C@H](O[C@H]1N2C=NC3=C2NC=NC3=O)CO)O
2-piperidinone,XUWHAWMETYGRKB-UHFFFAOYSA-N,C1CCNC(=O)C1
indoleacetate,SEOVTRFCIGRIMH-UHFFFAOYSA-N,C1=CC=C2C(=C1)C(=CN2)CC(=O)O
noroxymorphone,HLMSIZPQBSYUNL-IPOQPSJVSA-N,C1C[C@]2([C@H]3CC4=C5[C@@]2(CCN3)[C@H](C1=O)OC5=C(C=C4)O)O
acesulfame,YGCFIWIQZPHFLU-UHFFFAOYSA-N,CC1=CC(=O)NS(=O)(=O)O1
glycitein,DXYUAIFZCFRPTH-UHFFFAOYSA-N,COC1=C(C=C2C(=C1)C(=O)C(=CO2)C3=CC=C(C=C3)O)O
"1,2-dilinolenoyl-galactosylglycerol (18:3/18:3)*",QUZHZFAQJATMCA-VLTMIGNISA-N,CC/C=C\C/C=C\C/C=C\CCCCCCCC(=O)OCC(CO[C@H]1[C@@H]([C@H]([C@H]([C@H](O1)CO)O)O)O)OC(=O)CCCCCCC/C=C\C/C=C\C/C=C\CC
p-cresol sulfate,WGNAKZGUSRVWRH-UHFFFAOYSA-N,CC1=CC=C(C=C1)OS(=O)(=O)O
salicylate,YGSDEFSMJLZEOE-UHFFFAOYSA-N,C1=CC=C(C(=C1)C(=O)O)O
palmitoylcholine,ODYPFMHOOQOHEF-UHFFFAOYSA-N,CCCCCCCCCCCCCCCC(=O)OCC[N+](C)(C)C
N-stearoyl-sphingosine (d18:1/18:0)*,VODZWWMEJITOND-NXCSZAMKSA-N,CCCCCCCCCCCCCCCCCC(=O)N[C@@H](CO)[C@@H](/C=C/CCCCCCCCCCCCC)O
5-hydroxymethylfurfural,NOEGNKMFWQHSLB-UHFFFAOYSA-N,C1=C(OC(=C1)C=O)CO
creatine,CVSVTCORWBXHQV-UHFFFAOYSA-N,CN(CC(=O)O)C(=N)N
lactate,JVTAAEKCZFNVCJ-UHFFFAOYSA-N,CC(C(=O)O)O
malate,BJEPYKJPYRNKOW-UHFFFAOYSA-N,C(C(C(=O)O)O)C(=O)O
3-methylglutarylcarnitine (2),HFCPFJNSBPQJDP-UHFFFAOYSA-N,CC(CC(=O)[O-])CC(=O)OC(CC(=O)O)C[N+](C)(C)C
riboflavin (Vitamin B2),AUNGANRZJHBGPY-SCRDCRAPSA-N,CC1=CC2=C(C=C1C)N(C3=NC(=O)NC(=O)C3=N2)C[C@@H]([C@@H]([C@@H](CO)O)O)O
myristate (14:0),TUNFSRHWOTWDNC-UHFFFAOYSA-N,CCCCCCCCCCCCCC(=O)O
4-hydroxyphenylpyruvate,KKADPXVIOXHVKN-UHFFFAOYSA-N,C1=CC(=CC=C1CC(=O)C(=O)O)O
N-propionylalanine,INPGLFHHFHOGRM-UHFFFAOYSA-N,CCC(=O)NC(C)C(=O)O
gamma-glutamylcysteine,RITKHVBHSGLULN-UHFFFAOYSA-N,C(CC(=O)NC(CS)C(=O)O)C(C(=O)O)N
laurylcarnitine (C12),FUJLYHJROOYKRA-UHFFFAOYSA-N,CCCCCCCCCCCC(=O)OC(CC(=O)[O-])C[N+](C)(C)C
galactitol (dulcitol),FBPFZTCFMRRESA-GUCUJZIJSA-N,C([C@H]([C@@H]([C@@H]([C@H](CO)O)O)O)O)O
"1,5-anhydroglucitol (1,5-AG)",MPCAJMNYNOGXPB-SLPGGIOYSA-N,C1[C@@H]([C@H]([C@@H]([C@H](O1)CO)O)O)O
1-oleoyl-GPE (18:1),PYVRVRFVLRNJLY-MZMPXXGTSA-N,CCCCCCCC/C=C\CCCCCCCC(=O)OC[C@H](COP(=O)(O)OCCN)O
glycerol 3-phosphate,AWUCVROLDVIAJX-UHFFFAOYSA-N,C(C(COP(=O)(O)O)O)O
3-hydroxystachydrine*,DJMIFDZBCUUQJN-NTSWFWBYSA-N,C[N+]1(CC[C@@H]([C@@H]1C(=O)[O-])O)C
7-methylxanthine,PFWLFWPASULGAN-UHFFFAOYSA-N,CN1C=NC2=C1C(=O)NC(=O)N2
ginkgolic acid C17:1,MBYNDKVOZOAOIS-FPLPWBNLSA-N,CCCCCC/C=C\CCCCCCCCCC1=C(C(=CC=C1)O)C(=O)O
allantoin,POJWUDADGALRAB-UHFFFAOYSA-N,C1(C(=O)NC(=O)N1)NC(=O)N
(15:2)-anacardic acid,KAOMOVYHGLSFHQ-UTOQUPLUSA-N,CCC/C=C\C/C=C\CCCCCCCC1=C(C(=CC=C1)O)C(=O)O
6-oxopiperidine-2-carboxylate,FZXCPFJMYOQZCA-UHFFFAOYSA-N,C1CC(NC(=O)C1)C(=O)O
phenylpyruvate,BTNMPGBKDVTSJY-UHFFFAOYSA-N,C1=CC=C(C=C1)CC(=O)C(=O)O
guanidinosuccinate,VVHOUVWJCQOYGG-UHFFFAOYSA-N,C(C(C(=O)O)N=C(N)N)C(=O)O
palmitate (16:0),IPCSVZSSVZVIGE-UHFFFAOYSA-N,CCCCCCCCCCCCCCCC(=O)O
ursodeoxycholate,RUDATBOHQWOJDD-UZVSRGJWSA-N,C[C@H](CCC(=O)O)[C@H]1CC[C@@H]2[C@@]1(CC[C@H]3[C@H]2[C@H](C[C@H]4[C@@]3(CC[C@H](C4)O)C)O)C
palmitoyl sphingomyelin (d18:1/16:0),RWKUXQNLWDTSLO-GWQJGLRPSA-N,CCCCCCCCCCCCCCCC(=O)N[C@@H](COP(=O)([O-])OCC[N+](C)(C)C)[C@@H](/C=C/CCCCCCCCCCCCC)O
phenylacetylglutamine,JFLIEFSWGNOPJJ-JTQLQIEISA-N,C1=CC=C(C=C1)CC(=O)N[C@@H](CCC(=O)N)C(=O)O
1-oleoyl-GPC (18:1),YAMUFBLWGFFICM-PTGWMXDISA-N,CCCCCCCC/C=C\CCCCCCCC(=O)OC[C@H](COP(=O)([O-])OCC[N+](C)(C)C)O
taurohyodeoxycholic acid,HMXPOCDLAFAFNT-BHYUGXBJSA-N,C[C@H](CCC(=O)NCCS(=O)(=O)O)[C@H]1CC[C@@H]2[C@@]1(CC[C@H]3[C@H]2C[C@@H]([C@H]4[C@@]3(CC[C@H](C4)O)C)O)C
ectoine,WQXNXVUDBPYKBA-YFKPBYRVSA-N,CC1=NCC[C@H](N1)C(=O)O
urea,XSQUKJJJFZCRTK-UHFFFAOYSA-N,C(=O)(N)N
diaminopimelate,GMKMEZVLHJARHF-WHFBIAKZSA-N,C(C[C@@H](C(=O)O)N)C[C@@H](C(=O)O)N
1-stearoyl-GPS (18:0)*,ZPDQFUYPBVXUKS-KEKNWZKVSA-N,CCCCCCCCCCCCCCCCCC(=O)OCC(COP(=O)(O)OC[C@@H](C(=O)O)N)O
"9,10-DiHOME",XEBKSQSGNGRGDW-YFHOEESVSA-N,CCCCC/C=C\CC(C(CCCCCCCC(=O)O)O)O
proline,ONIBWKKTOPOVIA-BYPYZUCNSA-N,C1C[C@H](NC1)C(=O)O
2-hydroxyoctanoate,JKRDADVRIYVCCY-UHFFFAOYSA-N,CCCCCCC(C(=O)O)O
thymidine,IQFYYKKMVGJFEH-XLPZGREQSA-N,CC1=CN(C(=O)NC1=O)[C@H]2C[C@@H]([C@H](O2)CO)O
homo-cis-aconitate,BJYPZFUWWJSAKC-ARJAWSKDSA-N,C(CC(=O)O)/C(=C/C(=O)O)/C(=O)O
2-oleoylglycerol (18:1),UPWGQKDVAURUGE-KTKRTIGZSA-N,CCCCCCCC/C=C\CCCCCCCC(=O)OC(CO)CO
N2-acetyllysine,VEYYWZRYIYDQJM-ZETCQYMHSA-N,CC(=O)N[C@@H](CCCCN)C(=O)O
heptadecatrienoate (17:3)*,FAFSAZIEJFMBBY-PDBXOOCHSA-N,CC/C=C\C/C=C\C/C=C\CCCCCCC(=O)O
laurate (12:0),POULHZVOKOAJMA-UHFFFAOYSA-N,CCCCCCCCCCCC(=O)O
quetiapine,URKOMYMAXPYINW-UHFFFAOYSA-N,C1CN(CCN1CCOCCO)C2=NC3=CC=CC=C3SC4=CC=CC=C42
"glutamate, gamma-methyl ester",ZGEYCCHDTIDZAE-BYPYZUCNSA-N,COC(=O)CC[C@@H](C(=O)O)N
"N2,N5-diacetylornithine",XUYANFPPYJSBPU-QMMMGPOBSA-N,CC(=O)NCCC[C@@H](C(=O)O)NC(=O)C
kaempferol,IYRMWMYZSQPJKC-UHFFFAOYSA-N,C1=CC(=CC=C1C2=C(C(=O)C3=C(C=C(C=C3O2)O)O)O)O
citalopram propionate*,JSYNRZJODZWUKX-UHFFFAOYSA-N,C1C2=C(C=CC(=C2)C#N)C(O1)(CCC(=O)O)C3=CC=C(C=C3)F
2-iminopiperidine,DHGUMNJVFYRSIG-UHFFFAOYSA-N,C1CCN=C(C1)N
6-hydroxyindole sulfate,QRHHXPIYYXPEMG-UHFFFAOYSA-N,C1=CC(=CC2=C1C=CN2)OS(=O)(=O)O
6-oxolithocholate,JWZBXKZZDYMDCJ-IJPFKRJSSA-N,C[C@H](CCC(=O)O)[C@H]1CC[C@@H]2[C@@]1(CC[C@H]3[C@H]2CC(=O)[C@H]4[C@@]3(CC[C@H](C4)O)C)C
isocaproylglycine,BQIHXZIDVMRVRP-UHFFFAOYSA-N,CC(C)CCC(=O)NCC(=O)O
tetradecadienoate (14:2)*,HXHZGHRLVRFQDR-HZJYTTRNSA-N,CCCCC/C=C\C/C=C\CCCC(=O)O
1-palmitoyl-GPG (16:0)*,BVJSKAUUFXBDOB-UHFFFAOYSA-N,CCCCCCCCCCCCCCCC(=O)OCC(COP(=O)(O)OCC(CO)O)O
1-margaroylglycerol (17:0),SVUQHVRAGMNPLW-UHFFFAOYSA-N,CCCCCCCCCCCCCCCCC(=O)OCC(CO)O
2-hydroxymyristate,JYZJYKOZGGEXSX-UHFFFAOYSA-N,CCCCCCCCCCCCC(C(=O)O)O
glycerate,RBNPOMFGQQGHHO-UHFFFAOYSA-N,C(C(C(=O)O)O)O
vanillylmandelate (VMA),CGQCWMIAEPEHNQ-UHFFFAOYSA-N,COC1=C(C=CC(=C1)C(C(=O)O)O)O
dexpanthenol,SNPLKNRPJHDVJA-UHFFFAOYSA-N,CC(C)(CO)C(C(=O)NCCCO)O
dihomolinoleate (20:2n6),XSXIVVZCUAHUJO-HZJYTTRNSA-N,CCCCC/C=C\C/C=C\CCCCCCCCCC(=O)O
isobutyrylcarnitine (C4),LRCNOZRCYBNMEP-SECBINFHSA-N,CC(C)C(=O)O[C@H](CC(=O)[O-])C[N+](C)(C)C
5-methyluridine (ribothymidine),DWRXFEITVBNRMK-JXOAFFINSA-N,CC1=CN(C(=O)NC1=O)[C@H]2[C@@H]([C@@H]([C@H](O2)CO)O)O
ergothioneine,SSISHJJTAXXQAX-UHFFFAOYSA-N,C[N+](C)(C)C(CC1=CN=C(N1)S)C(=O)[O-]
gamma-glutamylphenylalanine,XHHOHZPNYFQJKL-QWRGUYRKSA-N,C1=CC=C(C=C1)C[C@@H](C(=O)O)NC(=O)CC[C@@H](C(=O)O)N
desmethylcitalopram*,PTJADDMMFYXMMG-UHFFFAOYSA-N,CNCCCC1(C2=C(CO1)C=C(C=C2)C#N)C3=CC=C(C=C3)F
oxalate (ethanedioate),MUBZPKHOEPUJKR-UHFFFAOYSA-N,C(=O)(C(=O)O)O
3-hydroxy-2-methylpyridine,AQSRRZGQRFFFGS-UHFFFAOYSA-N,CC1=C(C=CC=N1)O
"5,6-dihydrouracil",OIVLITBTBDPEFK-UHFFFAOYSA-N,C1CNC(=O)NC1=O
12-dehydrocholate,MIHNUBCEFJLAGN-DMMBONCOSA-N,C[C@H](CCC(=O)O)[C@H]1CC[C@@H]2[C@@]1(C(=O)C[C@H]3[C@H]2[C@@H](C[C@H]4[C@@]3(CC[C@H](C4)O)C)O)C
3-(4-hydroxyphenyl)propionate,NMHMNPHRMNGLLB-UHFFFAOYSA-N,C1=CC(=CC=C1CCC(=O)O)O
N-acetylcarnosine,BKAYIFDRRZZKNF-VIFPVBQESA-N,CC(=O)NCCC(=O)N[C@@H](CC1=CN=CN1)C(=O)O
glutaminylleucine,ARPVSMCNIDAQBO-UHFFFAOYSA-N,CC(C)CC(C(=O)O)NC(=O)C(CCC(=O)N)N
hydroxybupropion,AKOAEVOSDHIVFX-UHFFFAOYSA-N,CC(C(=O)C1=CC(=CC=C1)Cl)NC(C)(C)CO
3b-hydroxy-5-cholenoic acid,HIAJCGFYHIANNA-QIZZZRFXSA-N,C[C@H](CCC(=O)O)[C@H]1CC[C@@H]2[C@@]1(CC[C@H]3[C@H]2CC=C4[C@@]3(CC[C@@H](C4)O)C)C
3-indoxyl sulfate,BXFFHSIDQOFMLE-UHFFFAOYSA-N,C1=CC=C2C(=C1)C(=CN2)OS(=O)(=O)O
linoleoylcarnitine (C18:2)*,MJLXQSQYKZWZCB-DQFWFXSYSA-N,CCCCC/C=C\C/C=C\CCCCCCCC(=O)O[C@H](CC(=O)[O-])C[N+](C)(C)C
cyclobenzaprine,JURKNVYFZMSNLP-UHFFFAOYSA-N,CN(C)CCC=C1C2=CC=CC=C2C=CC3=CC=CC=C31
N-alpha-acetylornithine,JRLGPAXAGHMNOL-LURJTMIESA-N,CC(=O)N[C@@H](CCCN)C(=O)O
steviol,QFVOYBUQQBFCRH-VQSWZGCSSA-N,C[C@@]12CCC[C@@]([C@H]1CC[C@]34[C@H]2CC[C@](C3)(C(=C)C4)O)(C)C(=O)O
3-methylxanthine,GMSNIKWWOQHZGF-UHFFFAOYSA-N,CN1C2=C(C(=O)NC1=O)NC=N2
N-acetyltaurine,CXJAAWRLVGAKDV-UHFFFAOYSA-N,CC(=O)NCCS(=O)(=O)O
3-dehydrocholate,OEKUSRBIIZNLHZ-YXRVOZSUSA-N,C[C@H](CCC(=O)O)[C@@H]1CC[C@@H]2[C@@]1([C@H](C[C@H]3[C@H]2[C@@H](C[C@H]4[C@@]3(CCC(=O)C4)C)O)O)C
dehydroepiandrosterone sulfate (DHEA-S),CZWCKYRVOZZJNM-USOAJAOKSA-N,C[C@]12CC[C@H]3[C@H]([C@@H]1CCC2=O)CC=C4[C@@]3(CC[C@@H](C4)OS(=O)(=O)O)C
lysine,KDXKERNSBIXSRK-YFKPBYRVSA-N,C(CCN)C[C@@H](C(=O)O)N
gamma-CEHC,VMJQLPNCUPGMNQ-UHFFFAOYSA-N,CC1=C(C=C2CCC(OC2=C1C)(C)CCC(=O)O)O
tyramine,DZGWFCGJZKJUFP-UHFFFAOYSA-N,C1=CC(=CC=C1CCN)O
dehydrolithocholate,KIQFUORWRVZTHT-MRBXEDHFSA-N,C[C@H](CCC(=O)O)[C@@H]1CC[C@@H]2[C@@]1(CC[C@H]3[C@H]2CC[C@H]4[C@@]3(CCC(=O)C4)C)C
valylglutamine,XXDVDTMEVBYRPK-UHFFFAOYSA-N,CC(C)C(C(=O)NC(CCC(=O)N)C(=O)O)N
taurohyocholate*,XSOLDPYUICCHJX-QZEPYOAJSA-N,C[C@H](CCC(=O)NCCS(=O)(=O)O)[C@H]1CC[C@@H]2[C@@]1(CC[C@H]3[C@H]2[C@@H]([C@@H]([C@H]4[C@@]3(CC[C@H](C4)O)C)O)O)C
pantetheine,ZNXZGRMVNNHPCA-VIFPVBQESA-N,CC(C)(CO)[C@H](C(=O)NCCC(=O)NCCS)O
"1,2-dilinoleoyl-GPC (18:2/18:2)",FVXDQWZBHIXIEJ-LNDKUQBDSA-N,CCCCC/C=C\C/C=C\CCCCCCCC(=O)OC[C@H](COP(=O)([O-])OCC[N+](C)(C)C)OC(=O)CCCCCCC/C=C\C/C=C\CCCCC
1-oleoyl-GPS (18:1),JZWNYZVVZXZRRH-YFKVPUFHSA-N,CCCCCCCC/C=C\CCCCCCCC(=O)OC[C@H](COP(=O)(O)OC[C@@H](C(=O)O)N)O
glutarylcarnitine (C5-DC),NXJAXUYOQLTISD-UHFFFAOYSA-N,C[N+](C)(C)CC(CC(=O)[O-])OC(=O)CCCC(=O)O
arachidate (20:0),VKOBVWXKNCXXDE-UHFFFAOYSA-N,CCCCCCCCCCCCCCCCCCCC(=O)O
5-methylnorleucine,FMUMEWVNYMUECA-LURJTMIESA-N,CC(C)CC[C@@H](C(=O)O)N
1-oleoylglycerol (18:1),RZRNAYUHWVFMIP-KTKRTIGZSA-N,CCCCCCCC/C=C\CCCCCCCC(=O)OCC(CO)O
4-acetaminophen sulfate,IGTYILLPRJOVFY-UHFFFAOYSA-N,CC(=O)NC1=CC=C(C=C1)OS(=O)(=O)O
3-methylurate*,ODCYDGXXCHTFIR-UHFFFAOYSA-N,CN1C2=C(C(=O)NC1=O)NC(=O)N2
tryptamine,APJYDQYYACXCRM-UHFFFAOYSA-N,C1=CC=C2C(=C1)C(=CN2)CCN
rosuvastatin,BPRHUIZQVSMCRT-VEUZHWNKSA-N,CC(C)C1=NC(=NC(=C1/C=C/[C@H](C[C@H](CC(=O)O)O)O)C2=CC=C(C=C2)F)N(C)S(=O)(=O)C
chlorogenate,CWVRJTMFETXNAD-DUXPYHPUSA-N,C1C(C(C(CC1(C(=O)O)O)OC(=O)/C=C/C2=CC(=C(C=C2)O)O)O)O
beta-alanine,UCMIRNVEIXFBKS-UHFFFAOYSA-N,C(CN)C(=O)O
2-isopropylmalate,BITYXLXUCSKTJS-UHFFFAOYSA-N,CC(C)C(CC(=O)O)(C(=O)O)O
fumarate,VZCYOOQTPOCHFL-OWOJBTEDSA-N,C(=C/C(=O)O)\C(=O)O
3-(4-hydroxyphenyl)lactate (HPLA),JVGVDSSUAVXRDY-UHFFFAOYSA-N,C1=CC(=CC=C1CC(C(=O)O)O)O
pyridoxine (Vitamin B6),LXNHXLLTXMVWPM-UHFFFAOYSA-N,CC1=NC=C(C(=C1O)CO)CO
undecanedioate (C11-DC),LWBHHRRTOZQPDM-UHFFFAOYSA-N,C(CCCCC(=O)O)CCCCC(=O)O
pseudouridine,PTJWIQPHWPFNBW-GBNDHIKLSA-N,C1=C(C(=O)NC(=O)N1)[C@H]2[C@@H]([C@@H]([C@H](O2)CO)O)O
(15:3)-anacardic acid,QUVGEKPNSCFQIR-AOSYACOCSA-N,C=CC/C=C/C/C=C/CCCCCCCC1=C(C(=CC=C1)O)C(=O)O
dimethyl sulfone,HHVIBTZHLRERCL-UHFFFAOYSA-N,CS(=O)(=O)C
1-palmitoyl-2-oleoyl-GPE (16:0/18:1),FHQVHHIBKUMWTI-OTMQOFQLSA-N,CCCCCCCCCCCCCCCC(=O)OC[C@H](COP(=O)(O)OCCN)OC(=O)CCCCCCC/C=C\CCCCCCCC
2'-deoxycytidine,CKTSBUTUHBMZGZ-SHYZEUOFSA-N,C1[C@@H]([C@H](O[C@H]1N2C=CC(=NC2=O)N)CO)O
N-acetylhistamine,XJWPISBUKWZALE-UHFFFAOYSA-N,CC(=O)NCCC1=CN=CN1
2-palmitoylglycerol (16:0),BBNYCLAREVXOSG-UHFFFAOYSA-N,CCCCCCCCCCCCCCCC(=O)OC(CO)CO
glycerol,PEDCQBHIVMGVHV-UHFFFAOYSA-N,C(C(CO)O)O
phosphocholine,YHHSONZFOIEMCP-UHFFFAOYSA-O,C[N+](C)(C)CCOP(=O)(O)O
dodecanedioate (C12),TVIDDXQYHWJXFK-UHFFFAOYSA-N,C(CCCCCC(=O)O)CCCCC(=O)O
N-acetylglucosaminylasparagine,YTTRPBWEMMPYSW-HRRFRDKFSA-N,CC(=O)N[C@@H]1[C@H]([C@@H]([C@H](O[C@H]1NC(=O)C[C@@H](C(=O)O)N)CO)O)O
lovastatin hydroxy acid,QLJODMDSTUBWDW-BXMDZJJMSA-N,CC[C@H](C)C(=O)O[C@H]1C[C@H](C=C2[C@H]1[C@H]([C@H](C=C2)C)CC[C@H](C[C@H](CC(=O)O)O)O)C
enterodiol,DWONJCNDULPHLV-UHFFFAOYSA-N,C1=CC(=CC(=C1)O)CC(CO)C(CC2=CC(=CC=C2)O)CO
N-methyltaurine,SUZRRICLUFMAQD-UHFFFAOYSA-N,CNCCS(=O)(=O)O
chrysoeriol,SCZVLDHREVKTSH-UHFFFAOYSA-N,COC1=C(C=CC(=C1)C2=CC(=O)C3=C(C=C(C=C3O2)O)O)O
cis-urocanate,LOIYMIARKYCTBW-UPHRSURJSA-N,C1=C(NC=N1)/C=C\C(=O)O
glycylisoleucine,KGVHCTWYMPWEGN-FSPLSTOPSA-N,CC[C@H](C)[C@@H](C(=O)O)NC(=O)CN
"cytidine 2',3'-cyclic monophosphate",NMPZCCZXCOMSDQ-UHFFFAOYSA-N,C1=CN(C(=O)N=C1N)C2C3C(C(O2)CO)OP(=O)(O3)O
rutin,IKGXIBQEEMLURG-NVPNHPEKSA-N,C[C@H]1[C@@H]([C@H]([C@H]([C@@H](O1)OC[C@@H]2[C@H]([C@@H]([C@H]([C@@H](O2)OC3=C(OC4=CC(=CC(=C4C3=O)O)O)C5=CC(=C(C=C5)O)O)O)O)O)O)O)O
prolylhydroxyproline,ONPXCLZMBSJLSP-ALKRTJFJSA-N,C1C[C@H](NC1)C(=O)N2CC(C[C@H]2C(=O)O)O
inosine,UGQMRVRMYYASKQ-KQYNXXCUSA-N,C1=NC(=O)C2=C(N1)N(C=N2)[C@H]3[C@@H]([C@@H]([C@H](O3)CO)O)O
succinate,KDYFGRWQOYBRFD-UHFFFAOYSA-N,C(CC(=O)O)C(=O)O
myristoylcarnitine (C14),PSHXNVGSVNEJBD-UHFFFAOYSA-N,CCCCCCCCCCCCCC(=O)OC(CC(=O)[O-])C[N+](C)(C)C
metoprolol,IUBSYMUCCVWXPE-UHFFFAOYSA-N,CC(C)NCC(COC1=CC=C(C=C1)CCOC)O
indolepropionate,GOLXRNDWAUTYKT-UHFFFAOYSA-N,C1=CC=C2C(=C1)C(=CN2)CCC(=O)O
ascorbic acid 2-sulfate,SKKZOYBAANIUOV-ZAFYKAAXSA-N,C([C@@H]([C@@H]1C(=O)C(=C(O1)O)OS(=O)(=O)O)O)O
"androstenediol (3beta,17beta) disulfate (1)",UWPTUYJASNIIJM-LOVVWNRFSA-N,C[C@]12CC[C@H]3[C@H]([C@@H]1CC[C@@H]2OS(=O)(=O)O)CCC4=C[C@H](CC[C@]34C)OS(=O)(=O)O
2-hydroxylignocerate*,MSUOLNSQHLHDAS-UHFFFAOYSA-N,CCCCCCCCCCCCCCCCCCCCCCC(C(=O)O)O
myo-inositol,CDAISMWEOUEBRE-UHFFFAOYSA-N,C1(C(C(C(C(C1O)O)O)O)O)O
protoporphyrin IX,ZCFFYALKHPIRKJ-UHFFFAOYSA-N,CC1=C(C2=CC3=NC(=CC4=NC(=CC5=C(C(=C(N5)C=C1N2)C=C)C)C(=C4CCC(=O)O)C)C(=C3C)CCC(=O)O)C=C
o-Tyrosine,WRFPVMFCRNYQNR-UHFFFAOYSA-N,C1=CC=C(C(=C1)CC(C(=O)O)N)O
oleoylcarnitine (C18:1),IPOLTUVFXFHAHI-SEYXRHQNSA-N,CCCCCCCC/C=C\CCCCCCCC(=O)OC(CC(=O)[O-])C[N+](C)(C)C
tigloylglycine,WRUSVQOKJIDBLP-HWKANZROSA-N,C/C=C(\C)/C(=O)NCC(=O)O
prolylglycine,RNKSNIBMTUYWSH-YFKPBYRVSA-N,C1C[C@H](NC1)C(=O)NCC(=O)O
gulonate*,RGHNJXZEOKUKBD-KKQCNMDGSA-N,C([C@H]([C@@H]([C@H]([C@H](C(=O)O)O)O)O)O)O
5-hydroxypicolinic acid,CGRRUFNHHQCLDZ-UHFFFAOYSA-N,C1=CC(=NC=C1O)C(=O)O
3-ketosphinganine,KBUNOSOGGAARKZ-UHFFFAOYSA-N,CCCCCCCCCCCCCCCC(=O)C(CO)N
2-myristoylglycerol (14:0),TVIMZSOUQXNWHO-UHFFFAOYSA-N,CCCCCCCCCCCCCC(=O)OC(CO)CO
estriol 3-sulfate,ZORQMBLUMWNJEQ-ZXXIGWHRSA-N,C[C@]12CC[C@H]3[C@H]([C@@H]1C[C@H]([C@@H]2O)O)CCC4=C3C=CC(=C4)OS(=O)(=O)O
3-(3-hydroxyphenyl)propionate,QVWAEZJXDYOKEH-UHFFFAOYSA-N,C1=CC(=CC(=C1)O)CCC(=O)O
nifedipine,HYIMSNHJOBLJNT-UHFFFAOYSA-N,CC1=C(C(C(=C(N1)C)C(=O)OC)C2=CC=CC=C2[N+](=O)[O-])C(=O)OC
gamma-glutamylvaline,AQAKHZVPOOGUCK-XPUUQOCRSA-N,CC(C)[C@@H](C(=O)O)NC(=O)CC[C@@H](C(=O)O)N
S-methylcysteine,IDIDJDIHTAOVLG-VKHMYHEASA-N,CSC[C@@H](C(=O)O)N
8-hydroxyguanine,CLGFIVUFZRGQRP-UHFFFAOYSA-N,C12=C(NC(=NC1=O)N)NC(=O)N2
famotidine,XUFQPHANEAPEMJ-UHFFFAOYSA-N,C1=C(N=C(S1)N=C(N)N)CSCCC(=NS(=O)(=O)N)N
deoxycholate,KXGVEGMKQFWNSR-LLQZFEROSA-N,C[C@H](CCC(=O)O)[C@H]1CC[C@@H]2[C@@]1([C@H](C[C@H]3[C@H]2CC[C@H]4[C@@]3(CC[C@H](C4)O)C)O)C
butyrylglycine (C4),WPSSBBPLVMTKRN-UHFFFAOYSA-N,CCCC(=O)NCC(=O)O
phenylacetylglycine,UTYVDVLMYQPLQB-UHFFFAOYSA-N,C1=CC=C(C=C1)CC(=O)NCC(=O)O
epiandrosterone sulfate,ZMITXKRGXGRMKS-LUJOEAJASA-N,C[C@]12CC[C@@H](C[C@@H]1CC[C@@H]3[C@@H]2CC[C@]4([C@H]3CCC4=O)C)OS(=O)(=O)O
cysteine s-sulfate,NOKPBJYHPHHWAN-REOHCLBHSA-N,C([C@@H](C(=O)O)N)SS(=O)(=O)O
4-methylthio-2-oxobutanoate,SXFSQZDSUWACKX-UHFFFAOYSA-N,CSCCC(=O)C(=O)O
N6-methyllysine,PQNASZJZHFPQLE-LURJTMIESA-N,CNCCCC[C@@H](C(=O)O)N
cystine,LEVWYRKDKASIDU-IMJSIDKUSA-N,C([C@@H](C(=O)O)N)SSC[C@@H](C(=O)O)N
stearoylcarnitine (C18),FNPHNLNTJNMAEE-UHFFFAOYSA-N,CCCCCCCCCCCCCCCCCC(=O)OC(CC(=O)[O-])C[N+](C)(C)C
vanillate,WKOLLVMJNQIZCI-UHFFFAOYSA-N,COC1=C(C=CC(=C1)C(=O)O)O
serine,MTCFGRXMJLQNBG-REOHCLBHSA-N,C([C@@H](C(=O)O)N)O
brilliant blue FCF (blue 1),QNOYBCOEQMOHFR-UHFFFAOYSA-N,CCN(CC1=CC(=CC=C1)S(=O)(=O)O)C2=CC=C(C=C2)C(C3=CC=C(C=C3)N(CC)CC4=CC(=CC=C4)S(=O)(=O)O)C5=CC=CC=C5S(=O)(=O)O
(12 or 13)-methylmyristate (a15:0 or i15:0),ZOCYQVNGROEVLU-UHFFFAOYSA-N,CC(C)CCCCCCCCCCCC(=O)O
tetrahydrocortisol glucuronide ,OZINUFSVVJAFHD-SHHSTTTJSA-N,C[C@]12CC[C@H](C[C@@H]1CC[C@@H]3C2C(C[C@]4([C@H]3CC[C@@]4(C(=O)CO)O)C)O)O[C@H]5[C@@H]([C@H]([C@@H]([C@H](O5)C(=O)O)O)O)O
sphingadienine,KWDXKYNWAKMLKK-YQMRQDNGSA-N,CCC/C=C\CCCCCCCC/C=C/C(C(CO)N)O
threonine,AYFVYJQAPQTCCC-GBXIJSLDSA-N,C[C@H]([C@@H](C(=O)O)N)O
(3'-5')-cytidylylguanosine,CTMZLDSMFCVUNX-VMIOUTBZSA-N,C1=CN(C(=O)N=C1N)[C@H]2[C@@H]([C@@H]([C@H](O2)CO)OP(=O)(O)OC[C@@H]3[C@H]([C@H]([C@@H](O3)N4C=NC5=C4NC(=NC5=O)N)O)O)O
N-acetyl-cadaverine,RMOIHHAKNOFHOE-UHFFFAOYSA-N,CC(=O)NCCCCCN
3-(3-hydroxyphenyl)propionate sulfate,IQWLPDPKVFZEOK-UHFFFAOYSA-N,C1=CC(=CC(=C1)OS(=O)(=O)O)CCC(=O)O
5-methylthioadenosine (MTA),WUUGFSXJNOTRMR-IOSLPCCCSA-N,CSC[C@@H]1[C@H]([C@H]([C@@H](O1)N2C=NC3=C(N=CN=C32)N)O)O
nonadecanoate (19:0),ISYWECDDZWTKFF-UHFFFAOYSA-N,CCCCCCCCCCCCCCCCCCC(=O)O
tricarballylate,KQTIIICEAUMSDG-UHFFFAOYSA-N,C(C(CC(=O)O)C(=O)O)C(=O)O
methylsuccinate,WXUAQHNMJWJLTG-UHFFFAOYSA-N,CC(CC(=O)O)C(=O)O
N6-formyllysine,KLPJXDPPMSJWKI-LURJTMIESA-N,C(CCNC=O)C[C@@H](C(=O)O)N
valerate (5:0),NQPDZGIKBAWPEJ-UHFFFAOYSA-N,CCCCC(=O)O
2-hydroxyphenylacetate,CCVYRRGZDBSHFU-UHFFFAOYSA-N,C1=CC=C(C(=C1)CC(=O)O)O
isoursodeoxycholate,RUDATBOHQWOJDD-DNMBCGTGSA-N,C[C@H](CCC(=O)O)[C@H]1CC[C@@H]2[C@@]1(CC[C@H]3[C@H]2[C@H](C[C@H]4[C@@]3(CC[C@@H](C4)O)C)O)C
3-sulfo-L-alanine,XVOYSCVBGLVSOL-REOHCLBHSA-N,C([C@@H](C(=O)O)N)S(=O)(=O)O
4-acetamidophenylglucuronide,IPROLSVTVHAQLE-BYNIDDHOSA-N,CC(=O)NC1=CC=C(C=C1)O[C@H]2[C@@H]([C@H]([C@@H]([C@H](O2)C(=O)O)O)O)O
dihydroferulic acid sulfate,UMCDODPBPQMWQP-UHFFFAOYSA-N,COC1=C(C=CC(=C1)CCC(=O)O)OS(=O)(=O)O
diltiazem,HSUGRBWQSSZJOP-RTWAWAEBSA-N,CC(=O)O[C@@H]1[C@@H](SC2=CC=CC=C2N(C1=O)CCN(C)C)C3=CC=C(C=C3)OC
stearate (18:0),QIQXTHQIDYTFRH-UHFFFAOYSA-N,CCCCCCCCCCCCCCCCCC(=O)O
N6-acetyllysine,DTERQYGMUDWYAZ-ZETCQYMHSA-N,CC(=O)NCCCC[C@@H](C(=O)O)N
lysylleucine,ATIPDCIQTUXABX-UHFFFAOYSA-N,CC(C)CC(C(=O)O)NC(=O)C(CCCCN)N
1-methylhistidine,BRMWTNUJHUMWMS-LURJTMIESA-N,CN1C=C(N=C1)C[C@@H](C(=O)O)N
orotidine,FKCRAVPPBFWEJD-XVFCMESISA-N,C1=C(N(C(=O)NC1=O)[C@H]2[C@@H]([C@@H]([C@H](O2)CO)O)O)C(=O)O
diglycerol,GPLRAVKSCUXZTP-UHFFFAOYSA-N,C(C(COCC(CO)O)O)O
biotin,YBJHBAHKTGYVGT-ZKWXMUAHSA-N,C1[C@H]2[C@@H]([C@@H](S1)CCCCC(=O)O)NC(=O)N2
ibuprofen,HEFNNWSXXWATRW-UHFFFAOYSA-N,CC(C)CC1=CC=C(C=C1)C(C)C(=O)O
xanthosine,UBORTCNDUKBEOP-UUOKFMHZSA-N,C1=NC2=C(N1[C@H]3[C@@H]([C@@H]([C@H](O3)CO)O)O)NC(=O)NC2=O
mead acid (20:3n9),UNSRRHDPHVZAHH-YOILPLPUSA-N,CCCCCCCC/C=C\C/C=C\C/C=C\CCCC(=O)O
ethylmalonate,UKFXDFUAPNAMPJ-UHFFFAOYSA-N,CCC(C(=O)O)C(=O)O
nicotinamide ribonucleotide (NMN),DAYLJWODMCOQEW-TURQNECASA-N,C1=CC(=C[N+](=C1)[C@H]2[C@@H]([C@@H]([C@H](O2)COP(=O)(O)[O-])O)O)C(=O)N
1-pentadecanoylglycerol (15:0),QSKPZDMBULYMDQ-UHFFFAOYSA-N,CCCCCCCCCCCCCCC(=O)OCC(CO)O
hexadecadienoate (16:2n6),WPJGPAAPSBVXNU-HZJYTTRNSA-N,CCCCC/C=C\C/C=C\CCCCCC(=O)O
alpha-ketoglutaramate*,COJBGNAUUSNXHX-UHFFFAOYSA-N,C(CC(=O)N)C(=O)C(=O)O
5-aminovalerate,JJMDCOVWQOJGCB-UHFFFAOYSA-N,C(CCN)CC(=O)O
aspartate,CKLJMWTZIZZHCS-REOHCLBHSA-N,C([C@@H](C(=O)O)N)C(=O)O
piperine,MXXWOMGUGJBKIW-YPCIICBESA-N,C1CCN(CC1)C(=O)/C=C/C=C/C2=CC3=C(C=C2)OCO3
alpha-hydroxyisovalerate,NGEWQZIDQIYUNV-UHFFFAOYSA-N,CC(C)C(C(=O)O)O
glucuronate,AEMOLEFTQBMNLQ-WAXACMCWSA-N,[C@@H]1([C@@H]([C@H](O[C@@H]([C@@H]1O)O)C(=O)O)O)O
N-stearoyltaurine,LMIJIHJZVURGQK-UHFFFAOYSA-N,CCCCCCCCCCCCCCCCCC(=O)NCCS(=O)(=O)O
adipate,WNLRTRBMVRJNCN-UHFFFAOYSA-N,C(CCC(=O)O)CC(=O)O
3-carboxy-4-methyl-5-propyl-2-furanpropanoate (CMPF),WMCQWXZMVIETAO-UHFFFAOYSA-N,CCCC1=C(C(=C(O1)CCC(=O)O)C(=O)O)C
"N6,N6,N6-trimethyllysine",MXNRLFUSFKVQSK-QMMMGPOBSA-N,C[N+](C)(C)CCCC[C@@H](C(=O)[O-])N
isobutyrylglycine (C4),DCICDMMXFIELDF-UHFFFAOYSA-N,CC(C)C(=O)NCC(=O)O
xylose,SRBFZHDQGSBBOR-IOVATXLUSA-N,C1[C@H]([C@@H]([C@H](C(O1)O)O)O)O
L-urobilin,TYOWQSLRVAUSMI-WKULSOCRSA-N,CCC1C(C(=O)NC1CC2=N/C(=C/C3=C(C(=C(N3)CC4C(C(C(=O)N4)CC)C)C)CCC(=O)O)/C(=C2C)CCC(=O)O)C
gamma-glutamylalanine,WQXXXVRAFAKQJM-WHFBIAKZSA-N,C[C@@H](C(=O)O)NC(=O)CC[C@@H](C(=O)O)N
1-methyl-4-imidazoleacetate,ZHCKPJGJQOPTLB-UHFFFAOYSA-N,CN1C=C(N=C1)CC(=O)O
3-ureidoisobutyrate,PHENTZNALBMCQD-UHFFFAOYSA-N,CC(CNC(=O)N)C(=O)O
indoleacetylglutamine,DVJIJAYHBZALOJ-UHFFFAOYSA-N,C1=CC=C2C(=C1)C(=CN2)CC(=O)NC(CCC(=O)N)C(=O)O
1-palmitoyl-2-arachidonoyl-GPC (16:0/20:4n6),IIZPXYDJLKNOIY-JXPKJXOSSA-N,CCCCCCCCCCCCCCCC(=O)OC[C@H](COP(=O)([O-])OCC[N+](C)(C)C)OC(=O)CCC/C=C\C/C=C\C/C=C\C/C=C\CCCCC
alpha-ketoglutarate,KPGXRSRHYNQIFN-UHFFFAOYSA-N,C(CC(=O)O)C(=O)C(=O)O
gluconate,RGHNJXZEOKUKBD-SQOUGZDYSA-N,C([C@H]([C@H]([C@@H]([C@H](C(=O)O)O)O)O)O)O
"2S,3R-dihydroxybutyrate",LOUGYXZSURQALL-GBXIJSLDSA-N,C[C@H]([C@@H](C(=O)O)O)O
N-methylhydroxyproline,FMIPNAUMSPFTHK-WHFBIAKZSA-N,CN1C[C@H](C[C@H]1C(=O)O)O
methylphosphate,CAAULPUQFIIOTL-UHFFFAOYSA-N,COP(=O)(O)O
"2,3-dimethylsuccinate",KLZYRCVPDWTZLH-UHFFFAOYSA-N,CC(C(C)C(=O)O)C(=O)O
leucylglycine,LESXFEZIFXFIQR-UHFFFAOYSA-N,CC(C)CC(C(=O)NCC(=O)O)N
vancomycin,MYPYJXKWCTUITO-LYRMYLQWSA-N,C[C@H]1[C@H]([C@@](C[C@@H](O1)O[C@@H]2[C@H]([C@@H]([C@H](O[C@H]2OC3=C4C=C5C=C3OC6=C(C=C(C=C6)[C@H]([C@H](C(=O)N[C@H](C(=O)N[C@H]5C(=O)N[C@@H]7C8=CC(=C(C=C8)O)C9=C(C=C(C=C9O)O)[C@H](NC(=O)[C@H]([C@@H](C1=CC(=C(O4)C=C1)Cl)O)NC7=O)C(=O)O)CC(=O)N)NC(=O)[C@@H](CC(C)C)NC)O)Cl)CO)O)O)(C)N)O
N-acetyltyrosine,CAHKINHBCWCHCF-JTQLQIEISA-N,CC(=O)N[C@@H](CC1=CC=C(C=C1)O)C(=O)O
2-arachidonoylglycerol (20:4),RCRCTBLIHCHWDZ-DOFZRALJSA-N,CCCCC/C=C\C/C=C\C/C=C\C/C=C\CCCC(=O)OC(CO)CO
3-hydroxycinnamate,KKSDGJDHHZEWEP-SNAWJCMRSA-N,C1=CC(=CC(=C1)O)/C=C/C(=O)O
vanillic acid glycine,LOODYTDRRBLQNH-UHFFFAOYSA-N,COC1=C(C=CC(=C1)C(=O)NCC(=O)O)O
3-dehydrodeoxycholate,WMUMZOAFCDOTRW-OVEHVULHSA-N,C[C@H](CCC(=O)O)[C@H]1CC[C@@H]2[C@@]1([C@H](C[C@H]3[C@H]2CC[C@H]4[C@@]3(CCC(=O)C4)C)O)C
atenolol,METKIMKYRPQLGS-UHFFFAOYSA-N,CC(C)NCC(COC1=CC=C(C=C1)CC(=O)N)O
1-palmitoyl-2-linoleoyl-GPC (16:0/18:2),JLPULHDHAOZNQI-ZTIMHPMXSA-N,CCCCCCCCCCCCCCCC(=O)OC[C@H](COP(=O)([O-])OCC[N+](C)(C)C)OC(=O)CCCCCCC/C=C\C/C=C\CCCCC
kynurenate,HCZHHEIFKROPDY-UHFFFAOYSA-N,C1=CC=C2C(=C1)C(=O)C=C(N2)C(=O)O
3-carboxy-4-methyl-5-pentyl-2-furanpropionate (3-CMPFP),RIJDKRLRDVBUHJ-UHFFFAOYSA-N,CCCCCC1=C(C(=C(O1)CCC(=O)O)C(=O)O)C
(S)-a-amino-omega-caprolactam,BOWUOGIPSRVRSJ-RXMQYKEDSA-N,C1CCNC(=O)[C@@H](C1)N
linolenoyl ethanolamide,HBJXRRXWHSHZPU-PDBXOOCHSA-N,CC/C=C\C/C=C\C/C=C\CCCCCCCC(=O)NCCO
oxypurinol,HXNFUBHNUDHIGC-UHFFFAOYSA-N,C1=C2C(=NC(=O)NC2=O)NN1
syringaldehyde,KCDXJAYRVLXPFO-UHFFFAOYSA-N,COC1=CC(=CC(=C1O)OC)C=O
sucralose,BAQAVOSOZGMPRM-QBMZZYIRSA-N,C([C@@H]1[C@@H]([C@@H]([C@H]([C@H](O1)O[C@]2([C@H]([C@@H]([C@H](O2)CCl)O)O)CCl)O)O)Cl)O
beta-cryptoxanthin,DMASLKHVQRHNES-QQGJMDNJSA-N,CC1=C(C(CCC1)(C)C)/C=C/C(=C/C=C/C(=C/C=C/C=C(\C)/C=C/C=C(\C)/C=C/C2=C(CC(CC2(C)C)O)C)/C)/C
2-linoleoylglycerol (18:2),IEPGNWMPIFDNSD-HZJYTTRNSA-N,CCCCC/C=C\C/C=C\CCCCCCCC(=O)OC(CO)CO
3-aminoisobutyrate,QCHPKSFMDHPSNR-UHFFFAOYSA-N,CC(CN)C(=O)O
adipoylcarnitine (C6-DC),BSVHAXJKBCWVDA-UHFFFAOYSA-N,C[N+](C)(C)CC(CC(=O)[O-])OC(=O)CCCCC(=O)O
"3,7-dimethylurate",HMLZLHKHNBLLJD-UHFFFAOYSA-N,CN1C2=C(NC1=O)N(C(=O)NC2=O)C
docosahexaenoate (DHA; 22:6n3),MBMBGCFOFBJSGT-KUBAVDMBSA-N,CC/C=C\C/C=C\C/C=C\C/C=C\C/C=C\C/C=C\CCC(=O)O
butyrylcarnitine (C4),QWYFHHGCZUCMBN-UHFFFAOYSA-N,CCCC(=O)OC(CC(=O)[O-])C[N+](C)(C)C
erythronate*,JPIJQSOTBSSVTP-PWNYCUMCSA-N,C([C@H]([C@H](C(=O)O)O)O)O
5-methylcytosine,LRSASMSXMSNRBT-UHFFFAOYSA-N,CC1=C(NC(=O)N=C1)N
enterolactone,HVDGDHBAMCBBLR-WMLDXEAASA-N,C1[C@@H]([C@H](C(=O)O1)CC2=CC(=CC=C2)O)CC3=CC(=CC=C3)O
5-acetylamino-6-amino-3-methyluracil,POQOTWQIYYNXAT-UHFFFAOYSA-N,CC(=O)NC1=C(NC(=O)N(C1=O)C)N
21-hydroxypregnanolone monosulfate (1),YNTXPDSHGMGJJG-WPWXJNKXSA-N,C[C@]12CC[C@H]3[C@H]([C@@H]1CC[C@@H]2C(=O)COS(=O)(=O)O)CC=C4[C@@]3(CC[C@@H](C4)O)C
2-hydroxyheptanoate*,RGMMREBHCYXQMA-UHFFFAOYSA-N,CCCCCC(C(=O)O)O
guaiacol sulfate,AQTYXAPIHMXAAV-UHFFFAOYSA-N,COC1=CC=CC=C1OS(=O)(=O)O
TMP,GYOZYWVXFNDGLU-XLPZGREQSA-N,CC1=CN(C(=O)NC1=O)[C@H]2C[C@@H]([C@H](O2)COP(=O)(O)O)O
N-methylleucine,XJODGRWDFZVTKW-LURJTMIESA-N,CC(C)C[C@@H](C(=O)O)NC
cytosine,OPTASPLRGRRNAP-UHFFFAOYSA-N,C1=C(NC(=O)N=C1)N
alpha-hydroxyisocaproate,LVRFTAZAXQPQHI-YFKPBYRVSA-N,CC(C)C[C@@H](C(=O)O)O
p-hydroxyatorvastatin,SOZOATLLFFVAPM-KAYWLYCHSA-N,CC(C)C1=C(C(=C(N1CC[C@H](C[C@H](CC(=O)O)O)O)C2=CC=C(C=C2)F)C3=CC=CC=C3)C(=O)NC4=CC=C(C=C4)O
"androstenediol (3beta,17beta) monosulfate (1)",HXJFCUUBVWOORF-LOVVWNRFSA-N,C[C@]12CC[C@H]3[C@H]([C@@H]1CC[C@@H]2O)CC=C4[C@@]3(CC[C@@H](C4)OS(=O)(=O)O)C
genistein,TZBJGXHYKVUXJN-UHFFFAOYSA-N,C1=CC(=CC=C1C2=COC3=CC(=CC(=C3C2=O)O)O)O
cortisol,JYGXADMDTFJGBT-VWUMJDOOSA-N,C[C@]12CCC(=O)C=C1CC[C@@H]3[C@@H]2[C@H](C[C@]4([C@H]3CC[C@@]4(C(=O)CO)O)C)O
N6-carboxymethyllysine,NUXSIDPKKIEIMI-LURJTMIESA-N,C(CCNCC(=O)O)C[C@@H](C(=O)O)N
p-cresol,IWDCLRJOBJJRNH-UHFFFAOYSA-N,CC1=CC=C(C=C1)O
ferulic acid 4-sulfate,PZPATWACAAOHTJ-HWKANZROSA-N,COC1=C(C=CC(=C1)/C=C/C(=O)O)OS(=O)(=O)O
glycerophosphoethanolamine,JZNWSCPGTDBMEW-UHFFFAOYSA-N,C(COP(=O)(O)OCC(CO)O)N
3-carboxyadipate,LOGBRYZYTBQBTB-UHFFFAOYSA-N,C(CC(=O)O)C(CC(=O)O)C(=O)O
cotinine,UIKROCXWUNQSPJ-VIFPVBQESA-N,CN1[C@@H](CCC1=O)C2=CN=CC=C2
carboxyethyl-GABA,SRGQUICKDUQCKO-UHFFFAOYSA-N,C(CC(=O)O)CNCCC(=O)O
pregnanediol-3-glucuronide,ZFFFJLDTCLJDHL-JQYCEVDMSA-N,C[C@@H]([C@H]1CC[C@@H]2[C@@]1(CC[C@H]3[C@H]2CC[C@H]4[C@@]3(CC[C@H](C4)O[C@H]5[C@@H]([C@H]([C@@H]([C@H](O5)C(=O)O)O)O)O)C)C)O
2-hydroxyibuprofen,UJHKVYPPCJBOSG-UHFFFAOYSA-N,CC(C1=CC=C(C=C1)CC(C)(C)O)C(=O)O
4-imidazoleacetate,PRJKNHOMHKJCEJ-UHFFFAOYSA-N,C1=C(NC=N1)CC(=O)O
3-hydroxyoctanoate,NDPLAKGOSZHTPH-UHFFFAOYSA-N,CCCCCC(CC(=O)O)O
N-methyl-GABA,AOKCDAVWJLOAHG-UHFFFAOYSA-N,CNCCCC(=O)O
astaxanthin,MQZIGYBFDRPAKN-UWFIBFSHSA-N,CC1=C(C(C[C@@H](C1=O)O)(C)C)/C=C/C(=C/C=C/C(=C/C=C/C=C(/C=C/C=C(/C=C/C2=C(C(=O)[C@H](CC2(C)C)O)C)\C)\C)/C)/C
methylmalonate (MMA),ZIYVHBGGAOATLY-UHFFFAOYSA-N,CC(C(=O)O)C(=O)O
isocaproate (i6:0),FGKJLKRYENPLQH-UHFFFAOYSA-N,CC(C)CCC(=O)O
N-acetylsphingosine,BLTCBVOJNNKFKC-QUDYQQOWSA-N,CCCCCCCCCCCCC/C=C/[C@H]([C@H](CO)NC(=O)C)O
picolinate,SIOXPEMLGUPBBT-UHFFFAOYSA-N,C1=CC=NC(=C1)C(=O)O
dimethylglycine,FFDGPVCHZBVARC-UHFFFAOYSA-N,CN(C)CC(=O)O
"bilirubin (E,Z or Z,E)*",BPYKTIZUTYGOLE-VVCLLGATSA-N,CC1=C(NC(=C1CCC(=O)O)CC2=C(C(=C(N2)/C=C/3\C(=C(C(=O)N3)C)C=C)C)CCC(=O)O)/C=C\4/C(=C(C(=O)N4)C=C)C
3-methylglutaconate,WKRBKYFIJPGYQC-DUXPYHPUSA-N,C/C(=C\C(=O)O)/CC(=O)O
adenosine,OIRDTQYFTABQOQ-KQYNXXCUSA-N,C1=NC(=C2C(=N1)N(C=N2)[C@H]3[C@@H]([C@@H]([C@H](O3)CO)O)O)N
dihydroxyphenylalanine (L-DOPA),WTDRDQBEARUVNC-LURJTMIESA-N,C1=CC(=C(C=C1C[C@@H](C(=O)O)N)O)O
