Compound,inchikey,inchi code
HILn_TF18__urate,LEHOTFFKMJEONL-UHFFFAOYSA-N,"InChI=1S/C5H4N4O3/c10-3-1-2(7-4(11)6-1)8-5(12)9-3/h(H4,6,7,8,9,10,11,12)"
HILp_QI1363__trigonelline,WWNNZCOKKKDOPX-UHFFFAOYSA-N,"InChI=1S/C7H7NO2/c1-8-4-2-3-6(5-8)7(9)10/h2-5H,1H3"
C8p_QI160__NH4_C50:0 TAG,,
C18n_QI41__docosahexaenoate,MBMBGCFOFBJSGT-KUBAVDMBSA-N,"InChI=1S/C22H32O2/c1-2-3-4-5-6-7-8-9-10-11-12-13-14-15-16-17-18-19-20-21-22(23)24/h3-4,6-7,9-10,12-13,15-16,18-19H,2,5,8,11,14,17,20-21H2,1H3,(H,23,24)/b4-3-,7-6-,10-9-,13-12-,16-15-,19-18-"
HILp_TF17__C18:0 LPE-A,,
HILp_QI5874__anserine,MYYIAHXIVFADCU-QMMMGPOBSA-N,"InChI=1S/C10H16N4O3/c1-14-6-12-5-7(14)4-8(10(16)17)13-9(15)2-3-11/h5-6,8H,2-4,11H2,1H3,(H,13,15)(H,16,17)/t8-/m0/s1"
C8p_QI149__C50:5 TAG,,
C8p_QI41__C36:2 PC plasmalogen,,
C18n_QI57__glycodeoxycholate,WVULKSPCQVQLCU-BUXLTGKBSA-N,"InChI=1S/C26H43NO5/c1-15(4-9-23(30)27-14-24(31)32)19-7-8-20-18-6-5-16-12-17(28)10-11-25(16,2)21(18)13-22(29)26(19,20)3/h15-22,28-29H,4-14H2,1-3H3,(H,27,30)(H,31,32)/t15-,16-,17-,18+,19-,20+,21+,22+,25+,26-/m1/s1"
HILn_QI67__heptadecanoate,,
HILp_QI4966__acetyl-galactosamine,,
HILp_TF33__guanidoacetic acid,BPMFZUMJYQTVII-UHFFFAOYSA-N,"InChI=1S/C3H7N3O2/c4-3(5)6-1-2(7)8/h1H2,(H,7,8)(H4,4,5,6)"
HILp_QI15155__C18:1 LPC,,
HILp_TF9__2-deoxyadenosine,OLXZPDWKRNYJJZ-RRKCRQDMSA-N,"InChI=1S/C10H13N5O3/c11-9-8-10(13-3-12-9)15(4-14-8)7-1-5(17)6(2-16)18-7/h3-7,16-17H,1-2H2,(H2,11,12,13)/t5-,6+,7+/m0/s1"
HILn_QI101__proline,ONIBWKKTOPOVIA-BYPYZUCNSA-N,"InChI=1S/C5H9NO2/c7-5(8)4-2-1-3-6-4/h4,6H,1-3H2,(H,7,8)/t4-/m0/s1"
C8p_QI145__NH4_C48:1 TAG,,
HILp_QI1106__hydroxyproline,PMMYEEVYMWASQN-DMTCNVIQSA-N,"InChI=1S/C5H9NO3/c7-3-1-4(5(8)9)6-2-3/h3-4,6-7H,1-2H2,(H,8,9)/t3-,4+/m1/s1"
C8p_QI17__C20:4 LPE,,
C18n_QI47__masilinate,MDZKJHQSJHYOHJ-LLICELPBSA-N,"InChI=1S/C30H48O4/c1-25(2)12-14-30(24(33)34)15-13-28(6)18(19(30)16-25)8-9-22-27(5)17-20(31)23(32)26(3,4)21(27)10-11-29(22,28)7/h8,19-23,31-32H,9-17H2,1-7H3,(H,33,34)/t19-,20+,21-,22+,23-,27-,28+,29+,30-/m0/s1"
HILn_QI97__phenylacetate,WLJVXDMOQOGPHL-UHFFFAOYSA-N,"InChI=1S/C8H8O2/c9-8(10)6-7-4-2-1-3-5-7/h1-5H,6H2,(H,9,10)"
HILn_QI107__saccharin,CVHZOJJKTDOEJC-UHFFFAOYSA-N,"InChI=1S/C7H5NO3S/c9-7-5-3-1-2-4-6(5)12(10,11)8-7/h1-4H,(H,8,9)"
C8p_QI123__C44:2 TAG,,
C18n_QI44__13-docosenoate,DPUOLQHDNGRHBS-KTKRTIGZSA-N,"InChI=1S/C22H42O2/c1-2-3-4-5-6-7-8-9-10-11-12-13-14-15-16-17-18-19-20-21-22(23)24/h9-10H,2-8,11-21H2,1H3,(H,23,24)/b10-9-"
C8p_QI108__C36:3 DAG,,
HILn_QI105__riboflavin,AUNGANRZJHBGPY-SCRDCRAPSA-N,"InChI=1S/C17H20N4O6/c1-7-3-9-10(4-8(7)2)21(5-11(23)14(25)12(24)6-22)15-13(18-9)16(26)20-17(27)19-15/h3-4,11-12,14,22-25H,5-6H2,1-2H3,(H,20,26,27)/t11-,12+,14-/m0/s1"
HILp_QI4845__C3 carnitine,UFAHZIUFPNSHSL-UHFFFAOYSA-N,"InChI=1S/C10H19NO4/c1-5-10(14)15-8(6-9(12)13)7-11(2,3)4/h8H,5-7H2,1-4H3"
HILp_QI11066__C14:2 carnitine,,
C8p_QI10__C20:3 LPC,,
HILp_TF30__C16:0 LPC,,
C8p_QI37__C34:2 PC plasmalogen,,
HILn_QI95__pantothenate,GHOKWGTUZJEAQD-ZETCQYMHSA-N,"InChI=1S/C9H17NO5/c1-9(2,5-11)7(14)8(15)10-4-3-6(12)13/h7,11,14H,3-5H2,1-2H3,(H,10,15)(H,12,13)/t7-/m0/s1"
C8p_QI138__C48:4 TAG,,
C18n_QI85__phenyllactate,RKUNBYITZUJHSG-SPUOUPEWSA-N,"InChI=1S/C17H23NO3/c1-18-13-7-8-14(18)10-15(9-13)21-17(20)16(11-19)12-5-3-2-4-6-12/h2-6,13-16,19H,7-11H2,1H3/t13-,14+,15+,16?"
HILn_QI65__guanine,UYTPUPDQBNUYGX-UHFFFAOYSA-N,"InChI=1S/C5H5N5O/c6-5-9-3-2(4(11)10-5)7-1-8-3/h1H,(H4,6,7,8,9,10,11)"
HILp_TF54__leucine,ROHFNLRQFUQHCH-YFKPBYRVSA-N,"InChI=1S/C6H13NO2/c1-4(2)3-5(7)6(8)9/h4-5H,3,7H2,1-2H3,(H,8,9)/t5-/m0/s1"
C8p_QI53__C24:1 Ceramide (d18:1),,
C8p_QI117__NH4_C36:4 DAG,,
HILp_TF21__alpha-hydroxymetoprolol,,
C18n_QI55__glycolithocholate,XBSQTYHEGZTYJE-OETIFKLTSA-N,"InChI=1S/C26H43NO4/c1-16(4-9-23(29)27-15-24(30)31)20-7-8-21-19-6-5-17-14-18(28)10-12-25(17,2)22(19)11-13-26(20,21)3/h16-22,28H,4-15H2,1-3H3,(H,27,29)(H,30,31)/t16-,17-,18-,19+,20-,21+,22+,25+,26-/m1/s1"
HILp_QI1756__2-aminoheptanoic acid,SNDPXSYFESPGGJ-SCSAIBSYSA-N,"InChI=1S/C5H11NO2/c1-2-3-4(6)5(7)8/h4H,2-3,6H2,1H3,(H,7,8)/t4-/m1/s1"
C18n_QI21__palmitate,IPCSVZSSVZVIGE-UHFFFAOYSA-N,"InChI=1S/C16H32O2/c1-2-3-4-5-6-7-8-9-10-11-12-13-14-15-16(17)18/h2-15H2,1H3,(H,17,18)"
HILn_QI61__glycerate,RBNPOMFGQQGHHO-UWTATZPHSA-N,"InChI=1S/C3H6O4/c4-1-2(5)3(6)7/h2,4-5H,1H2,(H,6,7)/t2-/m1/s1"
HILp_TF49__S-adenosylmethionine,MEFKEPWMEQBLKI-AIRLBKTGSA-N,"InChI=1S/C15H22N6O5S/c1-27(3-2-7(16)15(24)25)4-8-10(22)11(23)14(26-8)21-6-20-9-12(17)18-5-19-13(9)21/h5-8,10-11,14,22-23H,2-4,16H2,1H3,(H2-,17,18,19,24,25)/t7-,8+,10+,11+,14+,27?/m0/s1"
C8p_QI172__C52:5 TAG,,
HILn_QI24__adipate,WNLRTRBMVRJNCN-UHFFFAOYSA-N,"InChI=1S/C6H10O4/c7-5(8)3-1-2-4-6(9)10/h1-4H2,(H,7,8)(H,9,10)"
C8p_QI170__C52:6 TAG,,
C8p_QI204__NH4_C56:4 TAG,,
C8p_QI58__C20:0 SM,,
HILn_TF6__dCMP,NCMVOABPESMRCP-SHYZEUOFSA-N,"InChI=1S/C9H14N3O7P/c10-7-1-2-12(9(14)11-7)8-3-5(13)6(19-8)4-18-20(15,16)17/h1-2,5-6,8,13H,3-4H2,(H2,10,11,14)(H2,15,16,17)/t5-,6+,8+/m0/s1"
C18n_QI29__stearate,QIQXTHQIDYTFRH-UHFFFAOYSA-N,"InChI=1S/C18H36O2/c1-2-3-4-5-6-7-8-9-10-11-12-13-14-15-16-17-18(19)20/h2-17H2,1H3,(H,19,20)"
C8p_QI30__C36:2 PC,,
C18n_QI17__myristoleate,YWWVWXASSLXJHU-WAYWQWQTSA-N,"InChI=1S/C14H26O2/c1-2-3-4-5-6-7-8-9-10-11-12-13-14(15)16/h5-6H,2-4,7-13H2,1H3,(H,15,16)/b6-5-"
HILp_QI13219__C20 carnitine,,
HILp_TF27__N-acetylhistamine,XJWPISBUKWZALE-UHFFFAOYSA-N,"InChI=1S/C7H11N3O/c1-6(11)9-3-2-7-4-8-5-10-7/h4-5H,2-3H2,1H3,(H,8,10)(H,9,11)"
HILn_TF5__citrulline,RHGKLRLOHDJJDR-BYPYZUCNSA-N,"InChI=1S/C6H13N3O3/c7-4(5(10)11)2-1-3-9-6(8)12/h4H,1-3,7H2,(H,10,11)(H3,8,9,12)/t4-/m0/s1"
HILp_TF20__urobilin,DEEUSUJLZQQESV-RWPZCVJISA-N,"InChI=1S/C33H46N4O6/c1-7-20-19(6)32(42)37-27(20)14-25-18(5)23(10-12-31(40)41)29(35-25)15-28-22(9-11-30(38)39)17(4)24(34-28)13-26-16(3)21(8-2)33(43)36-26/h15-16,19-21,26-27,35H,7-14H2,1-6H3,(H,36,43)(H,37,42)(H,38,39)(H,40,41)/b28-15+"
C8p_QI20__C30:0 PC,,
C8p_QI65__NH4_C16:1 CE,,
C8p_QI152__NH4_C50:4 TAG,,
C8p_QI140__C48:3 TAG,,
C8p_QI130__C46:3 TAG,,
C18n_QI84__palmitoylethanolamide,HXYVTAGFYLMHSO-UHFFFAOYSA-N,"InChI=1S/C18H37NO2/c1-2-3-4-5-6-7-8-9-10-11-12-13-14-15-18(21)19-16-17-20/h20H,2-17H2,1H3,(H,19,21)"
C18n_QI51__hyodeoxycholate/ursodeoxycholate,DGABKXLVXPYZII-SIBKNCMHSA-N,"InChI=1S/C24H40O4/c1-14(4-7-22(27)28)17-5-6-18-16-13-21(26)20-12-15(25)8-10-24(20,3)19(16)9-11-23(17,18)2/h14-21,25-26H,4-13H2,1-3H3,(H,27,28)/t14-,15-,16+,17-,18+,19+,20+,21+,23-,24-/m1/s1"
C8p_QI174__C52:4 TAG,,
C8p_QI212__cholesterol,HVYWMOMLDIMFJA-DPAQBDIFSA-N,"InChI=1S/C27H46O/c1-18(2)7-6-8-19(3)23-11-12-24-22-10-9-20-17-21(28)13-15-26(20,4)25(22)14-16-27(23,24)5/h9,18-19,21-25,28H,6-8,10-17H2,1-5H3/t19-,21+,22+,23-,24+,25+,26+,27-/m1/s1"
HILp_QI1750__4-guanidinobutanoic acid,TUHVEAJXIMEOSA-UHFFFAOYSA-N,"InChI=1S/C5H11N3O2/c6-5(7)8-3-1-2-4(9)10/h1-3H2,(H,9,10)(H4,6,7,8)"
C8p_QI202__NH4_C56:6 TAG,,
HILp_TF44__histidinol,ZQISRDCJNBUVMM-YFKPBYRVSA-N,"InChI=1S/C6H11N3O/c7-5(3-10)1-6-2-8-4-9-6/h2,4-5,10H,1,3,7H2,(H,8,9)/t5-/m0/s1"
HILp_TF52__N1-acetylspermine,GUNURVWAJRRUAV-UHFFFAOYSA-N,"InChI=1S/C12H28N4O/c1-12(17)16-11-5-10-15-8-3-2-7-14-9-4-6-13/h14-15H,2-11,13H2,1H3,(H,16,17)"
HILp_QI2162__histidine,HNDVDQJCIGZPNO-YFKPBYRVSA-N,"InChI=1S/C6H9N3O2/c7-5(6(10)11)1-4-2-8-3-9-4/h2-3,5H,1,7H2,(H,8,9)(H,10,11)/t5-/m0/s1"
HILp_QI6120__C5 carnitine,,
HILn_QI114__succinate,KDYFGRWQOYBRFD-UHFFFAOYSA-N,"InChI=1S/C4H6O4/c5-3(6)1-2-4(7)8/h1-2H2,(H,5,6)(H,7,8)"
HILp_QI8757__C9 carnitine,,
HILp_TF25__C8 carnitine,CXTATJFJDMJMIY-CYBMUJFWSA-N,"InChI=1S/C15H29NO4/c1-5-6-7-8-9-10-15(19)20-13(11-14(17)18)12-16(2,3)4/h13H,5-12H2,1-4H3/t13-/m1/s1"
C8p_QI167__C51:0 TAG,,
C8p_QI161__C51:3 TAG,,
HILp_QI1110__creatine,CVSVTCORWBXHQV-UHFFFAOYSA-N,"InChI=1S/C4H9N3O2/c1-7(4(5)6)2-3(8)9/h2H2,1H3,(H3,5,6)(H,8,9)"
C8p_QI181__NH4_C52:1 TAG,,
HILp_TF8__3'-O-methyladenosine,,
C8p_QI97__NH4_C32:2 DAG,,
C18n_QI43__adrenate,TWSWSIQAPQLDBP-DOFZRALJSA-N,"InChI=1S/C22H36O2/c1-2-3-4-5-6-7-8-9-10-11-12-13-14-15-16-17-18-19-20-21-22(23)24/h6-7,9-10,12-13,15-16H,2-5,8,11,14,17-21H2,1H3,(H,23,24)/b7-6-,10-9-,13-12-,16-15-"
C8p_QI74__C18:0 CE,,
HILp_QI4902__pantothenate,GHOKWGTUZJEAQD-ZETCQYMHSA-N,"InChI=1S/C9H17NO5/c1-9(2,5-11)7(14)8(15)10-4-3-6(12)13/h7,11,14H,3-5H2,1-2H3,(H,10,15)(H,12,13)/t7-/m0/s1"
HILp_QI13155__C16:0 LPE,,
HILn_QI47__dihydroorotate,UFIVEPVSAGBUSI-REOHCLBHSA-N,"InChI=1S/C5H6N2O4/c8-3-1-2(4(9)10)6-5(11)7-3/h2H,1H2,(H,9,10)(H2,6,7,8,11)/t2-/m0/s1"
C8p_QI16__C18:0 LPE,,
C18n_QI78__acetytyrosine,SKAWDTAMLOJQNK-LBPRGKRZSA-N,"InChI=1S/C13H17NO4/c1-3-18-13(17)12(14-9(2)15)8-10-4-6-11(16)7-5-10/h4-7,12,16H,3,8H2,1-2H3,(H,14,15)/t12-/m0/s1"
HILn_QI19__5-acetylamino-6-amino-3-methyluracil,POQOTWQIYYNXAT-UHFFFAOYSA-N,"InChI=1S/C7H10N4O3/c1-3(12)9-4-5(8)10-7(14)11(2)6(4)13/h8H2,1-2H3,(H,9,12)(H,10,14)"
HILn_QI86__methionine,FFEARJCKVFRZRR-BYPYZUCNSA-N,"InChI=1S/C5H11NO2S/c1-9-3-2-4(6)5(7)8/h4H,2-3,6H2,1H3,(H,7,8)/t4-/m0/s1"
C8p_QI179__NH4_C52:2 TAG,,
C18n_QI34__eicosapentaenoate,JAZBEHYOTPTENJ-JLNKQSITSA-N,"InChI=1S/C20H30O2/c1-2-3-4-5-6-7-8-9-10-11-12-13-14-15-16-17-18-19-20(21)22/h3-4,6-7,9-10,12-13,15-16H,2,5,8,11,14,17-19H2,1H3,(H,21,22)/b4-3-,7-6-,10-9-,13-12-,16-15-"
HILp_TF55__phenylalanine,COLNVLDHVKWLRT-QMMMGPOBSA-N,"InChI=1S/C9H11NO2/c10-8(9(11)12)6-7-4-2-1-3-5-7/h1-5,8H,6,10H2,(H,11,12)/t8-/m0/s1"
C8p_QI189__C54:5 TAG,,
HILn_TF2__alpha-glycerophosphate,AWUCVROLDVIAJX-GSVOUGTGSA-N,"InChI=1S/C3H9O6P/c4-1-3(5)2-9-10(6,7)8/h3-5H,1-2H2,(H2,6,7,8)/t3-/m1/s1"
C18n_QI73__olmesartan,,
C8p_QI201__C56:6 TAG,,
HILp_QI10472__21-deoxycortisol,LCZBQMKVFQNSJR-AVOSZYNGSA-N,"InChI=1S/C21H30O4/c1-12(22)21(25)9-7-16-15-5-4-13-10-14(23)6-8-19(13,2)18(15)17(24)11-20(16,21)3/h10,15-18,24-25H,4-9,11H2,1-3H3/t15-,16-,17?,18+,19-,20-,21-/m0/s1"
C8p_QI208__NH4_C56:2 TAG,,
C8p_QI87__NH4_C22:4 CE,,
C18n_QI15__dodecanoate,POULHZVOKOAJMA-UHFFFAOYSA-N,"InChI=1S/C12H24O2/c1-2-3-4-5-6-7-8-9-10-11-12(13)14/h2-11H2,1H3,(H,13,14)"
HILn_QI53__fructose/glucose/galactose,WQZGKKKJIJFFOK-VFUOTHLCSA-N,"InChI=1S/C6H12O6/c7-1-2-3(8)4(9)5(10)6(11)12-2/h2-11H,1H2/t2-,3-,4+,5-,6-/m1/s1"
C8p_QI166__NH4_C51:1 TAG,,
HILp_TF12__sphingosine-isomer3,WWUZIQQURGPMPG-KRWOKUGFSA-N,"InChI=1S/C18H37NO2/c1-2-3-4-5-6-7-8-9-10-11-12-13-14-15-18(21)17(19)16-20/h14-15,17-18,20-21H,2-13,16,19H2,1H3/b15-14+/t17-,18+/m0/s1"
C8p_QI72__C18:1 CE,RJECHNNFRHZQKU-RMUVNZEASA-N,"InChI=1S/C45H78O2/c1-7-8-9-10-11-12-13-14-15-16-17-18-19-20-21-25-43(46)47-38-30-32-44(5)37(34-38)26-27-39-41-29-28-40(36(4)24-22-23-35(2)3)45(41,6)33-31-42(39)44/h14-15,26,35-36,38-42H,7-13,16-25,27-34H2,1-6H3/b15-14-/t36-,38+,39+,40-,41+,42+,44+,45-/m1/s1"
C8p_QI51__C22:0 Ceramide (d18:1),,
HILp_QI1757__acetylcholine,OIPILFWXSMYKGL-UHFFFAOYSA-N,"InChI=1S/C7H16NO2/c1-7(9)10-6-5-8(2,3)4/h5-6H2,1-4H3/q+1"
HILp_TF23__C18:1-OH carnitine,,
HILp_QI755__niacinamide,DFPAKSUCGFBDDF-UHFFFAOYSA-N,"InChI=1S/C6H6N2O/c7-6(9)5-2-1-3-8-4-5/h1-4H,(H2,7,9)"
HILp_TF41__N6-acetyllysine,DTERQYGMUDWYAZ-ZETCQYMHSA-N,"InChI=1S/C8H16N2O3/c1-6(11)10-5-3-2-4-7(9)8(12)13/h7H,2-5,9H2,1H3,(H,10,11)(H,12,13)/t7-/m0/s1"
C8p_QI78__C20:4 CE,,
HILn_QI81__linoleoyl ethanolamide,,
HILp_QI9164__C10:2 carnitine,,
HILp_QI10330__C12 carnitine,,
C8p_QI153__C50:3 TAG,,
C8p_QI48__linoleoylethanolamide,,
HILp_QI16955__C20:1 LPC,,
HILn_QI74__indole-3-propionate,,
C18n_QI25__2-hydroxyhexadecanoate,,
HILp_TF16__nicotinuric acid,ZBSGKPYXQINNGF-UHFFFAOYSA-N,"InChI=1S/C8H8N2O3/c11-7(12)5-10-8(13)6-2-1-3-9-4-6/h1-4H,5H2,(H,10,13)(H,11,12)"
C8p_QI57__C18:0 SM,,
C8p_QI06__C18:1 LPC,,
HILp_QI1320__1-methylnicotinamide,LDHMAVIPBRSVRG-UHFFFAOYSA-O,"InChI=1S/C7H8N2O/c1-9-4-2-3-6(5-9)7(8)10/h2-5H,1H3,(H-,8,10)/p+1"
HILp_QI2979__arginine,ODKSFYDXXFIFQN-BYPYZUCNSA-N,"InChI=1S/C6H14N4O2/c7-4(5(11)12)2-1-3-10-6(8)9/h4H,1-3,7H2,(H,11,12)(H4,8,9,10)/t4-/m0/s1"
HILn_QI79__leucine,ROHFNLRQFUQHCH-YFKPBYRVSA-N,"InChI=1S/C6H13NO2/c1-4(2)3-5(7)6(8)9/h4-5H,3,7H2,1-2H3,(H,8,9)/t5-/m0/s1"
C8p_QI136__C46:0 TAG,,
HILn_QI55__fumarate/maleate,VZCYOOQTPOCHFL-OWOJBTEDSA-N,"InChI=1S/C4H4O4/c5-3(6)1-2-4(7)8/h1-2H,(H,5,6)(H,7,8)/b2-1+"
C8p_QI52__C24:0 Ceramide (d18:1),,
HILn_TF19__xanthurenate,FBZONXHGGPHHIY-UHFFFAOYSA-N,"InChI=1S/C10H7NO4/c12-7-3-1-2-5-8(13)4-6(10(14)15)11-9(5)7/h1-4,12H,(H,11,13)(H,14,15)"
HILp_QI2994__N-acetylaspartic acid,OTCCIMWXFLJLIA-BYPYZUCNSA-N,"InChI=1S/C6H9NO5/c1-3(8)7-4(6(11)12)2-5(9)10/h4H,2H2,1H3,(H,7,8)(H,9,10)(H,11,12)/t4-/m0/s1"
C8p_QI05__C18:2 LPC,,
HILp_QI2965__N-acetylornithine,JRLGPAXAGHMNOL-LURJTMIESA-N,"InChI=1S/C7H14N2O3/c1-5(10)9-6(7(11)12)3-2-4-8/h6H,2-4,8H2,1H3,(H,9,10)(H,11,12)/t6-/m0/s1"
HILn_QI45__cystine,LEVWYRKDKASIDU-IMJSIDKUSA-N,"InChI=1S/C6H12N2O4S2/c7-3(5(9)10)1-13-14-2-4(8)6(11)12/h3-4H,1-2,7-8H2,(H,9,10)(H,11,12)/t3-,4-/m0/s1"
C8p_QI215__piperine,MXXWOMGUGJBKIW-YPCIICBESA-N,"InChI=1S/C17H19NO3/c19-17(18-10-4-1-5-11-18)7-3-2-6-14-8-9-15-16(12-14)21-13-20-15/h2-3,6-9,12H,1,4-5,10-11,13H2/b6-2+,7-3+"
C8p_QI76__C20:5 CE,,
HILp_TF36__alanylalanine,DEFJQIDDEAULHB-SYPWQXSBSA-N,"InChI=1S/C6H12N2O3/c1-3(7)5(9)8-4(2)6(10)11/h3-4H,7H2,1-2H3,(H,8,9)(H,10,11)/t3-,4?/m1/s1"
C18n_QI28__oleate,ZQPPMHVWECSIRJ-KTKRTIGZSA-N,"InChI=1S/C18H34O2/c1-2-3-4-5-6-7-8-9-10-11-12-13-14-15-16-17-18(19)20/h9-10H,2-8,11-17H2,1H3,(H,19,20)/b10-9-"
C18n_QI48__lithocholate,SMEROWZSTRWXGI-HVATVPOCSA-N,"InChI=1S/C24H40O3/c1-15(4-9-22(26)27)19-7-8-20-18-6-5-16-14-17(25)10-12-23(16,2)21(18)11-13-24(19,20)3/h15-21,25H,4-14H2,1-3H3,(H,26,27)/t15-,16-,17-,18+,19-,20+,21+,23+,24-/m1/s1"
C18n_QI39__arachidate,VKOBVWXKNCXXDE-UHFFFAOYSA-N,"InChI=1S/C20H40O2/c1-2-3-4-5-6-7-8-9-10-11-12-13-14-15-16-17-18-19-20(21)22/h2-19H2,1H3,(H,21,22)"
C18n_QI4788__carnosol_isomer,,
C8p_QI151__C50:4 TAG,,
C8p_QI109__NH4_C36:3 DAG,,
HILp_QI578__proline,ONIBWKKTOPOVIA-BYPYZUCNSA-N,"InChI=1S/C5H9NO2/c7-5(8)4-2-1-3-6-4/h4,6H,1-3H2,(H,7,8)/t4-/m0/s1"
HILp_QI3039__serotonin,QZAYGJVTTNCVMB-UHFFFAOYSA-N,"InChI=1S/C10H12N2O/c11-4-3-7-6-12-10-2-1-8(13)5-9(7)10/h1-2,5-6,12-13H,3-4,11H2"
HILp_QI8054__diacetylspermine,NPDTUDWGJMBVEP-UHFFFAOYSA-N,"InChI=1S/C14H30N4O2/c1-13(19)17-11-5-9-15-7-3-4-8-16-10-6-12-18-14(2)20/h15-16H,3-12H2,1-2H3,(H,17,19)(H,18,20)"
C8p_QI13__C16:0 LPE,,
HILp_QI1968__S-methylcysteine-S-oxide,,
HILp_QI10262__C12:1 carnitine,,
C18n_QI74__1.2.3.4-tetrahydro-beta-carboline-1.3-dicarboxylate,,
HILp_QI3549__N1-acetylspermidine,MQTAVJHICJWXBR-UHFFFAOYSA-N,"InChI=1S/C9H21N3O/c1-9(13)12-8-4-7-11-6-3-2-5-10/h11H,2-8,10H2,1H3,(H,12,13)"
C8p_QI148__NH4_C49:1 TAG,,
C18n_QI70__carboxyibuprofen,,
C8p_QI171__NH4_C52:6 TAG,,
HILn_QI28433__propionate,XBDQKXXYIPTUBI-UHFFFAOYSA-N,"InChI=1S/C3H6O2/c1-2-3(4)5/h2H2,1H3,(H,4,5)"
HILn_QI52__ethyl glucuronide,,
HILp_QI1929__4-hydroxy-3-methylacetophenone,,
HILp_QI3939__N-acetylhistidine,KBOJOGQFRVVWBH-ZETCQYMHSA-N,"InChI=1S/C8H11N3O3/c1-5(12)11-7(8(13)14)2-6-3-9-4-10-6/h3-4,7H,2H2,1H3,(H,9,10)(H,11,12)(H,13,14)/t7-/m0/s1"
HILn_QI2__1-3-7-trimethylurate,BYXCFUMGEBZDDI-UHFFFAOYSA-N,"InChI=1S/C8H10N4O3/c1-10-4-5(9-7(10)14)11(2)8(15)12(3)6(4)13/h1-3H3,(H,9,14)"
C18n_QI07__9.10-diHOME,XEBKSQSGNGRGDW-YFHOEESVSA-N,"InChI=1S/C18H34O4/c1-2-3-4-5-7-10-13-16(19)17(20)14-11-8-6-9-12-15-18(21)22/h7,10,16-17,19-20H,2-6,8-9,11-15H2,1H3,(H,21,22)/b10-7-"
C8p_QI44__C32:0 PE,,
C18n_QI14__indoleacetate,SEOVTRFCIGRIMH-UHFFFAOYSA-N,"InChI=1S/C10H9NO2/c12-10(13)5-7-6-11-9-4-2-1-3-8(7)9/h1-4,6,11H,5H2,(H,12,13)"
HILn_TF1__2-aminoadipate,OYIFNHCXNCRBQI-BYPYZUCNSA-N,"InChI=1S/C6H11NO4/c7-4(6(10)11)2-1-3-5(8)9/h4H,1-3,7H2,(H,8,9)(H,10,11)/t4-/m0/s1"
C18n_TF4__pentadecanoate,WQEPLUUGTLDZJY-UHFFFAOYSA-N,"InChI=1S/C15H30O2/c1-2-3-4-5-6-7-8-9-10-11-12-13-14-15(16)17/h2-14H2,1H3,(H,16,17)"
C8p_QI197__C54:1 TAG,,
HILn_QI59__glutamate,WHUUTDBJXJRKMK-GSVOUGTGSA-N,"InChI=1S/C5H9NO4/c6-3(5(9)10)1-2-4(7)8/h3H,1-2,6H2,(H,7,8)(H,9,10)/t3-/m1/s1"
C8p_QI173__NH4_C52:5 TAG,,
C8p_QI40__C36:4 PC plasmalogen,,
HILp_QI2466__carnitine,PHIQHXFUZVPYII-ZCFIWIBFSA-N,"InChI=1S/C7H15NO3/c1-8(2,3)5-6(9)4-7(10)11/h6,9H,4-5H2,1-3H3/t6-/m1/s1"
HILp_QI352__serine,MTCFGRXMJLQNBG-REOHCLBHSA-N,"InChI=1S/C3H7NO3/c4-2(1-5)3(6)7/h2,5H,1,4H2,(H,6,7)/t2-/m0/s1"
HILn_QI13__4-hydroxybenzaldehyde,RGHHSNMVTDWUBI-UHFFFAOYSA-N,"InChI=1S/C7H6O2/c8-5-6-1-3-7(9)4-2-6/h1-5,9H"
HILn_QI90__N-acetylglutamate,RFMMMVDNIPUKGG-YFKPBYRVSA-N,"InChI=1S/C7H11NO5/c1-4(9)8-5(7(12)13)2-3-6(10)11/h5H,2-3H2,1H3,(H,8,9)(H,10,11)(H,12,13)/t5-/m0/s1"
C8p_QI132__C46:2 TAG,,
C8p_QI156__NH4_C50:2 TAG,,
HILn_QI116__taurine,XOAAWQZATWQOTB-UHFFFAOYSA-N,"InChI=1S/C2H7NO3S/c3-1-2-7(4,5)6/h1-3H2,(H,4,5,6)"
HILp_QI868__taurine,XOAAWQZATWQOTB-UHFFFAOYSA-N,"InChI=1S/C2H7NO3S/c3-1-2-7(4,5)6/h1-3H2,(H,4,5,6)"
C18n_QI64__tauro-alpha-muricholate/tauro-beta-muricholate,,
C8p_QI124__NH4_C44:2 TAG,,
HILn_QI92__norepinephrine,SFLSHLFXELFNJZ-QMMMGPOBSA-N,"InChI=1S/C8H11NO3/c9-4-8(12)5-1-2-6(10)7(11)3-5/h1-3,8,10-12H,4,9H2/t8-/m0/s1"
HILp_QI4915__5-hydroxytryptophan,LDCYZAJDBXYCGN-VIFPVBQESA-N,"InChI=1S/C11H12N2O3/c12-9(11(15)16)3-6-5-13-10-2-1-7(14)4-8(6)10/h1-2,4-5,9,13-14H,3,12H2,(H,15,16)/t9-/m0/s1"
C8p_QI11__C22:6 LPC,,
C8p_QI79__NH4_C20:4 CE,,
HILn_QI57__gemfibrozil,HEMJJKBWTPKOJG-UHFFFAOYSA-N,"InChI=1S/C15H22O3/c1-11-6-7-12(2)13(10-11)18-9-5-8-15(3,4)14(16)17/h6-7,10H,5,8-9H2,1-4H3,(H,16,17)"
C8p_QI165__C51:1 TAG,,
C18n_QI61__taurochenodeoxycholate,BHTRKEVKTKCXOH-BJLOMENOSA-N,"InChI=1S/C26H45NO6S/c1-16(4-7-23(30)27-12-13-34(31,32)33)19-5-6-20-24-21(9-11-26(19,20)3)25(2)10-8-18(28)14-17(25)15-22(24)29/h16-22,24,28-29H,4-15H2,1-3H3,(H,27,30)(H,31,32,33)/t16-,17+,18-,19-,20+,21+,22-,24+,25+,26-/m1/s1"
HILn_QI14__4-hydroxybenzeneacetonitrile,AYKYOOPFBCOXSL-UHFFFAOYSA-N,"InChI=1S/C8H7NO/c9-6-5-7-1-3-8(10)4-2-7/h1-4,10H,5H2"
C18n_QI49__chenodeoxycholate,RUDATBOHQWOJDD-BSWAIDMHSA-N,"InChI=1S/C24H40O4/c1-14(4-7-21(27)28)17-5-6-18-22-19(9-11-24(17,18)3)23(2)10-8-16(25)12-15(23)13-20(22)26/h14-20,22,25-26H,4-13H2,1-3H3,(H,27,28)/t14-,15+,16-,17-,18+,19+,20-,22+,23+,24-/m1/s1"
C8p_QI139__NH4_C48:4 TAG,,
C18n_QI53__alpha-muricholate,DKPMWHFRUGMUKF-GDYCBZMLSA-N,"InChI=1S/C24H40O5/c1-13(4-7-19(26)27)15-5-6-16-20-17(9-11-23(15,16)2)24(3)10-8-14(25)12-18(24)21(28)22(20)29/h13-18,20-22,25,28-29H,4-12H2,1-3H3,(H,26,27)/t13-,14-,15-,16+,17+,18+,20+,21+,22+,23-,24-/m1/s1"
C8p_QI77__NH4_C20:5 CE,,
HILp_QI715__trimethylbenzene,GWHJZXXIDMPWGX-UHFFFAOYSA-N,"InChI=1S/C9H12/c1-7-4-5-8(2)9(3)6-7/h4-6H,1-3H3"
C8p_QI91__C18:0 MAG,,
HILn_QI48__docosapentaenoate,,
HILp_TF40__imidazoleacetic acid,PRJKNHOMHKJCEJ-UHFFFAOYSA-N,"InChI=1S/C5H6N2O2/c8-5(9)1-4-2-6-3-7-4/h2-3H,1H2,(H,6,7)(H,8,9)"
C18n_QI68__azelate,BDJRBEYXGGNYIS-UHFFFAOYSA-N,"InChI=1S/C9H16O4/c10-8(11)6-4-2-1-3-5-7-9(12)13/h1-7H2,(H,10,11)(H,12,13)"
HILp_QI6844__C3-DC-CH3 carnitine,,
HILp_TF26__beta-guanidinopropionic acid,KMXXSJLYVJEBHI-UHFFFAOYSA-N,"InChI=1S/C4H9N3O2/c5-4(6)7-2-1-3(8)9/h1-2H2,(H,8,9)(H4,5,6,7)"
HILp_TF47__homoarginine,QUOGESRFPZDMMT-YFKPBYRVSA-N,"InChI=1S/C7H16N4O2/c8-5(6(12)13)3-1-2-4-11-7(9)10/h5H,1-4,8H2,(H,12,13)(H4,9,10,11)/t5-/m0/s1"
C8p_QI39__C36:5 PC plasmalogen,,
C8p_QI93__C22:1 MAG,,
C18n_QI33__17-methylstearate,,
HILn_QI69__homovanillate,QRMZSPFSDQBLIX-UHFFFAOYSA-N,"InChI=1S/C9H10O4/c1-13-8-4-6(5-9(11)12)2-3-7(8)10/h2-4,10H,5H2,1H3,(H,11,12)"
C8p_QI180__C52:1 TAG,,
C8p_QI85__NH4_C22:5 CE,,
HILp_TF34__5-aminolevulinic acid,ZGXJTSGNIOSYLO-UHFFFAOYSA-N,"InChI=1S/C5H9NO3/c6-3-4(7)1-2-5(8)9/h1-3,6H2,(H,8,9)"
C8p_QI64__C16:1 CE,,
HILn_QI42__citrate,KRKNYBCHXYNGOX-UHFFFAOYSA-N,"InChI=1S/C6H8O7/c7-3(8)1-6(13,5(11)12)2-4(9)10/h13H,1-2H2,(H,7,8)(H,9,10)(H,11,12)"
HILn_QI21__acesulfame,,
C18n_QI06__12.13-diHOME,CQSLTKIXAJTQGA-FLIBITNWSA-N,"InChI=1S/C18H34O4/c1-2-3-10-13-16(19)17(20)14-11-8-6-4-5-7-9-12-15-18(21)22/h8,11,16-17,19-20H,2-7,9-10,12-15H2,1H3,(H,21,22)/b11-8-"
HILn_TF4__arginine,ODKSFYDXXFIFQN-BYPYZUCNSA-N,"InChI=1S/C6H14N4O2/c7-4(5(11)12)2-1-3-10-6(8)9/h4H,1-3,7H2,(H,11,12)(H4,8,9,10)/t4-/m0/s1"
HILp_TF39__C4 carnitine,QWYFHHGCZUCMBN-UHFFFAOYSA-N,"InChI=1S/C11H21NO4/c1-5-6-11(15)16-9(7-10(13)14)8-12(2,3)4/h9H,5-8H2,1-4H3"
C8p_QI157__C50:1 TAG,,
C8p_QI61__C24:1 SM,,
C18n_TF2__3-hydroxydecanoate,,
HILp_QI7751__2'-O-methyladenosine,,
"HILp_QI9142__N2,N2-dimethylguanosine",,
HILn_TF16__suberate,TYFQFVWCELRYAO-UHFFFAOYSA-N,"InChI=1S/C8H14O4/c9-7(10)5-3-1-2-4-6-8(11)12/h1-6H2,(H,9,10)(H,11,12)"
C8p_QI106__NH4_C34:1 DAG,,
HILp_TF1__sulfapyridine,,
HILn_QI3__2-aminobutyrate,QWCKQJZIFLGMSD-VKHMYHEASA-N,"InChI=1S/C4H9NO2/c1-2-3(5)4(6)7/h3H,2,5H2,1H3,(H,6,7)/t3-/m0/s1"
C18n_QI13__caprate,GHVNFZFCNZKVNT-UHFFFAOYSA-N,"InChI=1S/C10H20O2/c1-2-3-4-5-6-7-8-9-10(11)12/h2-9H2,1H3,(H,11,12)"
C18n_QI36__eicosatrienoate,HOBAELRKJCKHQD-QNEBEIHSSA-N,"InChI=1S/C20H34O2/c1-2-3-4-5-6-7-8-9-10-11-12-13-14-15-16-17-18-19-20(21)22/h6-7,9-10,12-13H,2-5,8,11,14-19H2,1H3,(H,21,22)/b7-6-,10-9-,13-12-"
C18n_QI79__alpha-CEHC,,
HILp_QI1093__N-acetylputrescine,KLZGKIDSEJWEDW-UHFFFAOYSA-N,"InChI=1S/C6H14N2O/c1-6(9)8-5-3-2-4-7/h2-5,7H2,1H3,(H,8,9)"
C8p_QI183__NH4_C52:0 TAG,,
HILp_QI1127__alloisoleucine,,
HILp_TF24__C16-OH carnitine,,
HILp_TF56__tryptophan,QIVBCDIJIAJPQS-VIFPVBQESA-N,"InChI=1S/C11H12N2O2/c12-9(11(14)15)5-7-6-13-10-4-2-1-3-8(7)10/h1-4,6,9,13H,5,12H2,(H,14,15)/t9-/m0/s1"
HILp_QI418__4-aminophenol,PLIKAWJENQZMHA-UHFFFAOYSA-N,"InChI=1S/C6H7NO/c7-5-1-3-6(8)4-2-5/h1-4,8H,7H2"
C18n_QI20__palmitoleate,SECPZKHBENQXJG-FPLPWBNLSA-N,"InChI=1S/C16H30O2/c1-2-3-4-5-6-7-8-9-10-11-12-13-14-15-16(17)18/h7-8H,2-6,9-15H2,1H3,(H,17,18)/b8-7-"
C18n_QI56__glycochenodeoxycholate,GHCZAUBVMUEKKP-GYPHWSFCSA-N,"InChI=1S/C26H43NO5/c1-15(4-7-22(30)27-14-23(31)32)18-5-6-19-24-20(9-11-26(18,19)3)25(2)10-8-17(28)12-16(25)13-21(24)29/h15-21,24,28-29H,4-14H2,1-3H3,(H,27,30)(H,31,32)/t15-,16+,17-,18-,19+,20+,21-,24+,25+,26-/m1/s1"
HILp_QI1788__glutamine,ZDXPYRJPNDTMRX-VKHMYHEASA-N,"InChI=1S/C5H10N2O3/c6-3(5(9)10)1-2-4(7)8/h3H,1-2,6H2,(H2,7,8)(H,9,10)/t3-/m0/s1"
HILp_TF38__aspartate,CKLJMWTZIZZHCS-REOHCLBHSA-N,"InChI=1S/C4H7NO4/c5-2(4(8)9)1-3(6)7/h2H,1,5H2,(H,6,7)(H,8,9)/t2-/m0/s1"
C8p_QI100__C32:0 DAG,,
C8p_QI111__NH4_C36:2 DAG,,
C8p_QI194__NH4_C54:3 TAG,,
C8p_QI83__NH4_C22:6 CE,,
C8p_QI54__C16:1 SM,,
C8p_QI32__C38:6 PC,,
HILn_QI50__eicosapentaenoate,JAZBEHYOTPTENJ-JLNKQSITSA-N,"InChI=1S/C20H30O2/c1-2-3-4-5-6-7-8-9-10-11-12-13-14-15-16-17-18-19-20(21)22/h3-4,6-7,9-10,12-13,15-16H,2,5,8,11,14,17-19H2,1H3,(H,21,22)/b4-3-,7-6-,10-9-,13-12-,16-15-"
HILn_QI130__xanthine,LRFVTYWOQMYALW-UHFFFAOYSA-N,"InChI=1S/C5H4N4O2/c10-4-2-3(7-1-6-2)8-5(11)9-4/h1H,(H3,6,7,8,9,10,11)"
HILp_QI1048__metformin,XZWYZXLIPXDOLR-UHFFFAOYSA-N,"InChI=1S/C4H11N5/c1-9(2)4(7)8-3(5)6/h1-2H3,(H5,5,6,7,8)"
HILp_QI2793__3-methylhistidine,JDHILDINMRGULE-LURJTMIESA-N,"InChI=1S/C7H11N3O2/c1-10-4-9-3-5(10)2-6(8)7(11)12/h3-4,6H,2,8H2,1H3,(H,11,12)/t6-/m0/s1"
C8p_QI206__NH4_C56:3 TAG,,
HILp_TF53__isoleucine,AGPKZVBTJJNPAG-WHFBIAKZSA-N,"InChI=1S/C6H13NO2/c1-3-4(2)5(7)6(8)9/h4-5H,3,7H2,1-2H3,(H,8,9)/t4-,5-/m0/s1"
C8p_QI103__C34:2 DAG,,
HILp_QI2014__N1-methyl-2-pyridone-5-carboxamide,JLQSXXWTCJPCBC-UHFFFAOYSA-N,"InChI=1S/C7H8N2O2/c1-9-4-5(7(8)11)2-3-6(9)10/h2-4H,1H3,(H2,8,11)"
HILn_QI33__azelate,BDJRBEYXGGNYIS-UHFFFAOYSA-N,"InChI=1S/C9H16O4/c10-8(11)6-4-2-1-3-5-7-9(12)13/h1-7H2,(H,10,11)(H,12,13)"
C8p_QI114__C36:0 DAG,,
C18n_QI30__hexadecanedioate,QQHJDPROMQRDLA-UHFFFAOYSA-N,"InChI=1S/C16H30O4/c17-15(18)13-11-9-7-5-3-1-2-4-6-8-10-12-14-16(19)20/h1-14H2,(H,17,18)(H,19,20)"
C18n_QI80__carnosol,XUSYGBPHQBWGAD-PJSUUKDQSA-N,"InChI=1S/C20H26O4/c1-10(2)11-8-12-13-9-14-19(3,4)6-5-7-20(14,18(23)24-13)15(12)17(22)16(11)21/h8,10,13-14,21-22H,5-7,9H2,1-4H3/t13-,14-,20+/m0/s1"
HILn_QI111__shikimate,JXOHGGNKMLTUBP-HSUXUTPPSA-N,"InChI=1S/C7H10O5/c8-4-1-3(7(11)12)2-5(9)6(4)10/h1,4-6,8-10H,2H2,(H,11,12)/t4-,5-,6-/m1/s1"
HILp_QI331__choline,OEYIOHPDSNJKLS-UHFFFAOYSA-N,"InChI=1S/C5H14NO/c1-6(2,3)4-5-7/h7H,4-5H2,1-3H3/q+1"
HILp_QI1169__ornithine,AHLPHDHHMVZTML-BYPYZUCNSA-N,"InChI=1S/C5H12N2O2/c6-3-1-2-4(7)5(8)9/h4H,1-3,6-7H2,(H,8,9)/t4-/m0/s1"
C18n_QI60__taurolithocholate,QBYUNVOYXHFVKC-GBURMNQMSA-N,"InChI=1S/C26H45NO5S/c1-17(4-9-24(29)27-14-15-33(30,31)32)21-7-8-22-20-6-5-18-16-19(28)10-12-25(18,2)23(20)11-13-26(21,22)3/h17-23,28H,4-16H2,1-3H3,(H,27,29)(H,30,31,32)/t17-,18-,19-,20+,21-,22+,23+,25+,26-/m1/s1"
C18n_QI35__arachidonate,YZXBAPSDXZZRGB-DOFZRALJSA-N,"InChI=1S/C20H32O2/c1-2-3-4-5-6-7-8-9-10-11-12-13-14-15-16-17-18-19-20(21)22/h6-7,9-10,12-13,15-16H,2-5,8,11,14,17-19H2,1H3,(H,21,22)/b7-6-,10-9-,13-12-,16-15-"
C8p_QI15__C18:1 LPE,,
C8p_QI68__C18:3 CE,,
HILp_TF19__C22:6 LPE,,
C8p_QI99__NH4_C32:1 DAG,,
C8p_QI92__NH4_C18:0 MAG,,
HILp_TF45__agmatine,QYPPJABKJHAVHS-UHFFFAOYSA-N,"InChI=1S/C5H14N4/c6-3-1-2-4-9-5(7)8/h1-4,6H2,(H4,7,8,9)"
C18n_QI86__p-hydroxyphenylacetate,XQXPVVBIMDBYFF-UHFFFAOYSA-N,"InChI=1S/C8H8O3/c9-7-3-1-6(2-4-7)5-8(10)11/h1-4,9H,5H2,(H,10,11)"
C8p_QI63__C14:0 CE,,
C8p_QI159__C50:0 TAG,,
C8p_QI118__C38:5 DAG,,
C18n_QI83__oxypurinol,HXNFUBHNUDHIGC-UHFFFAOYSA-N,"InChI=1S/C5H4N4O2/c10-4-2-1-6-9-3(2)7-5(11)8-4/h1H,(H3,6,7,8,9,10,11)"
C8p_QI22__C32:0 PC,,
C8p_QI192__NH4_C54:4 TAG,,
HILp_QI7060__adenosine,OIRDTQYFTABQOQ-KQYNXXCUSA-N,"InChI=1S/C10H13N5O4/c11-8-5-9(13-2-12-8)15(3-14-5)10-7(18)6(17)4(1-16)19-10/h2-4,6-7,10,16-18H,1H2,(H2,11,12,13)/t4-,6-,7-,10-/m1/s1"
HILp_QI3107__hippurate,QIAFMBKCNZACKA-UHFFFAOYSA-N,"InChI=1S/C9H9NO3/c11-8(12)6-10-9(13)7-4-2-1-3-5-7/h1-5H,6H2,(H,10,13)(H,11,12)"
C18n_QI46__oleanate,MIJYXULNPSFWEK-GTOFXWBISA-N,"InChI=1S/C30H48O3/c1-25(2)14-16-30(24(32)33)17-15-28(6)19(20(30)18-25)8-9-22-27(5)12-11-23(31)26(3,4)21(27)10-13-29(22,28)7/h8,20-23,31H,9-18H2,1-7H3,(H,32,33)/t20-,21-,22+,23-,27-,28+,29+,30-/m0/s1"
C8p_QI113__NH4_C36:1 DAG,,
HILp_QI9350__C10 carnitine,LZOSYCMHQXPBFU-OAHLLOKOSA-N,"InChI=1S/C17H33NO4/c1-5-6-7-8-9-10-11-12-17(21)22-15(13-16(19)20)14-18(2,3)4/h15H,5-14H2,1-4H3/t15-/m1/s1"
HILp_QI473__cytosine,OPTASPLRGRRNAP-UHFFFAOYSA-N,"InChI=1S/C4H5N3O/c5-3-1-2-6-4(8)7-3/h1-2H,(H3,5,6,7,8)"
HILp_QI29__glycine,DHMQDGOQFOQNFH-UHFFFAOYSA-N,"InChI=1S/C2H5NO2/c3-1-2(4)5/h1,3H2,(H,4,5)"
HILp_QI892__1-methylhistamine,FHQDWPCFSJMNCT-UHFFFAOYSA-N,"InChI=1S/C6H11N3/c1-9-4-6(2-3-7)8-5-9/h4-5H,2-3,7H2,1H3"
C8p_QI195__C54:2 TAG,,
HILn_QI7__2-hydroxyglutarate,KPGXRSRHYNQIFN-UHFFFAOYSA-N,"InChI=1S/C5H6O5/c6-3(5(9)10)1-2-4(7)8/h1-2H2,(H,7,8)(H,9,10)"
C8p_QI196__NH4_C54:2 TAG,,
HILp_TF35__C18:0 LPE-B,,
C18n_QI66__salicylate,YGSDEFSMJLZEOE-UHFFFAOYSA-N,"InChI=1S/C7H6O3/c8-6-4-2-1-3-5(6)7(9)10/h1-4,8H,(H,9,10)"
C8p_QI59__C22:1 SM,,
C18n_QI40__phytanate,RLCKHJSFHOZMDR-UHFFFAOYSA-N,"InChI=1S/C20H40O2/c1-16(2)9-6-10-17(3)11-7-12-18(4)13-8-14-19(5)15-20(21)22/h16-19H,6-15H2,1-5H3,(H,21,22)"
C18n_QI12__3-hydroxyoctanoate,,
C8p_QI190__NH4_C54:5 TAG,,
C8p_QI178__C52:2 TAG,,
HILn_QI51__erythronate,,
C8p_QI47__palmithoylethanolamide,HXYVTAGFYLMHSO-UHFFFAOYSA-N,"InChI=1S/C18H37NO2/c1-2-3-4-5-6-7-8-9-10-11-12-13-14-15-18(21)19-16-17-20/h20H,2-17H2,1H3,(H,19,21)"
C8p_QI164__NH4_C51:2 TAG,,
HILp_QI484__histamine,NTYJJOPFIAHURM-UHFFFAOYSA-N,"InChI=1S/C5H9N3/c6-2-1-5-3-7-4-8-5/h3-4H,1-2,6H2,(H,7,8)"
HILn_QI78__lactose,GUBGYTABKSRVRQ-QKKXKWKRSA-N,"InChI=1S/C12H22O11/c13-1-3-5(15)6(16)9(19)12(22-3)23-10-4(2-14)21-11(20)8(18)7(10)17/h3-20H,1-2H2/t3-,4-,5+,6+,7-,8-,9-,10-,11?,12+/m1/s1"
C8p_QI122__NH4_C42:0 TAG,,
HILp_QI3608__kynurenic acid,HCZHHEIFKROPDY-UHFFFAOYSA-N,"InChI=1S/C10H7NO3/c12-9-5-8(10(13)14)11-7-4-2-1-3-6(7)9/h1-5H,(H,11,12)(H,13,14)"
C8p_QI163__C51:2 TAG,,
HILn_QI37__caproate,FUZZWVXGSFPDMH-UHFFFAOYSA-N,"InChI=1S/C6H12O2/c1-2-3-4-5-6(7)8/h2-5H2,1H3,(H,7,8)"
C8p_QI18__C20:0 LPE,,
C8p_QI19__C22:0 LPE,,
HILp_QI23736__C14:0 SM,,
HILn_QI22__acetylalanine,,
HILp_TF4__7-methylxanthine,PFWLFWPASULGAN-UHFFFAOYSA-N,"InChI=1S/C6H6N4O2/c1-10-2-7-4-3(10)5(11)9-6(12)8-4/h2H,1H3,(H2,8,9,11,12)"
HILp_QI19549__bilirubin,BPYKTIZUTYGOLE-IFADSCNNSA-N,"InChI=1S/C33H36N4O6/c1-7-20-19(6)32(42)37-27(20)14-25-18(5)23(10-12-31(40)41)29(35-25)15-28-22(9-11-30(38)39)17(4)24(34-28)13-26-16(3)21(8-2)33(43)36-26/h7-8,13-14,34-35H,1-2,9-12,15H2,3-6H3,(H,36,43)(H,37,42)(H,38,39)(H,40,41)/b26-13-,27-14-"
HILp_QI20478__urobilin,DOKCNDVEPDZOJQ-RWPZCVJISA-N,"InChI=1S/C33H40N4O6/c1-7-20-19(6)32(42)37-27(20)14-25-18(5)23(10-12-31(40)41)29(35-25)15-28-22(9-11-30(38)39)17(4)24(34-28)13-26-16(3)21(8-2)33(43)36-26/h8,15,26-27,35H,2,7,9-14H2,1,3-6H3,(H,36,43)(H,37,42)(H,38,39)(H,40,41)/b28-15+"
C18n_QI10__hydrocinnamate,XMIIGOLPHOKFCH-UHFFFAOYSA-N,"InChI=1S/C9H10O2/c10-9(11)7-6-8-4-2-1-3-5-8/h1-5H,6-7H2,(H,10,11)"
HILp_QI13719__C16:1 LPC plasmalogen,,
C8p_QI127__C44:0 TAG,,
HILn_QI126__uracil,ISAKRJDGNUQOIC-UHFFFAOYSA-N,"InChI=1S/C4H4N2O2/c7-3-1-2-5-4(8)6-3/h1-2H,(H2,5,6,7,8)"
HILn_QI5__2-hydroxy-3-methylbutyrate,,
HILp_QI19408__biliverdin,QBUVFDKTZJNUPP-BBROENKCSA-N,"InChI=1S/C33H34N4O6/c1-7-20-19(6)32(42)37-27(20)14-25-18(5)23(10-12-31(40)41)29(35-25)15-28-22(9-11-30(38)39)17(4)24(34-28)13-26-16(3)21(8-2)33(43)36-26/h7-8,13-15,35H,1-2,9-12H2,3-6H3,(H,36,43)(H,37,42)(H,38,39)(H,40,41)/b26-13-,27-14-,28-15-"
C8p_QI134__C46:1 TAG,,
C8p_QI36__C34:4 PC plasmalogen,,
C18n_QI77__4-hydroxystyrene,FUGYGGDSWSUORM-UHFFFAOYSA-N,"InChI=1S/C8H8O/c1-2-7-3-5-8(9)6-4-7/h2-6,9H,1H2"
HILn_QI54__fucose,SHZGCJCMOBCMKK-DHVFOXMCSA-N,"InChI=1S/C6H12O5/c1-2-3(7)4(8)5(9)6(10)11-2/h2-10H,1H3/t2-,3+,4+,5-,6?/m0/s1"
HILp_QI30__trimethylamine-N-oxide,UYPYRKYUKCHHIB-UHFFFAOYSA-N,"InChI=1S/C3H9NO/c1-4(2,3)5/h1-3H3"
C18n_QI72__cetrizine,ZKLPARSLTMPFCP-UHFFFAOYSA-N,"InChI=1S/C21H25ClN2O3/c22-19-8-6-18(7-9-19)21(17-4-2-1-3-5-17)24-12-10-23(11-13-24)14-15-27-16-20(25)26/h1-9,21H,10-16H2,(H,25,26)"
HILn_QI125__UMP,DJJCXFVJDGTHFX-XVFCMESISA-N,"InChI=1S/C9H13N2O9P/c12-5-1-2-11(9(15)10-5)8-7(14)6(13)4(20-8)3-19-21(16,17)18/h1-2,4,6-8,13-14H,3H2,(H,10,12,15)(H2,16,17,18)/t4-,6-,7-,8-/m1/s1"
HILp_QI9633__linoleoyl ethanolamide,,
HILn_QI120__threonine,AYFVYJQAPQTCCC-GBXIJSLDSA-N,"InChI=1S/C4H9NO3/c1-2(6)3(5)4(7)8/h2-3,6H,5H2,1H3,(H,7,8)/t2-,3+/m1/s1"
HILp_TF57__tyrosine,OUYCCCASQSFEME-QMMMGPOBSA-N,"InChI=1S/C9H11NO3/c10-8(9(12)13)5-6-1-3-7(11)4-2-6/h1-4,8,11H,5,10H2,(H,12,13)/t8-/m0/s1"
HILp_QI2598__methionine sulfoxide,QEFRNWWLZKMPFJ-YGVKFDHGSA-N,"InChI=1S/C5H11NO3S/c1-10(9)3-2-4(6)5(7)8/h4H,2-3,6H2,1H3,(H,7,8)/t4-,10?/m0/s1"
C8p_QI112__C36:1 DAG,,
C18n_TF3__dodecanedioate,TVIDDXQYHWJXFK-UHFFFAOYSA-N,"InChI=1S/C12H22O4/c13-11(14)9-7-5-3-1-2-4-6-8-10-12(15)16/h1-10H2,(H,13,14)(H,15,16)"
HILn_QI11__3-methylglutaconate,,
C8p_QI02__C14:0 LPC,,
C8p_QI34__C38:3 PC,,
HILn_QI23__adenine,GFFGJBXGBJISGV-UHFFFAOYSA-N,"InChI=1S/C5H5N5/c6-4-3-5(9-1-7-3)10-2-8-4/h1-2H,(H3,6,7,8,9,10)"
HILp_QI1989__acetaminophen,RZVAJINKPMORJF-UHFFFAOYSA-N,"InChI=1S/C8H9NO2/c1-6(10)9-7-2-4-8(11)5-3-7/h2-5,11H,1H3,(H,9,10)"
HILn_QI16__4-methylcatechol,ZBCATMYQYDCTIZ-UHFFFAOYSA-N,"InChI=1S/C7H8O2/c1-5-2-3-6(8)7(9)4-5/h2-4,8-9H,1H3"
C8p_QI67__NH4_C16:0 CE,,
HILp_QI12494__C18:1 carnitine,,
HILp_TF58__valine,KZSNJWFQEVHDMF-BYPYZUCNSA-N,"InChI=1S/C5H11NO2/c1-3(2)4(6)5(7)8/h3-4H,6H2,1-2H3,(H,7,8)/t4-/m0/s1"
HILn_QI73__imidazolelactate,,
C18n_QI16__undecanedionate,,
HILn_QI85__malonate,OFOBLEOULBTSOW-UHFFFAOYSA-N,"InChI=1S/C3H4O4/c4-2(5)1-3(6)7/h1H2,(H,4,5)(H,6,7)"
HILn_QI70__hydrochlorothiazide,JZUFKLXOESDKRF-UHFFFAOYSA-N,"InChI=1S/C7H8ClN3O4S2/c8-4-1-5-7(2-6(4)16(9,12)13)17(14,15)11-3-10-5/h1-2,10-11H,3H2,(H2,9,12,13)"
C8p_QI169__C52:7 TAG,,
HILn_QI77__lactate,JVTAAEKCZFNVCJ-REOHCLBHSA-N,"InChI=1S/C3H6O3/c1-2(4)3(5)6/h2,4H,1H3,(H,5,6)/t2-/m0/s1"
HILp_TF42__methylimidazole acetic acid,ZHCKPJGJQOPTLB-UHFFFAOYSA-N,"InChI=1S/C6H8N2O2/c1-8-3-5(7-4-8)2-6(9)10/h3-4H,2H2,1H3,(H,9,10)"
HILn_QI28__alpha-ketoisovalerate,QHKABHOOEWYVLI-UHFFFAOYSA-N,"InChI=1S/C5H8O3/c1-3(2)4(6)5(7)8/h3H,1-2H3,(H,7,8)"
HILn_TF14__pentose monophosphate,BGWGXPAPYGQALX-VRPWFDPXSA-N,"InChI=1S/C6H13O9P/c7-2-6(10)5(9)4(8)3(15-6)1-14-16(11,12)13/h3-5,7-10H,1-2H2,(H2,11,12,13)/t3-,4-,5+,6?/m1/s1"
C18n_QI23__10-heptadecenoate,,
C18n_TF5__theophylline,ZFXYFBGIUFBOJW-UHFFFAOYSA-N,"InChI=1S/C7H8N4O2/c1-10-5-4(8-3-9-5)6(12)11(2)7(10)13/h3H,1-2H3,(H,8,9)"
C8p_QI213__5alpha-cholestan-3beta-ol,,
HILn_QI20__5-dodecenoate,,
C8p_QI56__C18:1 SM,,
HILp_QI8763__sphinganine,OTKJDMGTUTTYMP-ZWKOTPCHSA-N,"InChI=1S/C18H39NO2/c1-2-3-4-5-6-7-8-9-10-11-12-13-14-15-18(21)17(19)16-20/h17-18,20-21H,2-16,19H2,1H3/t17-,18+/m0/s1"
C8p_QI46__sphingosine,WWUZIQQURGPMPG-KRWOKUGFSA-N,"InChI=1S/C18H37NO2/c1-2-3-4-5-6-7-8-9-10-11-12-13-14-15-18(21)17(19)16-20/h14-15,17-18,20-21H,2-13,16,19H2,1H3/b15-14+/t17-,18+/m0/s1"
C8p_QI129__C45:0 TAG,,
C8p_QI128__NH4_C44:0 TAG,,
HILp_QI7107__inosine,UGQMRVRMYYASKQ-KQYNXXCUSA-N,"InChI=1S/C10H12N4O5/c15-1-4-6(16)7(17)10(19-4)14-3-13-5-8(14)11-2-12-9(5)18/h2-4,6-7,10,15-17H,1H2,(H,11,12,18)/t4-,6-,7-,10-/m1/s1"
C8p_QI80__C20:3 CE,,
C18n_QI67__saccharin,CVHZOJJKTDOEJC-UHFFFAOYSA-N,"InChI=1S/C7H5NO3S/c9-7-5-3-1-2-4-6(5)12(10,11)8-7/h1-4H,(H,8,9)"
C18n_QI81__crustecdysone,NKDFYOWSKOHCCO-KCJGERRASA-N,"InChI=1S/C27H44O7/c1-23(2,32)9-8-22(31)26(5,33)21-7-11-27(34)16-12-18(28)17-13-19(29)20(30)14-24(17,3)15(16)6-10-25(21,27)4/h12,15,17,19-22,29-34H,6-11,13-14H2,1-5H3/t15?,17-,19+,20-,21-,22+,24+,25+,26?,27+/m0/s1"
HILp_TF2__sphingosine-isomer1,WWUZIQQURGPMPG-KRWOKUGFSA-N,"InChI=1S/C18H37NO2/c1-2-3-4-5-6-7-8-9-10-11-12-13-14-15-18(21)17(19)16-20/h14-15,17-18,20-21H,2-13,16,19H2,1H3/b15-14+/t17-,18+/m0/s1"
C8p_QI144__C48:1 TAG,,
HILp_TF37__beta-alanine,UCMIRNVEIXFBKS-UHFFFAOYSA-N,"InChI=1S/C3H7NO2/c4-2-1-3(5)6/h1-2,4H2,(H,5,6)"
C8p_QI08__C20:5 LPC,,
HILn_QI36__butyrate,FERIUCNNQQJTOY-UHFFFAOYSA-N,"InChI=1S/C4H8O2/c1-2-3-4(5)6/h2-3H2,1H3,(H,5,6)"
C8p_QI73__NH4_C18:1 CE,,
C8p_QI125__C44:1 TAG,,
C8p_QI133__NH4_C46:2 TAG,,
HILp_QI2601__7-methylguanine,FZWGECJQACGGTI-UHFFFAOYSA-N,"InChI=1S/C6H7N5O/c1-11-2-8-4-3(11)5(12)10-6(7)9-4/h2H,1H3,(H3,7,9,10,12)"
C8p_QI131__NH4_C46:3 TAG,,
C8p_QI86__C22:4 CE,,
C8p_QI102__NH4_C34:3 DAG,,
HILp_QI1144__N-carbamoyl-beta-alanine,JSJWCHRYRHKBBW-UHFFFAOYSA-N,"InChI=1S/C4H8N2O3/c5-4(9)6-2-1-3(7)8/h1-2H2,(H,7,8)(H3,5,6,9)"
HILp_TF15__pyridoxine,LXNHXLLTXMVWPM-UHFFFAOYSA-N,"InChI=1S/C8H11NO3/c1-5-8(12)7(4-11)6(3-10)2-9-5/h2,10-12H,3-4H2,1H3"
HILn_QI63__glycocholate,RFDAIACWWDREDC-FRVQLJSFSA-N,"InChI=1S/C26H43NO6/c1-14(4-7-22(31)27-13-23(32)33)17-5-6-18-24-19(12-21(30)26(17,18)3)25(2)9-8-16(28)10-15(25)11-20(24)29/h14-21,24,28-30H,4-13H2,1-3H3,(H,27,31)(H,32,33)/t14-,15+,16-,17-,18+,19+,20-,21+,24+,25+,26-/m1/s1"
HILp_TF32__C18:3 LPC,,
C8p_QI71__NH4_C18:2 CE,,
HILp_TF29__C18:2 LPC,,
C18n_QI19__hydroxymyristate,,
C8p_QI14__C18:2 LPE,,
HILn_QI76__inosine,UGQMRVRMYYASKQ-KQYNXXCUSA-N,"InChI=1S/C10H12N4O5/c15-1-4-6(16)7(17)10(19-4)14-3-13-5-8(14)11-2-12-9(5)18/h2-4,6-7,10,15-17H,1H2,(H,11,12,18)/t4-,6-,7-,10-/m1/s1"
C8p_QI199__C55:2 TAG,,
HILn_QI41__cinnamoylglycine,,
HILp_TF28__aminoisobutyric acid/GABA,FUOOLUPWFVMBKG-UHFFFAOYSA-N,"InChI=1S/C4H9NO2/c1-4(2,5)3(6)7/h5H2,1-2H3,(H,6,7)"
C8p_QI184__C53:3 TAG,,
HILn_TF8__epiandrosterone,QGXBDMJGAMFCBF-LUJOEAJASA-N,"InChI=1S/C19H30O2/c1-18-9-7-13(20)11-12(18)3-4-14-15-5-6-17(21)19(15,2)10-8-16(14)18/h12-16,20H,3-11H2,1-2H3/t12-,13-,14-,15-,16-,18-,19-/m0/s1"
C8p_QI182__C52:0 TAG,,
HILn_TF3__alpha-ketoglutarate,KPGXRSRHYNQIFN-UHFFFAOYSA-N,"InChI=1S/C5H6O5/c6-3(5(9)10)1-2-4(7)8/h1-2H2,(H,7,8)(H,9,10)"
HILp_TF48__ADMA/SDMA,YDGMGEXADBMOMJ-LURJTMIESA-N,"InChI=1S/C8H18N4O2/c1-12(2)8(10)11-5-3-4-6(9)7(13)14/h6H,3-5,9H2,1-2H3,(H2,10,11)(H,13,14)/t6-/m0/s1"
C8p_QI187__C54:6 TAG,,
C8p_QI42__C36:1 PC plasmalogen,,
HILn_QI121__thymine,RWQNBRDOKXIBIV-UHFFFAOYSA-N,"InChI=1S/C5H6N2O2/c1-3-2-6-5(9)7-4(3)8/h2H,1H3,(H2,6,7,8,9)"
HILn_QI44__corticosterone,OMFXVFTZEKFJBZ-HJTSIMOOSA-N,"InChI=1S/C21H30O4/c1-20-8-7-13(23)9-12(20)3-4-14-15-5-6-16(18(25)11-22)21(15,2)10-17(24)19(14)20/h9,14-17,19,22,24H,3-8,10-11H2,1-2H3/t14-,15-,16+,17-,19+,20-,21-/m0/s1"
C18n_QI08__caproate,FUZZWVXGSFPDMH-UHFFFAOYSA-N,"InChI=1S/C6H12O2/c1-2-3-4-5-6(7)8/h2-5H2,1H3,(H,7,8)"
C8p_QI12__C16:1 LPE,,
C8p_QI25__C34:1 PC,,
C18n_QI27__linoleate,OYHQOLUKZRVURQ-HZJYTTRNSA-N,"InChI=1S/C18H32O2/c1-2-3-4-5-6-7-8-9-10-11-12-13-14-15-16-17-18(19)20/h6-7,9-10H,2-5,8,11-17H2,1H3,(H,19,20)/b7-6-,10-9-"
C8p_QI143__NH4_C48:2 TAG,,
"HILp_TF50__N1,N12-diacetylspermine",NPDTUDWGJMBVEP-UHFFFAOYSA-N,"InChI=1S/C14H30N4O2/c1-13(19)17-11-5-9-15-7-3-4-8-16-10-6-12-18-14(2)20/h15-16H,3-12H2,1-2H3,(H,17,19)(H,18,20)"
C8p_QI49__C2 Ceramide (d18:1),,
C8p_QI60__C22:0 SM,,
C8p_QI89__C16:1 MAG,,
HILp_QI8513__1-methylguanosine,,
C8p_QI94__NH4_C22:1 MAG,,
C8p_QI200__C56:7 TAG,,
C8p_QI04__C16:0 LPC,,
HILn_QI40__cholate,BHQCQFFYRZLCQQ-OELDTZBJSA-N,"InChI=1S/C24H40O5/c1-13(4-7-21(28)29)16-5-6-17-22-18(12-20(27)24(16,17)3)23(2)9-8-15(25)10-14(23)11-19(22)26/h13-20,22,25-27H,4-12H2,1-3H3,(H,28,29)/t13-,14+,15-,16-,17+,18+,19-,20+,22+,23+,24-/m1/s1"
C18n_QI22__tetradecanedioate,HOQADATXFBOEGG-UHFFFAOYSA-N,"InChI=1S/C15H24NO4PS/c1-6-18-21(22,16-11(2)3)20-14-10-8-7-9-13(14)15(17)19-12(4)5/h7-12H,6H2,1-5H3,(H,16,22)"
HILp_QI24373__C16:0 SM,,
C8p_QI29__C36:3 PC,,
HILp_QI10949__cortisol,JYGXADMDTFJGBT-VWUMJDOOSA-N,"InChI=1S/C21H30O5/c1-19-7-5-13(23)9-12(19)3-4-14-15-6-8-21(26,17(25)11-22)20(15,2)10-16(24)18(14)19/h9,14-16,18,22,24,26H,3-8,10-11H2,1-2H3/t14-,15-,16-,18+,19-,20-,21-/m0/s1"
C8p_QI116__C36:4 DAG,,
C18n_QI11__mandelate,IWYDHOAUDWTVEP-ZETCQYMHSA-N,"InChI=1S/C8H8O3/c9-7(8(10)11)6-4-2-1-3-5-6/h1-5,7,9H,(H,10,11)/t7-/m0/s1"
C18n_QI31__10-nonadecenoate,,
C18n_QI92__13-cis-retinoic acid,SHGAZHPCJJPHSC-XFYACQKRSA-N,"InChI=1S/C20H28O2/c1-15(8-6-9-16(2)14-19(21)22)11-12-18-17(3)10-7-13-20(18,4)5/h6,8-9,11-12,14H,7,10,13H2,1-5H3,(H,21,22)/b9-6+,12-11+,15-8+,16-14-"
HILn_QI109__sebacate,CXMXRPHRNRROMY-UHFFFAOYSA-N,"InChI=1S/C10H18O4/c11-9(12)7-5-3-1-2-4-6-8-10(13)14/h1-8H2,(H,11,12)(H,13,14)"
HILp_QI9662__quinine,LOUPRKONTZGTKE-VOMFEXJBSA-N,"InChI=1S/C20H24N2O2/c1-3-13-12-22-9-7-14(13)10-19(22)20(23)16-6-8-21-18-5-4-15(24-2)11-17(16)18/h3-6,8,11,13-14,19-20,23H,1,7,9-10,12H2,2H3/t13-,14?,19-,20+/m0/s1"
C18n_QI26__alpha-linolenate,DTOSIQBPPRVQHS-PDBXOOCHSA-N,"InChI=1S/C18H30O2/c1-2-3-4-5-6-7-8-9-10-11-12-13-14-15-16-17-18(19)20/h3-4,6-7,9-10H,2,5,8,11-17H2,1H3,(H,19,20)/b4-3-,7-6-,10-9-"
HILp_TF46__cadaverine,VHRGRCVQAFMJIZ-UHFFFAOYSA-N,InChI=1S/C5H14N2/c6-4-2-1-3-5-7/h1-7H2
C18n_QI91__oxymetazoline,WYWIFABBXFUGLM-UHFFFAOYSA-N,"InChI=1S/C16H24N2O/c1-10-8-13(16(3,4)5)15(19)11(2)12(10)9-14-17-6-7-18-14/h8,19H,6-7,9H2,1-5H3,(H,17,18)"
HILn_QI6__2-hydroxy-3-methylpentanoate,,
HILp_QI615__betaine,KWIUHFFTVRNATP-UHFFFAOYSA-N,"InChI=1S/C5H11NO2/c1-6(2,3)4-5(7)8/h4H2,1-3H3"
HILp_QI12539__C18 carnitine,,
HILn_QI102__pseudouridine,PTJWIQPHWPFNBW-GBNDHIKLSA-N,"InChI=1S/C9H12N2O6/c12-2-4-5(13)6(14)7(17-4)3-1-10-9(16)11-8(3)15/h1,4-7,12-14H,2H2,(H2,10,11,15,16)/t4-,5-,6-,7+/m1/s1"
HILp_QI168__alanine,QNAYBMKLOCPYGJ-REOHCLBHSA-N,"InChI=1S/C3H7NO2/c1-2(4)3(5)6/h2H,4H2,1H3,(H,5,6)/t2-/m0/s1"
HILp_QI7038__atenolol,AEQDBKHAAWUCMT-UHFFFAOYSA-N,"InChI=1S/C16H22N2O3.ClH/c1-4-12(17-9(2)3)16(21)11-5-7-13(19)15-10(11)6-8-14(20)18-15;/h5-9,12,16-17,19,21H,4H2,1-3H3,(H,18,20);1H"
C8p_QI119__NH4_C38:5 DAG,,
HILn_QI71__hydrocinnamate,XMIIGOLPHOKFCH-UHFFFAOYSA-N,"InChI=1S/C9H10O2/c10-9(11)7-6-8-4-2-1-3-5-8/h1-5H,6-7H2,(H,10,11)"
C8p_QI27__C36:4 PC-A,,
C18n_QI45__eicosanedioate,,
C18n_TF1__2-hydroxyoctanoate,,
HILn_QI18__4-pyridoxate,HXACOUQIXZGNBF-UHFFFAOYSA-N,"InChI=1S/C8H9NO4/c1-4-7(11)6(8(12)13)5(3-10)2-9-4/h2,10-11H,3H2,1H3,(H,12,13)"
HILn_TF13__oxalate,MUBZPKHOEPUJKR-UHFFFAOYSA-N,"InChI=1S/C2H2O4/c3-1(4)2(5)6/h(H,3,4)(H,5,6)"
C8p_QI214__beta-sitosterol,,
HILn_QI32__aspartate,CKLJMWTZIZZHCS-REOHCLBHSA-N,"InChI=1S/C4H7NO4/c5-2(4(8)9)1-3(6)7/h2H,1,5H2,(H,6,7)(H,8,9)/t2-/m0/s1"
HILp_QI7860__8-hydroxy-deoxyguanosine,,
C8p_QI03__C16:1 LPC,,
C8p_QI115__NH4_C36:0 DAG,,
C8p_QI26__C34:0 PC,,
HILp_QI522__creatinine,DDRJAANPRJIHGJ-UHFFFAOYSA-N,"InChI=1S/C4H7N3O/c1-7-2-3(8)6-4(7)5/h2H2,1H3,(H2,5,6,8)"
HILp_TF11__cytidine,UHDGCWIWMRVCDJ-XVFCMESISA-N,"InChI=1S/C9H13N3O5/c10-5-1-2-12(9(16)11-5)8-7(15)6(14)4(3-13)17-8/h1-2,4,6-8,13-15H,3H2,(H2,10,11,16)/t4-,6-,7-,8-/m1/s1"
HILp_QI8646__threosphingosine,,
C8p_QI211__C58:10 TAG,,
C8p_QI28__C36:4 PC-B,,
HILp_QI15372__C18:0 LPC,,
C8p_QI137__NH4_C46:0 TAG,,
C8p_QI147__NH4_C48:0 TAG,,
C8p_QI23__C34:3 PC,,
C8p_QI210__NH4_C56:1 TAG,,
C8p_QI81__NH4_C20:3 CE,,
HILp_QI4793__N-alpha-acetylarginine,,
C8p_QI90__NH4_C16:1 MAG,,
C8p_QI31__C36:1 PC,,
C18n_QI58__glycoursodeoxycholate,,
C8p_QI175__NH4_C52:4 TAG,,
HILn_QI84__malate,BJEPYKJPYRNKOW-REOHCLBHSA-N,"InChI=1S/C4H6O5/c5-2(4(8)9)1-3(6)7/h2,5H,1H2,(H,6,7)(H,8,9)/t2-/m0/s1"
"HILp_QI3593__N6,N6,N6-trimethyllysine",MXNRLFUSFKVQSK-QMMMGPOBSA-N,"InChI=1S/C9H20N2O2/c1-11(2,3)7-5-4-6-8(10)9(12)13/h8H,4-7,10H2,1-3H3/t8-/m0/s1"
C8p_QI168__NH4_C51:0 TAG,,
HILn_QI31__asparagine,DCXYFEDJOCDNAF-REOHCLBHSA-N,"InChI=1S/C4H8N2O3/c5-2(4(8)9)1-3(6)7/h2H,1,5H2,(H2,6,7)(H,8,9)/t2-/m0/s1"
HILn_QI123__tryptophan,QIVBCDIJIAJPQS-VIFPVBQESA-N,"InChI=1S/C11H12N2O2/c12-9(11(14)15)5-7-6-13-10-4-2-1-3-8(7)10/h1-4,6,9,13H,5,12H2,(H,14,15)/t9-/m0/s1"
C18n_QI50__deoxycholate,KXGVEGMKQFWNSR-LLQZFEROSA-N,"InChI=1S/C24H40O4/c1-14(4-9-22(27)28)18-7-8-19-17-6-5-15-12-16(25)10-11-23(15,2)20(17)13-21(26)24(18,19)3/h14-21,25-26H,4-13H2,1-3H3,(H,27,28)/t14-,15-,16-,17+,18-,19+,20+,21+,23+,24-/m1/s1"
C18n_QI63__taurohyodeoxycholate/tauroursodeoxycholate,,
C18n_QI09__heptanoate,MNWFXJYAOYHMED-UHFFFAOYSA-N,"InChI=1S/C7H14O2/c1-2-3-4-5-6-7(8)9/h2-6H2,1H3,(H,8,9)"
HILp_QI1508__imidazole propionate,ZCKYOWGFRHAZIQ-UHFFFAOYSA-N,"InChI=1S/C6H8N2O2/c9-6(10)2-1-5-3-7-4-8-5/h3-4H,1-2H2,(H,7,8)(H,9,10)"
HILp_TF43__ectoine,,
C8p_QI141__NH4_C48:3 TAG,,
C18n_QI69__sebacate,CXMXRPHRNRROMY-UHFFFAOYSA-N,"InChI=1S/C10H18O4/c11-9(12)7-5-3-1-2-4-6-8-10(13)14/h1-8H2,(H,11,12)(H,13,14)"
HILp_QI3588__NMMA,NTNWOCRCBQPEKQ-YFKPBYRVSA-N,"InChI=1S/C7H16N4O2/c1-10-7(9)11-4-2-3-5(8)6(12)13/h5H,2-4,8H2,1H3,(H,12,13)(H3,9,10,11)/t5-/m0/s1"
HILn_QI66__guanosine,NYHBQMYGNKIUIF-UUOKFMHZSA-N,"InChI=1S/C10H13N5O5/c11-10-13-7-4(8(19)14-10)12-2-15(7)9-6(18)5(17)3(1-16)20-9/h2-3,5-6,9,16-18H,1H2,(H3,11,13,14,19)/t3-,5-,6-,9-/m1/s1"
HILp_QI1105__N-acetyalanine,,
HILn_QI103__pyrocatechol,YCIMNLLNPGFGHC-UHFFFAOYSA-N,"InChI=1S/C6H6O2/c7-5-3-1-2-4-6(5)8/h1-4,7-8H"
C18n_QI89__nervonic acid,GWHCXVQVJPWHRF-KTKRTIGZSA-N,"InChI=1S/C24H46O2/c1-2-3-4-5-6-7-8-9-10-11-12-13-14-15-16-17-18-19-20-21-22-23-24(25)26/h9-10H,2-8,11-23H2,1H3,(H,25,26)/b10-9-"
HILn_QI58__gentisate,WXTMDXOMEHJXQO-UHFFFAOYSA-N,"InChI=1S/C7H6O4/c8-4-1-2-6(9)5(3-4)7(10)11/h1-3,8-9H,(H,10,11)"
C8p_QI55__C16:0 SM,,
HILp_QI1810__glutamate,WHUUTDBJXJRKMK-VKHMYHEASA-N,"InChI=1S/C5H9NO4/c6-3(5(9)10)1-2-4(7)8/h3H,1-2,6H2,(H,7,8)(H,9,10)/t3-/m0/s1"
HILp_TF3__sphingosine-isomer2,WWUZIQQURGPMPG-KRWOKUGFSA-N,"InChI=1S/C18H37NO2/c1-2-3-4-5-6-7-8-9-10-11-12-13-14-15-18(21)17(19)16-20/h14-15,17-18,20-21H,2-13,16,19H2,1H3/b15-14+/t17-,18+/m0/s1"
C8p_QI107__C34:0 DAG,,
HILp_QI1759__butyrobetaine,JHPNVNIEXXLNTR-UHFFFAOYSA-O,"InChI=1S/C7H15NO2/c1-8(2,3)6-4-5-7(9)10/h4-6H2,1-3H3/p+1"
HILp_QI163__putrescine,KIDHWZJUCRJVML-UHFFFAOYSA-N,InChI=1S/C4H12N2/c5-3-1-2-4-6/h1-6H2
HILp_QI11212__C14 carnitine,,
HILn_TF12__N6-acetyllysine,DTERQYGMUDWYAZ-ZETCQYMHSA-N,"InChI=1S/C8H16N2O3/c1-6(11)10-5-3-2-4-7(9)8(12)13/h7H,2-5,9H2,1H3,(H,10,11)(H,12,13)/t7-/m0/s1"
HILp_QI14421__C18:1 LPC plasmalogen,,
HILn_TF10__indoxyl sulfate,,
HILn_QI108__salicylate,YGSDEFSMJLZEOE-UHFFFAOYSA-N,"InChI=1S/C7H6O3/c8-6-4-2-1-3-5(6)7(9)10/h1-4,8H,(H,9,10)"
HILp_TF22__N-acetylglutamine,,
C8p_QI198__C55:3 TAG,,
HILn_QI56__gabapentin,,
HILp_QI12459__C18:2 carnitine,,
C8p_QI38__C34:1 PC plasmalogen,,
C8p_QI69__NH4_C18:3 CE,,
HILp_TF51__spermidine,ATHGHQPFGPMSJY-UHFFFAOYSA-N,"InChI=1S/C7H19N3/c8-4-1-2-6-10-7-3-5-9/h10H,1-9H2"
HILp_QI3716__hydroxycotinine,,
HILp_QI1646__proline betaine,CMUNUTVVOOHQPW-LURJTMIESA-N,"InChI=1S/C7H13NO2/c1-8(2)5-3-4-6(8)7(9)10/h6H,3-5H2,1-2H3/t6-/m0/s1"
HILp_TF14__2-deoxycytidine,CKTSBUTUHBMZGZ-SHYZEUOFSA-N,"InChI=1S/C9H13N3O4/c10-7-1-2-12(9(15)11-7)8-3-5(14)6(4-13)16-8/h1-2,5-6,8,13-14H,3-4H2,(H2,10,11,15)/t5-,6+,8+/m0/s1"
"HILp_QI2981__N6,N6-dimethyllysine",,
C8p_QI101__C34:3 DAG,,
HILn_QI132__xylose,SRBFZHDQGSBBOR-IOVATXLUSA-N,"InChI=1S/C5H10O5/c6-2-1-10-5(9)4(8)3(2)7/h2-9H,1H2/t2-,3+,4-,5?/m1/s1"
HILn_TF7__diaminopimelate,GMKMEZVLHJARHF-WHFBIAKZSA-N,"InChI=1S/C7H14N2O4/c8-4(6(10)11)2-1-3-5(9)7(12)13/h4-5H,1-3,8-9H2,(H,10,11)(H,12,13)/t4-,5-/m0/s1"
C8p_QI193__C54:3 TAG,,
HILp_QI1794__lysine,KDXKERNSBIXSRK-YFKPBYRVSA-N,"InChI=1S/C6H14N2O2/c7-4-2-1-3-5(8)6(9)10/h5H,1-4,7-8H2,(H,9,10)/t5-/m0/s1"
C18n_QI42__docosapentaenoate,,
HILn_QI98__phenylacetylglutamine,JFLIEFSWGNOPJJ-JTQLQIEISA-N,"InChI=1S/C13H16N2O4/c14-11(16)7-6-10(13(18)19)15-12(17)8-9-4-2-1-3-5-9/h1-5,10H,6-8H2,(H2,14,16)(H,15,17)(H,18,19)/t10-/m0/s1"
C8p_QI24__C34:2 PC,,
C8p_QI110__C36:2 DAG,,
C8p_QI186__NH4_C53:2 TAG,,
C8p_QI135__NH4_C46:1 TAG,,
C8p_QI185__NH4_C53:3 TAG,,
HILp_QI3040__cotinine,,
C8p_QI142__C48:2 TAG,,
C8p_QI176__C52:3 TAG,,
HILp_QI2850__metronidazole,VAOCPAMSLUNLGC-UHFFFAOYSA-N,"InChI=1S/C6H9N3O3/c1-5-7-4-6(9(11)12)8(5)2-3-10/h4,10H,2-3H2,1H3"
C8p_QI66__C16:0 CE,BBJQPKLGPMQWBU-JADYGXMDSA-N,"InChI=1S/C43H76O2/c1-7-8-9-10-11-12-13-14-15-16-17-18-19-23-41(44)45-36-28-30-42(5)35(32-36)24-25-37-39-27-26-38(34(4)22-20-21-33(2)3)43(39,6)31-29-40(37)42/h24,33-34,36-40H,7-23,25-32H2,1-6H3/t34-,36+,37+,38-,39+,40+,42+,43-/m1/s1"
C18n_QI38__eicosenoate,BITHHVVYSMSWAG-KTKRTIGZSA-N,"InChI=1S/C20H38O2/c1-2-3-4-5-6-7-8-9-10-11-12-13-14-15-16-17-18-19-20(21)22/h9-10H,2-8,11-19H2,1H3,(H,21,22)/b10-9-"
C8p_QI96__C32:2 DAG,,
HILp_QI2874__gabapentin,,
C8p_QI177__NH4_C52:3 TAG,,
C8p_QI203__C56:4 TAG,,
C8p_QI126__NH4_C44:1 TAG,,
HILn_QI72__hypoxanthine,FDGQSTZJBFJUBT-UHFFFAOYSA-N,"InChI=1S/C5H4N4O/c10-5-3-4(7-1-6-3)8-2-9-5/h1-2H,(H2,6,7,8,9,10)"
HILn_QI110__serine,MTCFGRXMJLQNBG-REOHCLBHSA-N,"InChI=1S/C3H7NO3/c4-2(1-5)3(6)7/h2,5H,1,4H2,(H,6,7)/t2-/m0/s1"
HILp_QI1890__methionine,FFEARJCKVFRZRR-BYPYZUCNSA-N,"InChI=1S/C5H11NO2S/c1-9-3-2-4(6)5(7)8/h4H,2-3,6H2,1H3,(H,7,8)/t4-/m0/s1"
C18n_QI32__nonadecanoate,ISYWECDDZWTKFF-UHFFFAOYSA-N,"InChI=1S/C19H38O2/c1-2-3-4-5-6-7-8-9-10-11-12-13-14-15-16-17-18-19(20)21/h2-18H2,1H3,(H,20,21)"
HILn_QI124__tyrosine,OUYCCCASQSFEME-QMMMGPOBSA-N,"InChI=1S/C9H11NO3/c10-8(9(12)13)5-6-1-3-7(11)4-2-6/h1-4,8,11H,5,10H2,(H,12,13)/t8-/m0/s1"
C8p_QI191__C54:4 TAG,,
C8p_QI07__C18:0 LPC,,
C8p_QI162__NH4_C51:3 TAG,,
C8p_QI84__C22:5 CE,,
HILp_QI3770__caffeine,RYYVLZVUVIJVGH-UHFFFAOYSA-N,"InChI=1S/C8H10N4O2/c1-10-4-9-6-5(10)7(13)12(3)8(14)11(6)2/h4H,1-3H3"
C8p_QI21__C32:1 PC,,
C8p_QI45__C34:0 PE,,
HILp_QI2602__1-methylguanine,,
C18n_QI62__taurodeoxycholate,AWDRATDZQPNJFN-GHMNEPPTSA-N,"InChI=1S/C26H45NO6S/c1-16(4-9-24(30)27-12-13-34(31,32)33)20-7-8-21-19-6-5-17-14-18(28)10-11-25(17,2)22(19)15-23(29)26(20,21)3/h16-23,28-29H,4-15H2,1-3H3,(H,27,30)(H,31,32,33)/t16?,17?,18-,19?,20?,21?,22?,23+,25+,26-/m1/s1"
C18n_QI18__myristate,TUNFSRHWOTWDNC-UHFFFAOYSA-N,"InChI=1S/C14H28O2/c1-2-3-4-5-6-7-8-9-10-11-12-13-14(15)16/h2-13H2,1H3,(H,15,16)"
HILn_QI17__4-nitrophenol,BTJIUGUIPKRLHP-UHFFFAOYSA-N,"InChI=1S/C6H5NO3/c8-6-3-1-5(2-4-6)7(9)10/h1-4,8H"
HILn_QI30__ascorbate,LHFJOBMTAJJOTB-JLAZNSOCSA-N,"InChI=1S/C6H7O6/c7-1-2(8)5-3(9)4(10)6(11)12-5/h2,5,7-8,10H,1H2/t2-,5+/m0/s1"
HILn_QI106__ribothymidine,,
HILp_QI3009__citrulline,RHGKLRLOHDJJDR-BYPYZUCNSA-N,"InChI=1S/C6H13N3O3/c7-4(5(10)11)2-1-3-9-6(8)12/h4H,1-3,7H2,(H,10,11)(H3,8,9,12)/t4-/m0/s1"
HILp_QI13031__C20:4 carnitine,,
C8p_QI104__NH4_C34:2 DAG,,
HILn_QI119__tetrahydro-1-methyl-beta-carboline-3-carboxylate,,
HILp_QI6656__alpha-glycerophosphocholine,SUHOQUVVVLNYQR-MRVPVSSYSA-O,"InChI=1S/C8H20NO6P/c1-9(2,3)4-5-14-16(12,13)15-7-8(11)6-10/h8,10-11H,4-7H2,1-3H3/p+1/t8-/m1/s1"
HILp_QI3629__homocitrulline,XIGSAGMEBXLVJJ-YFKPBYRVSA-N,"InChI=1S/C7H15N3O3/c8-5(6(11)12)3-1-2-4-10-7(9)13/h5H,1-4,8H2,(H,11,12)(H3,9,10,13)/t5-/m0/s1"
C8p_QI121__C42:0 TAG,,
C8p_QI62__C24:0 SM,,
C8p_QI158__NH4_C50:1 TAG,,
HILp_QI3985__5-acetylamino-6-amino-3-methyluracil,POQOTWQIYYNXAT-UHFFFAOYSA-N,"InChI=1S/C7H10N4O3/c1-3(12)9-4-5(8)10-7(14)11(2)6(4)13/h8H2,1-2H3,(H,9,12)(H,10,14)"
HILp_TF5__biotin,YBJHBAHKTGYVGT-ZKWXMUAHSA-N,"InChI=1S/C10H16N2O3S/c13-8(14)4-2-1-3-7-9-6(5-16-7)11-10(15)12-9/h6-7,9H,1-5H2,(H,13,14)(H2,11,12,15)/t6-,7-,9-/m0/s1"
C8p_QI43__C38:4 PC plasmalogen,,
C8p_QI209__C56:1 TAG,,
C18n_QI71__hydrochlorothiazide,JZUFKLXOESDKRF-UHFFFAOYSA-N,"InChI=1S/C7H8ClN3O4S2/c8-4-1-5-7(2-6(4)16(9,12)13)17(14,15)11-3-10-5/h1-2,10-11H,3H2,(H2,9,12,13)"
HILp_QI14033__C16:1 LPC,,
C8p_QI09__C20:4 LPC,,
C8p_QI35__C38:2 PC,,
HILn_QI10__3-methyladipate/pimelate,,
HILn_TF17__tartarate,FEWJPZIEWOKRBE-JCYAYHJZSA-N,"InChI=1S/C4H6O6/c5-1(3(7)8)2(6)4(9)10/h1-2,5-6H,(H,7,8)(H,9,10)/t1-,2-/m1/s1"
C8p_QI205__C56:3 TAG,,
C8p_QI95__C30:0 DAG,,
C8p_QI105__C34:1 DAG,YEJYLHKQOBOSCP-OZKTZCCCSA-N,"InChI=1S/C37H70O5/c1-3-5-7-9-11-13-15-17-18-20-22-24-26-28-30-32-37(40)42-35(33-38)34-41-36(39)31-29-27-25-23-21-19-16-14-12-10-8-6-4-2/h17-18,35,38H,3-16,19-34H2,1-2H3/b18-17-/t35-/m0/s1"
HILp_QI25304__C36:2 PC,,
C8p_QI188__NH4_C54:6 TAG,,
HILn_QI9__3-hydroxymethylglutarate,NPOAOTPXWNWTSH-UHFFFAOYSA-N,"InChI=1S/C6H10O5/c1-6(11,2-4(7)8)3-5(9)10/h11H,2-3H2,1H3,(H,7,8)(H,9,10)"
C18n_QI54__cholate,BHQCQFFYRZLCQQ-OELDTZBJSA-N,"InChI=1S/C24H40O5/c1-13(4-7-21(28)29)16-5-6-17-22-18(12-20(27)24(16,17)3)23(2)9-8-15(25)10-14(23)11-19(22)26/h13-20,22,25-27H,4-12H2,1-3H3,(H,28,29)/t13-,14+,15-,16-,17+,18+,19-,20+,22+,23+,24-/m1/s1"
HILn_QI25__alanine,QNAYBMKLOCPYGJ-REOHCLBHSA-N,"InChI=1S/C3H7NO2/c1-2(4)3(5)6/h2H,4H2,1H3,(H,5,6)/t2-/m0/s1"
HILp_QI11887__C16 carnitine,XOMRRQXKHMYMOC-OAQYLSRUSA-N,"InChI=1S/C23H45NO4/c1-5-6-7-8-9-10-11-12-13-14-15-16-17-18-23(27)28-21(19-22(25)26)20-24(2,3)4/h21H,5-20H2,1-4H3/t21-/m1/s1"
HILn_QI128__uridine,DRTQHJPVMGBUCF-XVFCMESISA-N,"InChI=1S/C9H12N2O6/c12-3-4-6(14)7(15)8(17-4)11-2-1-5(13)10-9(11)16/h1-2,4,6-8,12,14-15H,3H2,(H,10,13,16)/t4-,6-,7-,8-/m1/s1"
C8p_QI50__C16:0 Ceramide (d18:1),,
HILp_QI7976__piperine,MXXWOMGUGJBKIW-YPCIICBESA-N,"InChI=1S/C17H19NO3/c19-17(18-10-4-1-5-11-18)7-3-2-6-14-8-9-15-16(12-14)21-13-20-15/h2-3,6-9,12H,1,4-5,10-11,13H2/b6-2+,7-3+"
C8p_QI70__C18:2 CE,NAACPBBQTFFYQB-LJAITQKLSA-N,"InChI=1S/C45H76O2/c1-7-8-9-10-11-12-13-14-15-16-17-18-19-20-21-25-43(46)47-38-30-32-44(5)37(34-38)26-27-39-41-29-28-40(36(4)24-22-23-35(2)3)45(41,6)33-31-42(39)44/h11-12,14-15,26,35-36,38-42H,7-10,13,16-25,27-34H2,1-6H3/b12-11-,15-14-/t36-,38+,39+,40-,41+,42+,44+,45-/m1/s1"
HILn_QI49__dTMP,GYOZYWVXFNDGLU-XLPZGREQSA-N,"InChI=1S/C10H15N2O8P/c1-5-3-12(10(15)11-9(5)14)8-2-6(13)7(20-8)4-19-21(16,17)18/h3,6-8,13H,2,4H2,1H3,(H,11,14,15)(H2,16,17,18)/t6-,7+,8+/m0/s1"
HILp_QI1038__N-methylproline,,
HILn_QI93__orotate,PXQPEWDEAKTCGB-UHFFFAOYSA-N,"InChI=1S/C5H4N2O4/c8-3-1-2(4(9)10)6-5(11)7-3/h1H,(H,9,10)(H2,6,7,8,11)"
C18n_TF6__2-hydroxyibuprofen,,
C18n_QI65__taurocholate,FZLMIZAHBFKTSH-IECFWMJSSA-N,"InChI=1S/C26H45NO8S/c1-15(4-7-23(31)27-10-11-35-36(32,33)34)18-5-6-19-24-20(14-22(30)26(18,19)3)25(2)9-8-17(28)12-16(25)13-21(24)29/h15-22,24,28-30H,4-14H2,1-3H3,(H,27,31)(H,32,33,34)/t15-,16+,17-,18-,19+,20+,21-,22+,24?,25+,26-/m1/s1"
C18n_QI52__ketodeoxycholate,RHCPKKNRWFXMAT-SQWYQQCBSA-N,"InChI=1S/C24H38O5/c1-13(4-7-21(28)29)16-5-6-17-22-18(12-20(27)24(16,17)3)23(2)9-8-15(25)10-14(23)11-19(22)26/h13-18,20,22,25,27H,4-12H2,1-3H3,(H,28,29)/t13-,14-,15+,16+,17-,18-,20-,22-,23-,24+/m0/s1"
HILn_QI38__caprylate,WWZKQHOCKIZLMA-UHFFFAOYSA-N,"InChI=1S/C8H16O2/c1-2-3-4-5-6-7-8(9)10/h2-7H2,1H3,(H,9,10)"
C8p_QI146__C48:0 TAG,,
HILp_QI13472__C14:0 LPC,,
C8p_QI154__NH4_C50:3 TAG,,
HILp_QI1037__pipecolic acid,HXEACLLIILLPRG-YFKPBYRVSA-N,"InChI=1S/C6H11NO2/c8-6(9)5-3-1-2-4-7-5/h5,7H,1-4H2,(H,8,9)/t5-/m0/s1"
HILp_TF7__pterin,HNXQXTQTPAJEJL-UHFFFAOYSA-N,"InChI=1S/C6H5N5O/c7-6-10-4-3(5(12)11-6)8-1-2-9-4/h1-2H,(H3,7,9,10,11,12)"
C8p_QI120__NH4_C38:4 DAG,,
C18n_TF7__furosemide,ZZUFCTLCJUWOSV-UHFFFAOYSA-N,"InChI=1S/C12H11ClN2O5S/c13-9-5-10(15-6-7-2-1-3-20-7)8(12(16)17)4-11(9)21(14,18)19/h1-5,15H,6H2,(H,16,17)(H2,14,18,19)"
C8p_QI82__C22:6 CE,,
HILp_QI322__dimethylglycine,FFDGPVCHZBVARC-UHFFFAOYSA-N,"InChI=1S/C4H9NO2/c1-5(2)3-4(6)7/h3H2,1-2H3,(H,6,7)"
HILp_QI2638__3-methylxanthine,GMSNIKWWOQHZGF-UHFFFAOYSA-N,"InChI=1S/C6H6N4O2/c1-10-4-3(7-2-8-4)5(11)9-6(10)12/h2H,1H3,(H,7,8)(H,9,11,12)"
HILn_QI91__nicotinate,PVNIIMVLHYAWGP-UHFFFAOYSA-N,"InChI=1S/C6H5NO2/c8-6(9)5-2-1-3-7-4-5/h1-4H,(H,8,9)"
HILp_QI1303__hypoxanthine,FDGQSTZJBFJUBT-UHFFFAOYSA-N,"InChI=1S/C5H4N4O/c10-5-3-4(7-1-6-3)8-2-9-5/h1-2H,(H2,6,7,8,9,10)"
HILp_QI11143__C14:1 carnitine,,
C18n_QI88__urobilin,DEEUSUJLZQQESV-RWPZCVJISA-N,"InChI=1S/C33H46N4O6/c1-7-20-19(6)32(42)37-27(20)14-25-18(5)23(10-12-31(40)41)29(35-25)15-28-22(9-11-30(38)39)17(4)24(34-28)13-26-16(3)21(8-2)33(43)36-26/h15-16,19-21,26-27,35H,7-14H2,1-6H3,(H,36,43)(H,37,42)(H,38,39)(H,40,41)/b28-15+"
HILn_QI22769__valerate/isovalerate,NQPDZGIKBAWPEJ-UHFFFAOYSA-N,"InChI=1S/C5H10O2/c1-2-3-4-5(6)7/h2-4H2,1H3,(H,6,7)"
C8p_QI155__C50:2 TAG,,
C8p_QI33__C38:4 PC,,
C8p_QI75__NH4_C18:0 CE,,
C18n_QI37__eicosadienoate,XSXIVVZCUAHUJO-HZJYTTRNSA-N,"InChI=1S/C20H36O2/c1-2-3-4-5-6-7-8-9-10-11-12-13-14-15-16-17-18-19-20(21)22/h6-7,9-10H,2-5,8,11-19H2,1H3,(H,21,22)/b7-6-,10-9-"
C18n_QI90__acesulfame,,
C8p_QI150__NH4_C50:5 TAG,,
HILp_QI4241__C2 carnitine,RDHQFKQIGNGIED-MRVPVSSYSA-O,"InChI=1S/C9H17NO4/c1-7(11)14-8(5-9(12)13)6-10(2,3)4/h8H,5-6H2,1-4H3/p+1/t8-/m1/s1"
HILn_QI82__lithocholate,SMEROWZSTRWXGI-HVATVPOCSA-N,"InChI=1S/C24H40O3/c1-15(4-9-22(26)27)19-7-8-20-18-6-5-16-14-17(25)10-12-23(16,2)21(18)11-13-24(19,20)3/h15-21,25H,4-14H2,1-3H3,(H,26,27)/t15-,16-,17-,18+,19-,20+,21+,23+,24-/m1/s1"
HILn_QI112__sorbitol,FBPFZTCFMRRESA-JGWLITMVSA-N,"InChI=1S/C6H14O6/c7-1-3(9)5(11)6(12)4(10)2-8/h3-12H,1-2H2/t3-,4+,5-,6-/m1/s1"
HILp_TF13__phytosphingosine,AERBNCYCJBRYDG-KSZLIROESA-N,"InChI=1S/C18H39NO3/c1-2-3-4-5-6-7-8-9-10-11-12-13-14-17(21)18(22)16(19)15-20/h16-18,20-22H,2-15,19H2,1H3/t16-,17+,18-/m0/s1"
C18n_TF8__porphobilinogen,QSHWIQZFGQKFMA-UHFFFAOYSA-N,"InChI=1S/C10H14N2O4/c11-4-8-7(3-10(15)16)6(5-12-8)1-2-9(13)14/h5,12H,1-4,11H2,(H,13,14)(H,15,16)"
C18n_QI59__glycocholate,RFDAIACWWDREDC-FRVQLJSFSA-N,"InChI=1S/C26H43NO6/c1-14(4-7-22(31)27-13-23(32)33)17-5-6-18-24-19(12-21(30)26(17,18)3)25(2)9-8-16(28)10-15(25)11-20(24)29/h14-21,24,28-30H,4-13H2,1-3H3,(H,27,31)(H,32,33)/t14-,15+,16-,17-,18+,19+,20-,21+,24+,25+,26-/m1/s1"
C8p_QI98__C32:1 DAG,,
HILn_QI99__phenylalanine,RKUNBYITZUJHSG-SPUOUPEWSA-N,"InChI=1S/C17H23NO3/c1-18-13-7-8-14(18)10-15(9-13)21-17(20)16(11-19)12-5-3-2-4-6-12/h2-6,13-16,19H,7-11H2,1H3/t13-,14+,15+,16?"
C8p_QI207__C56:2 TAG,,
