Names,inchikey
astaxanthin,MQZIGYBFDRPAKN-UWFIBFSHSA-N
cysteine s-sulfate,NOKPBJYHPHHWAN-REOHCLBHSA-N
histidylalanine,FRJIAZKQGSCKPQ-UHFFFAOYSA-N
pregnenolone sulfate,DIJBBUIOWGGQOP-QGVNFLHTSA-N
vanillate,WKOLLVMJNQIZCI-UHFFFAOYSA-N
kynurenate,HCZHHEIFKROPDY-UHFFFAOYSA-N
3-hydroxycinnamate,KKSDGJDHHZEWEP-SNAWJCMRSA-N
alpha-ketoglutarate,KPGXRSRHYNQIFN-UHFFFAOYSA-N
palmitate (16:0),IPCSVZSSVZVIGE-UHFFFAOYSA-N
2'-deoxyguanosine 5'-monophosphate (dGMP),LTFMZDNNPPEQNG-KVQBGUIXSA-N
diltiazem,HSUGRBWQSSZJOP-RTWAWAEBSA-N
propionylglycine (C3),WOMAZEJKVZLLFE-UHFFFAOYSA-N
1-linoleoyl-GPC (18:2),SPJFYYJXNPEZDW-UTJQPWESSA-N
N-acetylhistidine,KBOJOGQFRVVWBH-ZETCQYMHSA-N
phosphocholine,YHHSONZFOIEMCP-UHFFFAOYSA-O
butyrylcarnitine (C4),QWYFHHGCZUCMBN-UHFFFAOYSA-N
ciliatine (2-aminoethylphosphonate),QQVDJLLNRSOCEL-UHFFFAOYSA-N
methylphosphate,CAAULPUQFIIOTL-UHFFFAOYSA-N
N-acetylglutamate,RFMMMVDNIPUKGG-YFKPBYRVSA-N
chrysin,RTIXKCRFFJGDFG-UHFFFAOYSA-N
hesperidin,QUQPHWDTPGMPEX-QJBIFVCTSA-N
1-methylhistidine,BRMWTNUJHUMWMS-LURJTMIESA-N
3-hydroxymargarate,FWZUXWSQLNHYIC-UHFFFAOYSA-N
thymidine,IQFYYKKMVGJFEH-XLPZGREQSA-N
"N6,N6,N6-trimethyllysine",MXNRLFUSFKVQSK-QMMMGPOBSA-N
3-hydroxysebacate,OQYZCCKCJQWHIE-UHFFFAOYSA-N
N-palmitoyl-sphingosine (d18:1/16:0),YDNKGFDKKRUKPY-TURZORIXSA-N
N6-acetyllysine,DTERQYGMUDWYAZ-ZETCQYMHSA-N
xanthine,LRFVTYWOQMYALW-UHFFFAOYSA-N
retinol (Vitamin A),FPIPGXGPPPQFEQ-OVSJKPMPSA-N
prolylglycine,RNKSNIBMTUYWSH-YFKPBYRVSA-N
"sphingomyelin (d18:1/14:0, d16:1/16:0)*",KYICBZWZQPCUMO-PSALXKTOSA-N
nicotinamide riboside,JLEBZPBDRKPWTD-TURQNECASA-O
25-hydroxycholesterol sulfate,PIUZYOCNZPYXOA-UHFFFAOYSA-N
leucylglutamine*,JYOAXOMPIXKMKK-UHFFFAOYSA-N
oleoylcarnitine (C18:1),IPOLTUVFXFHAHI-SEYXRHQNSA-N
2-stearoyl-GPE (18:0)*,KIHAGWUUUHJRMS-JOCHJYFZSA-N
myristoleoylcarnitine (C14:1)*,ABVVZYXTZLEOHP-OLHLWXQYSA-N
TMP,GYOZYWVXFNDGLU-XLPZGREQSA-N
3-indoleglyoxylic acid,DWLVFWDCSFTDOD-UHFFFAOYSA-N
rosuvastatin,BPRHUIZQVSMCRT-VEUZHWNKSA-N
gamma-CEHC,VMJQLPNCUPGMNQ-UHFFFAOYSA-N
lithocholate,SMEROWZSTRWXGI-HVATVPOCSA-N
calystegine A3,XOCBOVUINUHZJA-UHFFFAOYSA-N
pyruvate,LCTONWCANYUPML-UHFFFAOYSA-N
hexadecasphinganine (d16:0)*,ZKLREJQHRKUJHD-JKSUJKDBSA-N
carboxyibuprofen,DIVLBIVDYADZPL-UHFFFAOYSA-N
phenylacetyltaurine,QUWZFULUMBECLL-UHFFFAOYSA-N
3-indoxyl sulfate,BXFFHSIDQOFMLE-UHFFFAOYSA-N
1-methyladenine,HPZMWTNATZPBIH-UHFFFAOYSA-N
pterin,HNXQXTQTPAJEJL-UHFFFAOYSA-N
kaempferol,IYRMWMYZSQPJKC-UHFFFAOYSA-N
(3'-5')-cytidylylguanosine,CTMZLDSMFCVUNX-VMIOUTBZSA-N
gulonate*,RGHNJXZEOKUKBD-KKQCNMDGSA-N
maleate,VZCYOOQTPOCHFL-UPHRSURJSA-N
2-hydroxyphenylacetate,CCVYRRGZDBSHFU-UHFFFAOYSA-N
2-acetolactate,NMDWGEGFJUBKLB-UHFFFAOYSA-N
1-linoleoylglycerol (18:2),WECGLUPZRHILCT-HZJYTTRNSA-N
indole,SIKJAQJRHWYJAI-UHFFFAOYSA-N
2'-deoxyadenosine 5'-monophosphate,KHWCHTKSEGGWEX-RRKCRQDMSA-N
ranitidine,VMXUWOKSQNHOCA-UKTHLTGXSA-N
1-methylhypoxanthine,KIQMCGMHGVXDFW-UHFFFAOYSA-N
21-hydroxypregnanolone monosulfate (1),YNTXPDSHGMGJJG-WPWXJNKXSA-N
carnitine,PHIQHXFUZVPYII-ZCFIWIBFSA-N
apigenin,KZNIFHPLKGYRTM-UHFFFAOYSA-N
1-methyl-4-imidazoleacetate,ZHCKPJGJQOPTLB-UHFFFAOYSA-N
"1,2-dipalmitoyl-GPC (16:0/16:0)",KILNVBDSWZSGLL-KXQOOQHDSA-N
linolenate (18:3n3 or 3n6),DTOSIQBPPRVQHS-PDBXOOCHSA-N
asparagine,DCXYFEDJOCDNAF-REOHCLBHSA-N
"2,4,6-trihydroxybenzoate",IBHWREHFNDMRPR-UHFFFAOYSA-N
hydroxymethylpyrimidine,VUTBELPREDJDDH-UHFFFAOYSA-N
loratadine,JCCNYMKQOSZNPW-UHFFFAOYSA-N
N(1)-acetylspermine,GUNURVWAJRRUAV-UHFFFAOYSA-N
N-acetylglutamine,KSMRODHGGIIXDV-YFKPBYRVSA-N
erythrose,YTBSYETUWUMLBZ-IUYQGCFVSA-N
gamma-glutamyl-epsilon-lysine,JPKNLFVGUZRHOB-YUMQZZPRSA-N
undecanoate (11:0),ZDPHROOEEOARMN-UHFFFAOYSA-N
asmol,NDAUXUAQIAJITI-UHFFFAOYSA-N
3-hydroxy-3-methylglutarate,NPOAOTPXWNWTSH-UHFFFAOYSA-N
lanosterol,CAHGCLMLTWQZNJ-BQNIITSRSA-N
cholate,BHQCQFFYRZLCQQ-OELDTZBJSA-N
nifedipine,HYIMSNHJOBLJNT-UHFFFAOYSA-N
noroxymorphone,HLMSIZPQBSYUNL-IPOQPSJVSA-N
3-(N-acetyl-L-cystein-S-yl) acetaminophen,DVPRQNKJGQEICH-JTQLQIEISA-N
1-(1-enyl-palmitoyl)-GPC (P-16:0)*,HTZINLFNXLXRBC-CQLBIITFSA-N
picolinate,SIOXPEMLGUPBBT-UHFFFAOYSA-N
glycerate,RBNPOMFGQQGHHO-UHFFFAOYSA-N
cadaverine,VHRGRCVQAFMJIZ-UHFFFAOYSA-N
linoleate (18:2n6),OYHQOLUKZRVURQ-HZJYTTRNSA-N
indoleacetylglutamine,DVJIJAYHBZALOJ-UHFFFAOYSA-N
gamma-glutamylthreonine,GWNXFCYUJXASDX-UHFFFAOYSA-N
syringic acid,JMSVCTWVEWCHDZ-UHFFFAOYSA-N
3-hydroxybutyrate (BHBA),WHBMMWSBFZVSSR-UHFFFAOYSA-N
gamma-aminobutyrate (GABA),BTCSSZJGUNDROE-UHFFFAOYSA-N
(15:3)-anacardic acid,QUVGEKPNSCFQIR-AOSYACOCSA-N
5-acetylamino-6-amino-3-methyluracil,POQOTWQIYYNXAT-UHFFFAOYSA-N
N-acetylpyrraline,CMFWLOPIOWBYCM-UHFFFAOYSA-N
dipicolinate,WJJMNDUMQPNECX-UHFFFAOYSA-N
S-methylcysteine,IDIDJDIHTAOVLG-VKHMYHEASA-N
N-methyltaurine,SUZRRICLUFMAQD-UHFFFAOYSA-N
tyrosol,YCCILVSKPBXVIP-UHFFFAOYSA-N
octadecanedioate (C18),BNJOQKFENDDGSC-UHFFFAOYSA-N
"2,4-dihydroxybutyrate",UFYGCFHQAXXBCF-UHFFFAOYSA-N
uridine,DRTQHJPVMGBUCF-XVFCMESISA-N
ursodeoxycholate,RUDATBOHQWOJDD-UZVSRGJWSA-N
N-alpha-acetylornithine,JRLGPAXAGHMNOL-LURJTMIESA-N
dimethyl sulfone,HHVIBTZHLRERCL-UHFFFAOYSA-N
leucylglycine,LESXFEZIFXFIQR-UHFFFAOYSA-N
ferulate,KSEBMYQBYZTDHS-HWKANZROSA-N
acesulfame,YGCFIWIQZPHFLU-UHFFFAOYSA-N
N-delta-acetylornithine,SRXKAYJJGAAOBP-UHFFFAOYSA-N
oxalate (ethanedioate),MUBZPKHOEPUJKR-UHFFFAOYSA-N
creatinine,DDRJAANPRJIHGJ-UHFFFAOYSA-N
fucosterol,OSELKOCHBMDKEJ-JUGJNGJRSA-N
dihomolinoleate (20:2n6),XSXIVVZCUAHUJO-HZJYTTRNSA-N
1-oleoyl-GPE (18:1),PYVRVRFVLRNJLY-MZMPXXGTSA-N
tamsulosin,DRHKJLXJIQTDTD-OAHLLOKOSA-N
(3'-5')-adenylylcytidine,NHEPQPHJXSVOGF-KPKSGTNCSA-N
6'-sialyllactose,VMWYCXKMRSTDSP-GIGDJUIZSA-N
curcumin,VFLDPWHFBUODDF-FCXRPNKRSA-N
alpha-hydroxymetoprolol,OFRYBPCSEMMZHR-UHFFFAOYSA-N
mevalonate,KJTLQQUUPVSXIM-ZCFIWIBFSA-N
arachidoyl ethanolamide (20:0)*,AUJVQJHODMISJP-UHFFFAOYSA-N
arachidate (20:0),VKOBVWXKNCXXDE-UHFFFAOYSA-N
N-carboxymethylalanine,XYUPSBLFPTWJLC-UHFFFAOYSA-N
atorvastatin (lipitor),XUKUURHRXDUEBC-KAYWLYCHSA-N
mead acid (20:3n9),UNSRRHDPHVZAHH-YOILPLPUSA-N
apiin,NTDLXWMIWOECHG-MFMSCHSJSA-N
3-hydroxy-2-methylpyridine,AQSRRZGQRFFFGS-UHFFFAOYSA-N
6-hydroxynicotinate,BLHCMGRVFXRYRN-UHFFFAOYSA-N
sucrose,CZMRCDWAGMRECN-UGDNZRGBSA-N
ergothioneine,SSISHJJTAXXQAX-UHFFFAOYSA-N
2-hydroxyarachidate*,CPLYLXYEVLGWFJ-UHFFFAOYSA-N
lovastatin hydroxy acid,QLJODMDSTUBWDW-BXMDZJJMSA-N
5-methylhexanoate (i7:0),MHPUGCYGQWGLJL-UHFFFAOYSA-N
anserine,MYYIAHXIVFADCU-QMMMGPOBSA-N
N-acetylmuramate,MNLRQHMNZILYPY-MKFCKLDKSA-N
guanidinoacetate,BPMFZUMJYQTVII-UHFFFAOYSA-N
ferulic acid 4-sulfate,PZPATWACAAOHTJ-HWKANZROSA-N
hydroxybupropion,AKOAEVOSDHIVFX-UHFFFAOYSA-N
isovalerylglycine,ZRQXMKMBBMNNQC-UHFFFAOYSA-N
1-stearoyl-2-oleoyl-GPS (18:0/18:1),AJFWREUFUPEYII-PAHWMLEVSA-N
2-hydroxystearate,KIHBGTRZFAVZRV-UHFFFAOYSA-N
aspartate,CKLJMWTZIZZHCS-REOHCLBHSA-N
histidine,HNDVDQJCIGZPNO-YFKPBYRVSA-N
N-acetyl-aspartyl-glutamate (NAAG),OPVPGKGADVGKTG-UHFFFAOYSA-N
2-acetamidobutanoate,WZVZUKROCHDMDT-UHFFFAOYSA-N
2'-deoxyinosine,VGONTNSXDCQUGY-RRKCRQDMSA-N
2-hydroxydecanoate,GHPVDCPCKSNJDR-UHFFFAOYSA-N
1-stearoyl-GPA (18:0),LAYXSTYJRSVXIH-UHFFFAOYSA-N
3-(4-hydroxyphenyl)lactate (HPLA),JVGVDSSUAVXRDY-UHFFFAOYSA-N
ibuprofen acyl glucuronide,ABOLXXZAJIAUGR-JPMMFUSZSA-N
N-methylhydroxyproline,FMIPNAUMSPFTHK-WHFBIAKZSA-N
7-methylurate,YHNNPKUFPWLTOP-UHFFFAOYSA-N
rosmarinate,DOUMFZQKYFQNTF-WUTVXBCWSA-N
dextromethorphan,MKXZASYAUGDDCJ-CGTJXYLNSA-N
margarate (17:0),KEMQGTRYUADPNZ-UHFFFAOYSA-N
1-oleoylglycerophosphate (18:1),WRGQSWVCFNIUNZ-KTKRTIGZSA-N
tryptophan,QIVBCDIJIAJPQS-VIFPVBQESA-N
phenylalanylalanine,MIDZLCFIAINOQN-WPRPVWTQSA-N
xanthurenate,FBZONXHGGPHHIY-UHFFFAOYSA-N
4-hydroxyphenylpyruvate,KKADPXVIOXHVKN-UHFFFAOYSA-N
N-acetylputrescine,KLZGKIDSEJWEDW-UHFFFAOYSA-N
21-hydroxypregnenolone disulfate,CBOVWLYQUCVTFA-WPWXJNKXSA-N
estrone 3-sulfate,JKKFKPJIXZFSSB-CBZIJGRNSA-N
THC carboxylic acid,YOVRGSHRZRJTLZ-UHFFFAOYSA-N
serine,MTCFGRXMJLQNBG-REOHCLBHSA-N
propionylcarnitine (C3),UFAHZIUFPNSHSL-UHFFFAOYSA-N
1-ribosyl-imidazoleacetate*,AHPWEWASPTZMEK-UHFFFAOYSA-N
"5,6-dihydrouracil",OIVLITBTBDPEFK-UHFFFAOYSA-N
10-nonadecenoate (19:1n9),BBOWBNGUEWHNQZ-KTKRTIGZSA-N
syringaldehyde,KCDXJAYRVLXPFO-UHFFFAOYSA-N
gabapentin,UGJMXCAKCUNAIE-UHFFFAOYSA-N
p-cresol sulfate,WGNAKZGUSRVWRH-UHFFFAOYSA-N
lysylleucine,ATIPDCIQTUXABX-UHFFFAOYSA-N
methylmalonate (MMA),ZIYVHBGGAOATLY-UHFFFAOYSA-N
dCMP,NCMVOABPESMRCP-SHYZEUOFSA-N
5-methylthioadenosine (MTA),WUUGFSXJNOTRMR-IOSLPCCCSA-N
2'-deoxyuridine,MXHRCPNRJAMMIM-SHYZEUOFSA-N
lamivudine,JTEGQNOMFQHVDC-NKWVEPMBSA-N
N-oleoyltaurine,KOGRJTUIKPMZEJ-KTKRTIGZSA-N
2-aminophenol,CDAWCLOXVUBKRW-UHFFFAOYSA-N
pantothenate (Vitamin B5),GHOKWGTUZJEAQD-ZETCQYMHSA-N
methionine sulfone,UCUNFLYVYCGDHP-UHFFFAOYSA-N
allo-threonine,AYFVYJQAPQTCCC-HRFVKAFMSA-N
beta-alanine,UCMIRNVEIXFBKS-UHFFFAOYSA-N
10-undecenoate (11:1n1),FRPZMMHWLSIFAZ-UHFFFAOYSA-M
stachydrine,CMUNUTVVOOHQPW-LURJTMIESA-N
2-aminophenol sulfate,VSTZVCJQGSLNLL-UHFFFAOYSA-N
3-(cystein-S-yl)acetaminophen*,LLHICPSCVFRWDT-UHFFFAOYSA-N
pregnanediol-3-glucuronide,ZFFFJLDTCLJDHL-JQYCEVDMSA-N
"sphingomyelin (d18:2/24:1, d18:1/24:2)*",TXFLWJQVQCDUDZ-BRUGZULGSA-N
guanine,UYTPUPDQBNUYGX-UHFFFAOYSA-N
phenol glucuronide,WVHAUDNUGBNUDZ-GOVZDWNOSA-N
"N1,N12-diacetylspermine",NPDTUDWGJMBVEP-UHFFFAOYSA-N
4-acetamidobutanoate,UZTFMUBKZQVKLK-UHFFFAOYSA-N
palmitoleate (16:1n7),SECPZKHBENQXJG-FPLPWBNLSA-N
equol,ADFCQWZHKCXPAJ-GFCCVEGCSA-N
cyclobenzaprine,JURKNVYFZMSNLP-UHFFFAOYSA-N
N-succinyl-leucine,NEOQZHHRAAELEV-UHFFFAOYSA-N
5-acetylamino-6-formylamino-3-methyluracil,RDZNZFGKEVDNPK-UHFFFAOYSA-N
(12 or 13)-methylmyristate (a15:0 or i15:0),ZOCYQVNGROEVLU-UHFFFAOYSA-N
2-hydroxyibuprofen,UJHKVYPPCJBOSG-UHFFFAOYSA-N
soyasaponin I,PTDAHAWQAGSZDD-IOVCITQVSA-N
hyocholate,DKPMWHFRUGMUKF-KWXDGCAGSA-N
hypotaurine,VVIUBCNYACGLLV-UHFFFAOYSA-N
N-desmethyl tramadol,VUMQHLSPUAFKKK-DZGCQCFKSA-N
gamma-glutamylleucine,MYFMARDICOWMQP-YUMQZZPRSA-N
N-acetyl-cadaverine,RMOIHHAKNOFHOE-UHFFFAOYSA-N
3-(3-hydroxyphenyl)propionate,QVWAEZJXDYOKEH-UHFFFAOYSA-N
"9,10-DiHOME",XEBKSQSGNGRGDW-YFHOEESVSA-N
diosmin,GZSOSUNBTXMUFQ-IQFYTUTQSA-N
"5alpha-androstan-3beta,17beta-diol disulfate",CBMYJHIOYJEBSB-YSZCXEEOSA-N
2-methoxyacetaminophen sulfate*,NZKKXAGORRATJB-UHFFFAOYSA-N
methionine,FFEARJCKVFRZRR-BYPYZUCNSA-N
4-hydroxyglutamate,HBDWQSHEVMSFGY-SCQFTWEKSA-N
prolylhydroxyproline,ONPXCLZMBSJLSP-ALKRTJFJSA-N
3-aminoisobutyrate,QCHPKSFMDHPSNR-UHFFFAOYSA-N
2'-O-methyluridine,SXUXMRMBWZCMEN-ZOQUXTDFSA-N
3-hydroxyhexanoate,HPMGFDVTYHWBAG-UHFFFAOYSA-N
cortolone glucuronide (1),OKNSFVSKHQJVRN-XAYCFROHSA-N
tyramine,DZGWFCGJZKJUFP-UHFFFAOYSA-N
choline,OEYIOHPDSNJKLS-UHFFFAOYSA-N
phenylpyruvate,BTNMPGBKDVTSJY-UHFFFAOYSA-N
pyrraline,VTYFITADLSVOAS-NSHDSACASA-N
alpha-tocopherol,GVJHHUAWPYXKBD-IEOSBIPESA-N
butyrylglycine (C4),WPSSBBPLVMTKRN-UHFFFAOYSA-N
caffeate,QAIPRVGONGVQAS-DUXPYHPUSA-N
gamma-glutamyltyrosine,VVLXCWVSSLFQDS-QWRGUYRKSA-N
7-methylxanthine,PFWLFWPASULGAN-UHFFFAOYSA-N
N-methylhydantoin,RHYBFKMFHLPQPH-UHFFFAOYSA-N
ethylmalonate,UKFXDFUAPNAMPJ-UHFFFAOYSA-N
adipoylcarnitine (C6-DC),BSVHAXJKBCWVDA-UHFFFAOYSA-N
quinolinate,GJAWHXHKYYXBSV-UHFFFAOYSA-N
fexofenadine,RWTNPBWLLIMQHL-UHFFFAOYSA-N
"1,3-dimethylurate",OTSBKHHWSQYEHK-UHFFFAOYSA-N
raltegravir,CZFFBEXEKNGXKS-UHFFFAOYSA-N
eriodictyol,SBHXYTNGIZCORC-UHFFFAOYSA-N
3-methyladipate,SYEOWUNSTUDKGM-UHFFFAOYSA-N
pseudouridine,PTJWIQPHWPFNBW-GBNDHIKLSA-N
p-hydroxyatorvastatin,SOZOATLLFFVAPM-KAYWLYCHSA-N
acetylagmatine,JMACEDIUUMWDIC-UHFFFAOYSA-N
2-O-methylascorbic acid,RMHBODZVODTFAH-UHFFFAOYSA-N
furosemide,ZZUFCTLCJUWOSV-UHFFFAOYSA-N
N-formylanthranilic acid,LLLPDUXGHXIXIW-UHFFFAOYSA-N
12-ketolithocholate,CVNYHSDFZXHMMJ-VPUMZWJWSA-N
3-carboxy-4-methyl-5-propyl-2-furanpropanoate (CMPF),WMCQWXZMVIETAO-UHFFFAOYSA-N
steviol,QFVOYBUQQBFCRH-VQSWZGCSSA-N
taurochenodeoxycholate,BHTRKEVKTKCXOH-BJLOMENOSA-N
1-palmitoylglycerol (16:0),QHZLMUACJMDIAE-UHFFFAOYSA-N
famotidine,XUFQPHANEAPEMJ-UHFFFAOYSA-N
5-hydroxymethylfurfural,NOEGNKMFWQHSLB-UHFFFAOYSA-N
2'-deoxyadenosine,OLXZPDWKRNYJJZ-RRKCRQDMSA-N
"N,N,N-trimethyl-5-aminovalerate",CDLVFVFTRQPQFU-UHFFFAOYSA-N
"5,6-dihydrouridine",ZPTBLXKRQACLCR-XVFCMESISA-N
gamma-glutamylcysteine,RITKHVBHSGLULN-UHFFFAOYSA-N
erythronate*,JPIJQSOTBSSVTP-PWNYCUMCSA-N
N-acetylhistamine,XJWPISBUKWZALE-UHFFFAOYSA-N
methionine sulfoxide,QEFRNWWLZKMPFJ-YGVKFDHGSA-N
taurohyocholate*,XSOLDPYUICCHJX-QZEPYOAJSA-N
cetirizine,ZKLPARSLTMPFCP-UHFFFAOYSA-N
venlafaxine,PNVNVHUZROJLTJ-UHFFFAOYSA-N
adenine,GFFGJBXGBJISGV-UHFFFAOYSA-N
3-formylindole,OLNJUISKUQQNIM-UHFFFAOYSA-N
montelukast,UCHDWCPVSPXUMX-TZIWLTJVSA-N
glutamine,ZDXPYRJPNDTMRX-VKHMYHEASA-N
chlorogenate,CWVRJTMFETXNAD-DUXPYHPUSA-N
p-hydroxybenzaldehyde,RGHHSNMVTDWUBI-UHFFFAOYSA-N
indolelactate,XGILAAMKEQUXLS-UHFFFAOYSA-N
catechol sulfate,MZPWKJZDOCIALD-UHFFFAOYSA-N
N-acetyl-beta-glucosaminylamine,MCGXOCXFFNKASF-FMDGEEDCSA-N
ritalinic acid,INGSNVSERUZOAK-UHFFFAOYSA-N
lansoprazole,MJIHNNLFOKEZEW-UHFFFAOYSA-N
ascorbic acid 3-sulfate*,FBFZPSQPKNIVMT-ZAFYKAAXSA-N
N-acetyl-isoputreanine,YGIAGXACEXFIDU-UHFFFAOYSA-N
N-oleoylglycine,HPFXACZRFJDURI-KTKRTIGZSA-N
N-carbamoylglutamate,LCQLHJZYVOQKHU-VKHMYHEASA-N
SQDG (18:3/16:0),ZAHARQGLYKGAHR-BDZZRMAQSA-N
8-methoxykynurenate,BXZSKDOPGDPDEG-UHFFFAOYSA-N
vanillic acid glycine,LOODYTDRRBLQNH-UHFFFAOYSA-N
N-oleoyl-sphingosine (d18:1/18:1)*,OBFSLMQLPNKVRW-RHPAUOISSA-N
O-desmethyltramadol,UWJUQVWARXYRCG-UHFFFAOYSA-N
(3'-5')-guanylylcytidine,DQTQQHQGSZWEMR-VMIOUTBZSA-N
vanillactate,SVYIZYRTOYHQRE-UHFFFAOYSA-N
genistein,TZBJGXHYKVUXJN-UHFFFAOYSA-N
N-carbamoylputrescine,YANFYYGANIYHGI-UHFFFAOYSA-N
paraxanthine,QUNWUDVFRNGTCO-UHFFFAOYSA-N
gamma-tocotrienol,OTXNTMVVOOBZCV-WAZJVIJMSA-N
dihydroferulate,BOLQJTPHPSDZHR-UHFFFAOYSA-N
1-myristoylglycerol (14:0),DCBSHORRWZKAKO-UHFFFAOYSA-N
galactosylglycerol,NHJUPBDCSOGIKX-NTXXKDEISA-N
caffeine,RYYVLZVUVIJVGH-UHFFFAOYSA-N
2-isopropylmalate,BITYXLXUCSKTJS-UHFFFAOYSA-N
N6-methyllysine,PQNASZJZHFPQLE-LURJTMIESA-N
stigmasterol,HCXVJBMSMIARIN-PHZDYDNGSA-N
docosapentaenoate (n6 DPA; 22:5n6),AVKOENOBFIYBSA-WMPRHZDHSA-N
"2S,3R-dihydroxybutyrate",LOUGYXZSURQALL-GBXIJSLDSA-N
bilirubin,BPYKTIZUTYGOLE-IFADSCNNSA-N
sphinganine,OTKJDMGTUTTYMP-UHFFFAOYSA-N
3-hydroxysuberate,ARJZZFJXSNJKGR-UHFFFAOYSA-N
arachidonate (20:4n6),YZXBAPSDXZZRGB-DOFZRALJSA-N
glycocholate,RFDAIACWWDREDC-FRVQLJSFSA-N
3-hydroxybenzoate,IJFXRHURBJZNAO-UHFFFAOYSA-N
2-aminoadipate,OYIFNHCXNCRBQI-UHFFFAOYSA-N
N-succinyl-phenylalanine,CWAGPBPLOYGROC-UHFFFAOYSA-N
hexanoyltaurine,ADFXUGRCALOSKU-UHFFFAOYSA-N
N-acetylserine,JJIHLJJYMXLCOY-BYPYZUCNSA-N
nomilin,KPDOJFFZKAUIOE-WNGDLQANSA-N
chenodeoxycholate,RUDATBOHQWOJDD-BSWAIDMHSA-N
allantoin,POJWUDADGALRAB-UHFFFAOYSA-N
glutamate,WHUUTDBJXJRKMK-UHFFFAOYSA-N
N-formylmethionine,PYUSHNKNPOHWEZ-YFKPBYRVSA-N
diosmetin,MBNGWHIJMBWFHU-UHFFFAOYSA-N
deoxycholate,KXGVEGMKQFWNSR-LLQZFEROSA-N
"2,3-dimethylsuccinate",KLZYRCVPDWTZLH-UHFFFAOYSA-N
linolenoyl ethanolamide,HBJXRRXWHSHZPU-PDBXOOCHSA-N
ergosterol,DNVPQKQSNYMLRS-APGDWVJJSA-N
arabinose,PYMYPHUHKUWMLA-WDCZJNDASA-N
synephrine,YRCWQPVGYLYSOX-UHFFFAOYSA-N
4-acetamidophenylglucuronide,IPROLSVTVHAQLE-BYNIDDHOSA-N
coprostanol,QYIXCDOBOSTCEI-NWKZBHTNSA-N
"N,N-dimethylalanine",QCYOIFVBYZNUNW-BYPYZUCNSA-N
malonylcarnitine,ZGNBLKBZJBJFDG-ZETCQYMHSA-N
salicyluric glucuronide*,OEPADIDIUZTYOX-QKZHPOIUSA-N
maltose,GUBGYTABKSRVRQ-DKBJLJRDSA-N
stearoyl ethanolamide,OTGQIQQTPXJQRG-UHFFFAOYSA-N
acetylcarnitine (C2),RDHQFKQIGNGIED-UHFFFAOYSA-N
isocaproylglycine,BQIHXZIDVMRVRP-UHFFFAOYSA-N
3-methylglutaconate,WKRBKYFIJPGYQC-DUXPYHPUSA-N
tetrahydrocortisone,SYGWGHVTLUBCEM-ZIZPXRJBSA-N
cortisol,JYGXADMDTFJGBT-VWUMJDOOSA-N
succinate,KDYFGRWQOYBRFD-UHFFFAOYSA-N
adipate,WNLRTRBMVRJNCN-UHFFFAOYSA-N
S-methylcysteine sulfoxide,ZZLHPCSGGOGHFW-UHFFFAOYSA-N
mevalonolactone,JYVXNLLUYHCIIH-UHFFFAOYSA-N
hexanoylcarnitine (C6),VVPRQWTYSNDTEA-UHFFFAOYSA-N
(3'-5')-uridylylguanosine,BJDSHVBWORJTID-VMIOUTBZSA-N
vanillin,MWOOGOJBHIARFG-UHFFFAOYSA-N
linoleoylcarnitine (C18:2)*,MJLXQSQYKZWZCB-DQFWFXSYSA-N
androsterone glucuronide,VFUIRAVTUVCQTF-BSOWLZGZSA-N
pyridoxal,RADKZDMFGJYCBB-UHFFFAOYSA-N
trigonelline (N'-methylnicotinate),WWNNZCOKKKDOPX-UHFFFAOYSA-N
"2,3-dihydroxy-2-methylbutyrate",AOWPAWLEXIYETE-UHFFFAOYSA-N
p-cresol,IWDCLRJOBJJRNH-UHFFFAOYSA-N
catechol,YCIMNLLNPGFGHC-UHFFFAOYSA-N
trizma acetate,LENZDBCJOHFCAS-UHFFFAOYSA-N
nicotinic acid mononucleotide (NaMN),JOUIQRNQJGXQDC-ZYUZMQFOSA-N
dimethylglycine,FFDGPVCHZBVARC-UHFFFAOYSA-N
N-acetyltyrosine,CAHKINHBCWCHCF-JTQLQIEISA-N
4-ethylphenyl sulfate,DWZGLEPNCRFCEP-UHFFFAOYSA-N
3-hydroxyisonicotinic acid,JEHGATQUCUYHJL-UHFFFAOYSA-N
docosadienoate (22:2n6),HVGRZDASOHMCSK-AVQMFFATSA-N
sedoheptulose,HSNZZMHEPUFJNZ-SHUUEZRQSA-N
lactate,JVTAAEKCZFNVCJ-UHFFFAOYSA-N
3-methylxanthine,GMSNIKWWOQHZGF-UHFFFAOYSA-N
putrescine,KIDHWZJUCRJVML-UHFFFAOYSA-N
N-acetylmethionine sulfoxide,NPIMMZJBURSMON-UHFFFAOYSA-N
argininate*,BMFMQGXDDJALKQ-BYPYZUCNSA-N
3-hydroxypalmitate,CBWALJHXHCJYTE-UHFFFAOYSA-N
3-amino-2-piperidone,YCCMTCQQDULIFE-UHFFFAOYSA-N
"glutamate, gamma-methyl ester",ZGEYCCHDTIDZAE-BYPYZUCNSA-N
gamma-glutamylhistidine,PXVCMZCJAUJLJP-YUMQZZPRSA-N
2-hydroxysebacate,LPIOYESQKJFWPQ-UHFFFAOYSA-N
N-methyl-GABA,AOKCDAVWJLOAHG-UHFFFAOYSA-N
3-hydroxyphenylacetate,FVMDYYGIDFPZAX-UHFFFAOYSA-N
betaine,KWIUHFFTVRNATP-UHFFFAOYSA-N
gamma-glutamylphenylalanine,XHHOHZPNYFQJKL-QWRGUYRKSA-N
3-hydroxyisobutyrate,DBXBTMSZEOQQDU-UHFFFAOYSA-N
2-oxo-1-pyrrolidinepropionate,XOMYTIUVNSWEAI-UHFFFAOYSA-N
3-hydroxyhippurate,XDOFWFNMYJRHEW-UHFFFAOYSA-N
2-hydroxyoctanoate,JKRDADVRIYVCCY-UHFFFAOYSA-N
lactobacillic acid,IJKRDVKGCQRKBI-UHFFFAOYSA-N
N6-succinyladenosine,VKGZCEJTCKHMRL-MDBUBQOGSA-N
3-sulfo-L-alanine,XVOYSCVBGLVSOL-REOHCLBHSA-N
valylleucine,XCTHZFGSVQBHBW-UHFFFAOYSA-N
diacetylspermidine*,SKQLBVJMDVTJMX-UHFFFAOYSA-N
dehydroepiandrosterone sulfate (DHEA-S),CZWCKYRVOZZJNM-USOAJAOKSA-N
diaminopimelate,GMKMEZVLHJARHF-WHFBIAKZSA-N
beta-sitosterol,KZJWDPNRJALLNS-VJSFXXLFSA-N
hexadecanedioate (C16),QQHJDPROMQRDLA-UHFFFAOYSA-N
tartronate (hydroxymalonate),ROBFUDYVXSDBQM-UHFFFAOYSA-N
"androstenediol (3beta,17beta) monosulfate (1)",HXJFCUUBVWOORF-LOVVWNRFSA-N
3-carboxy-4-methyl-5-pentyl-2-furanpropionate (3-CMPFP),RIJDKRLRDVBUHJ-UHFFFAOYSA-N
O-sulfo-L-tyrosine,CIQHWLTYGMYQQR-QMMMGPOBSA-N
phenylacetylglycine,UTYVDVLMYQPLQB-UHFFFAOYSA-N
1-palmitoyl-GPA (16:0),YNDYKPRNFWPPFU-GOSISDBHSA-N
sarcosine,FSYKKLYZXJSNPZ-UHFFFAOYSA-N
limonin,KBDSLGBFQAGHBE-MSGMIQHVSA-N
2-linoleoylglycerol (18:2),IEPGNWMPIFDNSD-HZJYTTRNSA-N
gentisate,WXTMDXOMEHJXQO-UHFFFAOYSA-N
cystine,LEVWYRKDKASIDU-IMJSIDKUSA-N
"1,2-dilinolenoyl-galactosylglycerol (18:3/18:3)*",QUZHZFAQJATMCA-VLTMIGNISA-N
3beta-hydroxy-5-cholestenoate,WVXOMPRLWLXFAP-AMQKJUDNSA-N
D-urobilin,DOKCNDVEPDZOJQ-MBTHVWNTSA-N
pantetheine,ZNXZGRMVNNHPCA-VIFPVBQESA-N
indoleacrylate,SXOUIMVOMIGLHO-AATRIKPKSA-N
1-arachidonylglycerol (20:4),DCPCOKIYJYGMDN-DOFZRALJSA-N
biotin,YBJHBAHKTGYVGT-ZKWXMUAHSA-N
"guanosine-2',3'-cyclic monophosphate",UASRYODFRYWBRC-UUOKFMHZSA-N
benzoate,WPYMKLBDIGXBTP-UHFFFAOYSA-N
gamma-glutamylglutamate,OWQDWQKWSLFFFR-WDSKDSINSA-N
spermine,PFNFFQXMRSDOHW-UHFFFAOYSA-N
tyrosylglycine,HPYDSVWYXXKHRD-UHFFFAOYSA-N
darunavir,CJBJHOAVZSMMDJ-HEXNFIEUSA-N
3-methyl-2-oxobutyrate,QHKABHOOEWYVLI-UHFFFAOYSA-N
N-acetylalanine,KTHDTJVBEPMMGL-VKHMYHEASA-N
3-hydroxyquinine,BSRUJCFCZKMFMB-ZNYHDOEXSA-N
levetiracetam,HPHUVLMMVZITSG-LURJTMIESA-N
8-hydroxyguanine,CLGFIVUFZRGQRP-UHFFFAOYSA-N
estriol,PROQIPRRNZUXQM-ZXXIGWHRSA-N
cysteinylglycine,ZUKPVRWZDMRIEO-VKHMYHEASA-N
N-methylleucine,XJODGRWDFZVTKW-LURJTMIESA-N
homostachydrine*,XULZWQRXYTVUTE-ZETCQYMHSA-N
malate,BJEPYKJPYRNKOW-UHFFFAOYSA-N
tigloylglycine,WRUSVQOKJIDBLP-HWKANZROSA-N
fluconazole,RFHAOTPXVQNOHP-UHFFFAOYSA-N
homocitrulline,XIGSAGMEBXLVJJ-YFKPBYRVSA-N
1-palmitoyl-GPE (16:0),YVYMBNSKXOXSKW-HXUWFJFHSA-N
5-dodecenoate (12:1n7),IJBFSOLHRKELLR-FPLPWBNLSA-N
glycoursodeoxycholate,GHCZAUBVMUEKKP-XROMFQGDSA-N
glucose,WQZGKKKJIJFFOK-GASJEMHNSA-N
stearoylcarnitine (C18),FNPHNLNTJNMAEE-UHFFFAOYSA-N
"N2,N2-dimethylguanosine",RSPURTUNRHNVGF-IOSLPCCCSA-N
alanyl-glutamyl-meso-diaminopimelate,FMNCPUGORYYCEM-UHFFFAOYSA-N
1-linoleoyl-GPE (18:2)*,DBHKHNGBVGWQJE-USWSLJGRSA-N
4-acetamidobenzoate,QCXJEYYXVJIFCE-UHFFFAOYSA-N
histidine betaine (hercynine)*,GPPYTCRVKHULJH-UHFFFAOYSA-N
methyl indole-3-acetate,KTHADMDGDNYQRX-UHFFFAOYSA-N
20-hydroxyecdysone,NKDFYOWSKOHCCO-YPVLXUMRSA-N
N-acetylphenylalanine,CBQJSKKFNMDLON-JTQLQIEISA-N
valylglycine,IOUPEELXVYPCPG-UHFFFAOYSA-N
ribonate,QXKAIJAYHKCRRA-BXXZVTAOSA-N
3-(4-hydroxyphenyl)propionate,NMHMNPHRMNGLLB-UHFFFAOYSA-N
1-oleoyl-GPC (18:1),YAMUFBLWGFFICM-PTGWMXDISA-N
o-Tyrosine,WRFPVMFCRNYQNR-UHFFFAOYSA-N
tyramine O-sulfate,DYDUXGMDSXJQFT-UHFFFAOYSA-N
palmitoleoyl ethanolamide*,WFRLANWAASSSFV-FPLPWBNLSA-N
carboxyethyl-GABA,SRGQUICKDUQCKO-UHFFFAOYSA-N
paroxetine,AHOUBRCZNHFOSL-YOEHRIQHSA-N
maltol,XPCTZQVDEJYUGT-UHFFFAOYSA-N
2-oleoylglycerol (18:1),UPWGQKDVAURUGE-KTKRTIGZSA-N
N6-carbamoylthreonyladenosine,UNUYMBPXEFMLNW-DWVDDHQFSA-N
4-hydroxyphenylacetate,XQXPVVBIMDBYFF-UHFFFAOYSA-N
1-methylhistamine,FHQDWPCFSJMNCT-UHFFFAOYSA-N
xylose,SRBFZHDQGSBBOR-IOVATXLUSA-N
"3,4-dihydroxyphenylacetate sulfate",ZQTJTTSZJNFQGJ-UHFFFAOYSA-N
N-acetylproline,GNMSLDIYJOSUSW-UHFFFAOYSA-N
palmitoylcarnitine (C16),XOMRRQXKHMYMOC-UHFFFAOYSA-N
citrulline,RHGKLRLOHDJJDR-BYPYZUCNSA-N
gamma-glutamylalanine,WQXXXVRAFAKQJM-WHFBIAKZSA-N
catechin,PFTAWBLQPZVEMU-DZGCQCFKSA-N
6-oxopiperidine-2-carboxylate,FZXCPFJMYOQZCA-UHFFFAOYSA-N
valylglutamine,XXDVDTMEVBYRPK-UHFFFAOYSA-N
urate,LEHOTFFKMJEONL-UHFFFAOYSA-N
dihydrocaffeate,DZAUWHJDUNRCTF-UHFFFAOYSA-N
dehydrolithocholate,KIQFUORWRVZTHT-MRBXEDHFSA-N
piperidine,NQRYJNQNLNOLGT-UHFFFAOYSA-N
alpha-ketoglutaramate*,COJBGNAUUSNXHX-UHFFFAOYSA-N
biopterin,LHQIJBMDNUYRAM-DZSWIPIPSA-N
glycylleucine,DKEXFJVMVGETOO-LURJTMIESA-N
2-keto-3-deoxy-gluconate,WPAMZTWLKIDIOP-WVZVXSGGSA-N
2-hydroxyadipate,OTTXIFWBPRRYOG-UHFFFAOYSA-N
erucate (22:1n9),DPUOLQHDNGRHBS-KTKRTIGZSA-N
acisoga,OAUYENAPBFTAQT-UHFFFAOYSA-N
8-hydroxyoctanoate,KDMSVYIHKLZKET-UHFFFAOYSA-N
N-methylphenylalanine,SCIFESDRCALIIM-UHFFFAOYSA-N
cytidine,UHDGCWIWMRVCDJ-XVFCMESISA-N
(3'-5')-uridylyluridine,KXSPLNAXPMVUEC-NCOIDOBVSA-N
alpha-hydroxyisocaproate,LVRFTAZAXQPQHI-YFKPBYRVSA-N
isohyodeoxycholate,DGABKXLVXPYZII-MMTMODRTSA-N
N-stearoyl-sphingosine (d18:1/18:0)*,VODZWWMEJITOND-NXCSZAMKSA-N
delta-tocopherol,GZIFEOYASATJEH-VHFRWLAGSA-N
glycerophosphorylcholine (GPC),SUHOQUVVVLNYQR-QMMMGPOBSA-N
biliverdin,RCNSAJSGRJSBKK-YKSNQIBWSA-N
formononetin,HKQYGTCOTHHOMP-UHFFFAOYSA-N
N-methylpipecolate,BPSLZWSRHTULGU-ZCFIWIBFSA-N
CMP,IERHLVCPSMICTF-XVFCMESISA-N
2-arachidonoylglycerol (20:4),RCRCTBLIHCHWDZ-DOFZRALJSA-N
1-palmitoyl-2-stearoyl-GPC (16:0/18:0),PZNPLUBHRSSFHT-RRHRGVEJSA-N
"sphingomyelin (d18:1/24:1, d18:2/24:0)*",WKZHECFHXLTOLJ-QYKFWSDSSA-N
2-hydroxyoleate,JBSOOFITVPOOSY-KTKRTIGZSA-N
glycyrrhetinate,MPDGHEJMBKOTSU-WFJWTYAKSA-N
glycerophosphoglycerol,LLCSXHMJULHSJN-UHFFFAOYSA-N
2-methylbutyrylcarnitine (C5),IHCPDBBYTYJYIL-UHFFFAOYSA-N
hexadecatrienoate (16:3n3),KBGYPXOSNDMZRV-PDBXOOCHSA-N
isocitric lactone,UKZDIMBDWHZXOK-UHFFFAOYSA-N
2-hydroxy-3-methylvalerate,RILPIWOPNGRASR-UHFFFAOYSA-N
5-hydroxylysine,YSMODUONRAFBET-UHFFFAOYSA-N
narirutin,HXTFHSYLYXVTHC-AJHDJQPGSA-N
p-toluic acid,LPNBBFKOUUSUDB-UHFFFAOYSA-N
1-methylnicotinamide,LDHMAVIPBRSVRG-UHFFFAOYSA-O
N6-carboxyethyllysine,XCYPSOHOIAZISD-UHFFFAOYSA-N
citrate,KRKNYBCHXYNGOX-UHFFFAOYSA-N
gentisic acid-5-glucoside,CBTFERBMQQAROP-BZNQNGANSA-N
sphingadienine,KWDXKYNWAKMLKK-YQMRQDNGSA-N
pantoate,OTOIIPJYVQJATP-BYPYZUCNSA-N
"sphingomyelin (d18:1/20:0, d16:1/22:0)*",AADLTHQNYQJHQV-SVLGDMRNSA-N
indole-3-carboxylate,KMAKOBLIOCQGJP-UHFFFAOYSA-N
2-hydroxymyristate,JYZJYKOZGGEXSX-UHFFFAOYSA-N
C-glycosyltryptophan,CPXSBHKDEPPWIX-RAYCSJGISA-N
cytosine,OPTASPLRGRRNAP-UHFFFAOYSA-N
4-hydroxycinnamate,NGSWKAQJJWESNS-ZZXKWVIFSA-N
cotinine,UIKROCXWUNQSPJ-VIFPVBQESA-N
"1,2-dilinoleoyl-galactosylglycerol (18:2/18:2)*",BROOMPUVDPTGEG-JLHGMIPQSA-N
umbelliferone,ORHBXUUXSCNDEV-UHFFFAOYSA-N
N-acetylmethionine,XUYPXLNMDZIRQH-LURJTMIESA-N
4-hydroxyhippurate,ZMHLUFWWWPBTIU-UHFFFAOYSA-N
vanillylmandelate (VMA),CGQCWMIAEPEHNQ-UHFFFAOYSA-N
5-methyluridine (ribothymidine),DWRXFEITVBNRMK-JXOAFFINSA-N
glycolithocholate sulfate*,FHXBAFXQVZOILS-OETIFKLTSA-N
2-hydroxyhippurate (salicylurate),ONJSZLXSECQROL-UHFFFAOYSA-N
4-methylthio-2-oxobutanoate,SXFSQZDSUWACKX-UHFFFAOYSA-N
ranitidine N-oxide*,DFJVUWAHTQPQCV-MDWZMJQESA-N
threonate,JPIJQSOTBSSVTP-GBXIJSLDSA-N
6-hydroxyindole sulfate,QRHHXPIYYXPEMG-UHFFFAOYSA-N
lactose,GUBGYTABKSRVRQ-XLOQQCSPSA-N
glycerophosphoserine*,ZWZWYGMENQVNFU-AKGZTFGVSA-N
nicotinate,PVNIIMVLHYAWGP-UHFFFAOYSA-N
galactitol (dulcitol),FBPFZTCFMRRESA-GUCUJZIJSA-N
butyrate/isobutyrate (4:0),FERIUCNNQQJTOY-UHFFFAOYSA-N
3-hydroxymargaroylglycine,IEWHONSDBIATGX-UHFFFAOYSA-N
nonadecanoate (19:0),ISYWECDDZWTKFF-UHFFFAOYSA-N
pheophorbide A,OINDWIFDMFYGDX-LDCXZXNSSA-N
phenol sulfate,CTYRPMDGLDAWRQ-UHFFFAOYSA-N
"bilirubin (E,Z or Z,E)*",BPYKTIZUTYGOLE-VVCLLGATSA-N
histamine,NTYJJOPFIAHURM-UHFFFAOYSA-N
3-methylhistidine,JDHILDINMRGULE-LURJTMIESA-N
o-hydroxyatorvastatin,CZBPKFICAYVHHM-JWQCQUIFSA-N
thymine,RWQNBRDOKXIBIV-UHFFFAOYSA-N
erythritol,UNXHWFMMPAWVPI-ZXZARUISSA-N
N-formylphenylalanine,NSTPXGARCQOSAU-VIFPVBQESA-N
4-methyl-2-oxopentanoate,BKAJNAXTPSGJCU-UHFFFAOYSA-N
dihydroferulic acid sulfate,UMCDODPBPQMWQP-UHFFFAOYSA-N
stearoyl sphingomyelin (d18:1/18:0),LKQLRGMMMAHREN-YJFXYUILSA-N
indolin-2-one,JYGFTBXVXVMTGB-UHFFFAOYSA-N
docosahexaenoate (DHA; 22:6n3),MBMBGCFOFBJSGT-KUBAVDMBSA-N
"N-[3',4'-dihydroxy-(E)-cinnamoyl]-L-tyrosine",JRXLVUMFJASLDR-PXYYCUNGSA-N
1-palmitoyl-GPS (16:0)*,XIVOBOJQPNEUSC-UXHICEINSA-N
2-methylmalonylcarnitine (C4-DC),XROYFEWIXXCPAW-MQWKRIRWSA-N
imidazole lactate,ACZFBYCNAVEFLC-UHFFFAOYSA-N
1-palmitoyl-galactosylglycerol (16:0)*,DWKQIHQQZYILDB-DISYYVGZSA-N
N-acetylglycine,OKJIRPAQVSHGFK-UHFFFAOYSA-N
lisinopril,RLAWWYSOJDYHDC-UHFFFAOYSA-N
glutaminylleucine,ARPVSMCNIDAQBO-UHFFFAOYSA-N
glycylvaline,STKYPAFSDFAEPH-UHFFFAOYSA-N
adenosine,OIRDTQYFTABQOQ-KQYNXXCUSA-N
levulinate (4-oxovalerate),JOOXCMJARBKPKM-UHFFFAOYSA-N
citalopram propionate*,JSYNRZJODZWUKX-UHFFFAOYSA-N
dexpanthenol,SNPLKNRPJHDVJA-UHFFFAOYSA-N
2-methylserine,CDUUKBXTEOFITR-UHFFFAOYSA-N
epicatechin,PFTAWBLQPZVEMU-UKRRQHHQSA-N
caproate (6:0),FUZZWVXGSFPDMH-UHFFFAOYSA-N
carnosine,CQOVPNPJLQNMDC-ZETCQYMHSA-N
digalacturonic acid,IGSYEZFZPOZFNC-MMGXBETBSA-N
5-oxoproline,ODHCTXKNWHHXJC-VKHMYHEASA-N
3-ureidopropionate,JSJWCHRYRHKBBW-UHFFFAOYSA-N
5-hydroxyhexanoate,YDCRNMJQROAWFT-UHFFFAOYSA-N
"3,7-dimethylurate",HMLZLHKHNBLLJD-UHFFFAOYSA-N
phenyllactate (PLA),VOXXWSYKYCBWHO-UHFFFAOYSA-N
(R)-salsolinol,IBRKLUSXDYATLG-UHFFFAOYSA-N
stearidonate (18:4n3),JIWBIWFOSCKQMA-LTKCOYKYSA-N
trazadone,PHLBKPHSAVXXEF-UHFFFAOYSA-N
3-methylurate*,ODCYDGXXCHTFIR-UHFFFAOYSA-N
pyridoxate,HXACOUQIXZGNBF-UHFFFAOYSA-N
phytosphingosine,AERBNCYCJBRYDG-KSZLIROESA-N
saccharin,CVHZOJJKTDOEJC-UHFFFAOYSA-N
1-pentadecanoylglycerol (15:0),QSKPZDMBULYMDQ-UHFFFAOYSA-N
"1,2-dilinoleoyl-GPC (18:2/18:2)",FVXDQWZBHIXIEJ-LNDKUQBDSA-N
N-acetylcitrulline,WMQMIOYQXNRROC-LURJTMIESA-N
metronidazole,VAOCPAMSLUNLGC-UHFFFAOYSA-N
2-iminopiperidine,DHGUMNJVFYRSIG-UHFFFAOYSA-N
N-carbamoylaspartate,HLKXYZVTANABHZ-REOHCLBHSA-N
"7,12-diketolithocholate",MAFJMPFLJJCSTB-FQBQTYDJSA-N
4-hydroxycinnamate sulfate,OYDCCWNLILCHDJ-ZZXKWVIFSA-N
2-methoxyacetaminophen glucuronide*,XLGYMPUDHJPLNR-DKBOKBLXSA-N
7-ketocholesterol,YIKKMWSQVKJCOP-ABXCMAEBSA-N
isoleucine,AGPKZVBTJJNPAG-WHFBIAKZSA-N
glycerol 3-phosphate,AWUCVROLDVIAJX-UHFFFAOYSA-N
sphingosine,WWUZIQQURGPMPG-CCEZHUSRSA-N
3-hydroxyoctanoate,NDPLAKGOSZHTPH-UHFFFAOYSA-N
7-ketolithocholate,DXOCDBGWDZAYRQ-AURDAFMXSA-N
theanine,DATAGRPVKZEWHA-YFKPBYRVSA-N
N-acetyl-1-methylhistidine*,GVRCKHXHWSYDEF-QMMMGPOBSA-N
atorvastatin lactone,OUCSEDFVYPBLLF-KAYWLYCHSA-N
2-oxoarginine*,ARBHXJXXVVHMET-UHFFFAOYSA-N
alanylleucine,RDIKFPRVLJLMER-UHFFFAOYSA-N
valine,KZSNJWFQEVHDMF-BYPYZUCNSA-N
nicotianamine,KRGPXXHMOXVMMM-CIUDSAMLSA-N
morphine-3-glucuronide,WAEXKFONHRHFBZ-ZXDZBKESSA-N
N-octanoylglycine,SAVLIIGUQOSOEP-UHFFFAOYSA-N
glycerophosphoethanolamine,JZNWSCPGTDBMEW-UHFFFAOYSA-N
N-monomethylarginine,NTNWOCRCBQPEKQ-YFKPBYRVSA-N
methylsuccinate,WXUAQHNMJWJLTG-UHFFFAOYSA-N
cis-urocanate,LOIYMIARKYCTBW-UPHRSURJSA-N
"1,5-anhydroglucitol (1,5-AG)",MPCAJMNYNOGXPB-SLPGGIOYSA-N
bufotenine,VTTONGPRPXSUTJ-UHFFFAOYSA-N
eicosapentaenoate (EPA; 20:5n3),JAZBEHYOTPTENJ-JLNKQSITSA-N
isoleucylglycine,UCGDDTHMMVWVMV-UHFFFAOYSA-N
mannonate*,RGHNJXZEOKUKBD-MBMOQRBOSA-N
valsartan,ACWBQPMHZXGDFX-UHFFFAOYSA-N
dopamine 3-O-sulfate,NZKRYJGNYPYXJZ-UHFFFAOYSA-N
"N2,N5-diacetylornithine",XUYANFPPYJSBPU-QMMMGPOBSA-N
1-methyladenosine,GFYLSDSUCHVORB-IOSLPCCCSA-N
serotonin,QZAYGJVTTNCVMB-UHFFFAOYSA-N
2-hydroxybehenate,RPGJJWLCCOPDAZ-UHFFFAOYSA-N
hesperetin,AIONOLUJZLIMTK-AWEZNQCLSA-N
indoleacetate,SEOVTRFCIGRIMH-UHFFFAOYSA-N
inosine,UGQMRVRMYYASKQ-KQYNXXCUSA-N
N-acetylcarnosine,BKAYIFDRRZZKNF-VIFPVBQESA-N
4-hydroxybenzoate,FJKROLUGYXJWQN-UHFFFAOYSA-N
"2,8-quinolinediol",ZXZKYYHTWHJHFT-UHFFFAOYSA-N
tetradecanedioate (C14),HQHCYKULIHKCEB-UHFFFAOYSA-N
(16 or 17)-methylstearate (a19:0 or i19:0),YETXGSGCWODRAA-UHFFFAOYSA-N
hippurate,QIAFMBKCNZACKA-UHFFFAOYSA-N
ginkgolic acid C13:0,VEPUCZUJLKAVNM-UHFFFAOYSA-N
10-heptadecenoate (17:1n7),GDTXICBNEOEPAZ-FPLPWBNLSA-N
norvaline,SNDPXSYFESPGGJ-UHFFFAOYSA-N
"N2,N2-dimethylguanine",XMSMHKMPBNTBOD-UHFFFAOYSA-N
sucralose,BAQAVOSOZGMPRM-QBMZZYIRSA-N
tyrosine,OUYCCCASQSFEME-QMMMGPOBSA-N
4-ureidobutyrate,QYTWIMMLQKHPGL-UHFFFAOYSA-N
"2,6-dihydroxybenzoic acid",AKEUNCKRJATALU-UHFFFAOYSA-N
pyridoxamine,NHZMQXZHNVQTQA-UHFFFAOYSA-N
5-methylcytosine,LRSASMSXMSNRBT-UHFFFAOYSA-N
sebacate (C10-DC),CXMXRPHRNRROMY-UHFFFAOYSA-N
deoxycarnitine,JHPNVNIEXXLNTR-UHFFFAOYSA-O
2-hydroxyheptanoate*,RGMMREBHCYXQMA-UHFFFAOYSA-N
taurine,XOAAWQZATWQOTB-UHFFFAOYSA-N
N-acetylisoleucine,JDTWZSUNGHMMJM-UHFFFAOYSA-N
octanoylcarnitine (C8),CXTATJFJDMJMIY-UHFFFAOYSA-N
3-methyl-2-oxovalerate,JVQYSWDUAOAHFM-UHFFFAOYSA-N
phytanate,RLCKHJSFHOZMDR-UHFFFAOYSA-N
glycine,DHMQDGOQFOQNFH-UHFFFAOYSA-N
gamma-glutamylisoleucine*,SNCKGJWJABDZHI-UHFFFAOYSA-N
dopamine,VYFYYTLLBUKUHU-UHFFFAOYSA-N
4-guanidinobutanoate,TUHVEAJXIMEOSA-UHFFFAOYSA-N
myo-inositol,CDAISMWEOUEBRE-UHFFFAOYSA-N
N-acetylarginine,SNEIUMQYRCDYCH-LURJTMIESA-N
"1,3,7-trimethylurate",BYXCFUMGEBZDDI-UHFFFAOYSA-N
3-(3-hydroxyphenyl)propionate sulfate,IQWLPDPKVFZEOK-UHFFFAOYSA-N
5-methylthioribose,OLVVOVIFTBSBBH-UHFFFAOYSA-N
(15:2)-anacardic acid,KAOMOVYHGLSFHQ-UTOQUPLUSA-N
S-carboxymethyl-L-cysteine,GBFLZEXEOZUWRN-UHFFFAOYSA-N
N6-formyllysine,KLPJXDPPMSJWKI-LURJTMIESA-N
dimethylarginine (ADMA + SDMA),YDGMGEXADBMOMJ-LURJTMIESA-N
alpha-tocotrienol,RZFHLOLGZPDCHJ-XZXLULOTSA-N
"N6,N6-dimethyllysine",XXEWFEBMSGLYBY-ZETCQYMHSA-N
phosphate,NBIIXXVUZAFLBC-UHFFFAOYSA-K
N-acetyltryptophan,DZTHIGRZJZPRDV-LBPRGKRZSA-N
ribitol,HEBKCHPVOIAQTA-NGQZWQHPSA-N
"3,5-dihydroxyphenylpropionate",ITPFIKQWNDGDLG-UHFFFAOYSA-N
N-acetyl-S-allyl-L-cysteine,LKRAEHUDIUJBSF-ZETCQYMHSA-N
palmitoleoylcarnitine (C16:1)*,JFAGPSOZZSTLRF-KHPPLWFESA-N
isoursodeoxycholate,RUDATBOHQWOJDD-DNMBCGTGSA-N
1-palmitoyl-2-oleoyl-GPE (16:0/18:1),FHQVHHIBKUMWTI-OTMQOFQLSA-N
methylurea,XGEGHDBEHXKFPX-UHFFFAOYSA-N
"12,13-DiHOME",CQSLTKIXAJTQGA-FLIBITNWSA-N
phenylacetylaspartate,SVFKZPQPMMZHLZ-UHFFFAOYSA-N
diglycerol,GPLRAVKSCUXZTP-UHFFFAOYSA-N
1-oleoylglycerol (18:1),RZRNAYUHWVFMIP-KTKRTIGZSA-N
"androstenediol (3beta,17beta) disulfate (1)",UWPTUYJASNIIJM-LOVVWNRFSA-N
"bilirubin (E,E)*",BPYKTIZUTYGOLE-BMNRKXRESA-N
solanidine,JVKYZPBMZPJNAJ-OQFNDJACSA-N
xanthosine,UBORTCNDUKBEOP-UUOKFMHZSA-N
2-myristoylglycerol (14:0),TVIMZSOUQXNWHO-UHFFFAOYSA-N
leucine,ROHFNLRQFUQHCH-YFKPBYRVSA-N
threonine,AYFVYJQAPQTCCC-GBXIJSLDSA-N
luteolin,IQPNAANSBPBGFQ-UHFFFAOYSA-N
4-imidazoleacetate,PRJKNHOMHKJCEJ-UHFFFAOYSA-N
N-propionylalanine,INPGLFHHFHOGRM-UHFFFAOYSA-N
heme,KABFMIBPWCXCRK-UHFFFAOYSA-L
palmitoyl ethanolamide,HXYVTAGFYLMHSO-UHFFFAOYSA-N
N-methylalanine,GDFAOVXKHJXLEI-VKHMYHEASA-N
(3'-5')-adenylyladenosine*,UYSXBCQACJTYFS-XPWFQUROSA-N
4-hydroxycyclohexylcarboxylic acid,HCFRWBBJISAZNK-UHFFFAOYSA-N
N-acetylaspartate (NAA),OTCCIMWXFLJLIA-BYPYZUCNSA-N
N-(2-furoyl)glycine,KSPQDMRTZZYQLM-UHFFFAOYSA-N
N-acetylvaline,IHYJTAOFMMMOPX-LURJTMIESA-N
apigenin sulfate (1),LXSIWSUQPKEDKM-UHFFFAOYSA-N
piperine,MXXWOMGUGJBKIW-YPCIICBESA-N
S-allylcysteine,ZFAHNWWNDFHPOH-UHFFFAOYSA-N
cysteine sulfinic acid,ADVPTQAUNPRNPO-UHFFFAOYSA-N
"3,4-dihydroxybenzoate",YQUVCSBJEUQKSH-UHFFFAOYSA-N
5-aminovalerate,JJMDCOVWQOJGCB-UHFFFAOYSA-N
glutarate (C5-DC),JFCQEDHGNNZCLN-UHFFFAOYSA-N
etiocholanolone glucuronide,VFUIRAVTUVCQTF-UHFFFAOYSA-N
phenylacetylglutamate,PTSRBZOZSRJCKX-JTQLQIEISA-N
metoprolol acid metabolite*,PUQIRTNPJRFRCZ-UHFFFAOYSA-N
theophylline,ZFXYFBGIUFBOJW-UHFFFAOYSA-N
5-methylnorleucine,FMUMEWVNYMUECA-LURJTMIESA-N
campesterol,SGNBVLSWZMBQTH-PODYLUTMSA-N
alpha-tocopherol acetate,ZAKOWWREFLAJOT-UHFFFAOYSA-N
N1-methylinosine,WJNGQIYEQLPJMN-IOSLPCCCSA-N
"5,6-dihydrothymine",NBAKTGXDIBVZOO-UHFFFAOYSA-N
fructosyllysine,BFSYFTQDGRDJNV-QCNRFFRDSA-N
eicosenoate (20:1n9 or 1n11),BITHHVVYSMSWAG-KTKRTIGZSA-N
6-oxolithocholate,JWZBXKZZDYMDCJ-IJPFKRJSSA-N
indolepropionate,GOLXRNDWAUTYKT-UHFFFAOYSA-N
estriol 3-sulfate,ZORQMBLUMWNJEQ-ZXXIGWHRSA-N
hydantoin-5-propionate,VWFWNXQAMGDPGG-UHFFFAOYSA-N
argininosuccinate,KDZOASGQNOPSCU-WDSKDSINSA-N
imidazole propionate,ZCKYOWGFRHAZIQ-UHFFFAOYSA-N
tetradecadienoate (14:2)*,HXHZGHRLVRFQDR-HZJYTTRNSA-N
hydroquinone sulfate,FPXPQMOQWJZYBL-UHFFFAOYSA-N
gamma-glutamylglutamine,JBFYFLXEJFQWMU-WDSKDSINSA-N
ginkgolic acid C15:1,YXHVCZZLWZYHSA-FPLPWBNLSA-N
desmethylcitalopram*,PTJADDMMFYXMMG-UHFFFAOYSA-N
homo-cis-aconitate,BJYPZFUWWJSAKC-ARJAWSKDSA-N
arachidonoyl ethanolamide,LGEQQWMQCRIYKG-DOFZRALJSA-N
3-hydroxytridecanoate,CWSNHZHHWHLJIM-UHFFFAOYSA-N
ibuprofen,HEFNNWSXXWATRW-UHFFFAOYSA-N
linolenoyl-linolenoyl-glycerol (18:3/18:3) [2]*,MQGBAQLIFKSMEM-ZHARMHCNSA-N
3-phenylpropionate (hydrocinnamate),XMIIGOLPHOKFCH-UHFFFAOYSA-N
quinate,AAWZDTNXLSGCEK-LNVDRNJUSA-N
2-hydroxylaurate,YDZIJQXINJLRLL-UHFFFAOYSA-N
hydrochlorothiazide,JZUFKLXOESDKRF-UHFFFAOYSA-N
leucylalanine,HSQGMTRYSIHDAC-UHFFFAOYSA-N
N-carbamoylalanine,LUSWEUMSEVLFEQ-UHFFFAOYSA-N
gamma-glutamylmethionine,RQNSKRXMANOPQY-BQBZGAKWSA-N
3-dehydroshikimate,SLWWJZMPHJJOPH-UHFFFAOYSA-N
succinylcarnitine (C4-DC),HAEVNYBCYZZDFL-UHFFFAOYSA-N
kynurenine,YGPSJZOEDVAXAB-QMMMGPOBSA-N
2-hydroxyglutarate,HWXBTNAVRSUOJR-UHFFFAOYSA-N
meglumine,MBBZMMPHUWSWHV-UHFFFAOYSA-N
10-hydroxystearate,PAZZVPKITDJCPV-UHFFFAOYSA-N
tiglyl carnitine (C5),WURBQCVBQNMUQT-RMKNXTFCSA-N
hypoxanthine,FDGQSTZJBFJUBT-UHFFFAOYSA-N
1-linoleoyl-digalactosylglycerol (18:2)*,UHISGSDYAIIBMO-OCOVFIGMSA-N
1-palmitoyl-GPG (16:0)*,BVJSKAUUFXBDOB-UHFFFAOYSA-N
diphenhydramine,ZZVUWRFHKOJYTH-UHFFFAOYSA-N
1-palmitoyl-2-arachidonoyl-GPC (16:0/20:4n6),IIZPXYDJLKNOIY-JXPKJXOSSA-N
naringin,DFPMSGMNTNDNHN-CSIAVLANSA-N
"1,1-kestotetraose",FLDFNEBHEXLZRX-DLQNOBSRSA-N
2-hydroxypalmitate,JGHSBPIZNUXPLA-UHFFFAOYSA-N
hexadecadienoate (16:2n6),WPJGPAAPSBVXNU-HZJYTTRNSA-N
heneicosapentaenoate (21:5n3),OQOCQFSPEWCSDO-JLNKQSITSA-N
N-acetylsphingosine,BLTCBVOJNNKFKC-QUDYQQOWSA-N
valerylphenylalanine,YXQLJEQFZUMUPB-LBPRGKRZSA-N
dehydrocholic acid,OHXPGWPVLFPUSM-KLRNGDHRSA-N
sertraline,VGKDLMBJGBXTGI-SJCJKPOMSA-N
N-acetyl-2-aminooctanoate*,JJGNMSOJTSABGA-UHFFFAOYSA-N
2-acetamidophenol sulfate,JCVGTUVGDOWZJE-UHFFFAOYSA-N
HEPES,JKMHFZQWWAIEOD-UHFFFAOYSA-N
5-(galactosylhydroxy)-L-lysine,OWGKYELXGFKIHH-ODPZDSJBSA-N
laurylcarnitine (C12),FUJLYHJROOYKRA-UHFFFAOYSA-N
protoporphyrin IX,ZCFFYALKHPIRKJ-UHFFFAOYSA-N
"1,6-anhydroglucose",TWNIBLMWSKIRAT-VFUOTHLCSA-N
formiminoglutamate,NRXIKWMTVXPVEF-BYPYZUCNSA-N
dihomolinolenate (20:3n3 or 3n6),HOBAELRKJCKHQD-QNEBEIHSSA-N
N-stearoyl-sphinganine (d18:0/18:0)*,KZTJQXAANJHSCE-OIDHKYIRSA-N
"1,7-dimethylurate",NOFNCLGCUJJPKU-UHFFFAOYSA-N
3b-hydroxy-5-cholenoic acid,HIAJCGFYHIANNA-QIZZZRFXSA-N
"1,3-propanediol",YPFDHNVEDLHUCE-UHFFFAOYSA-N
heptadecatrienoate (17:3)*,FAFSAZIEJFMBBY-PDBXOOCHSA-N
myristoylcarnitine (C14),PSHXNVGSVNEJBD-UHFFFAOYSA-N
diphenoxylate,HYPPXZBJBPSRLK-UHFFFAOYSA-N
palmitoyl dihydrosphingomyelin (d18:0/16:0)*,QHZIGNLCLJPLCU-QPPIDDCLSA-N
lysine,KDXKERNSBIXSRK-YFKPBYRVSA-N
tricarballylate,KQTIIICEAUMSDG-UHFFFAOYSA-N
3-dehydrocholate,OEKUSRBIIZNLHZ-YXRVOZSUSA-N
dihydrokaempferol,PADQINQHPQKXNL-LSDHHAIUSA-N
dimethylmalonic acid,OREAFAJWWJHCOT-UHFFFAOYSA-N
valerate (5:0),NQPDZGIKBAWPEJ-UHFFFAOYSA-N
glucosamine 6-sulfate,MTDHILKWIRSIHB-QZABAPFNSA-N
tricosanoyl sphingomyelin (d18:1/23:0)*,SXZWBNWTCVLZJN-NMIJJABPSA-N
(3'-5')-adenylyluridine,RNNPIPQLZRGXIG-KPKSGTNCSA-N
1-myristoyl-2-palmitoyl-GPC (14:0/16:0),RFVFQQWKPSOBED-PSXMRANNSA-N
N-methylproline,CWLQUGTUXBXTLF-UHFFFAOYSA-N
cholesterol,HVYWMOMLDIMFJA-FNOPAARDSA-N
glycerol,PEDCQBHIVMGVHV-UHFFFAOYSA-N
vancomycin,MYPYJXKWCTUITO-LYRMYLQWSA-N
laurate (12:0),POULHZVOKOAJMA-UHFFFAOYSA-N
rutin,IKGXIBQEEMLURG-NVPNHPEKSA-N
1-methylxanthine,MVOYJPOZRLFTCP-UHFFFAOYSA-N
isovalerate (C5),GWYFCOCPABKNJV-UHFFFAOYSA-N
3-ureidoisobutyrate,PHENTZNALBMCQD-UHFFFAOYSA-N
3-hydroxydodecanedioate*,FYVQCLGZFXHEGL-UHFFFAOYSA-N
tryptophan betaine,AOHCBEAZXHZMOR-ZDUSSCGKSA-N
1-methyl-5-imidazoleacetate,UJCGYTCAMOHYCG-UHFFFAOYSA-N
tenofovir,SGOIRFVFHAKUTI-ZCFIWIBFSA-N
soyasaponin II,IBZLICPLPYSFNZ-MZKFGPPESA-N
linoleoyl ethanolamide,KQXDGUVSAAQARU-HZJYTTRNSA-N
1-(1-enyl-palmitoyl)-2-palmitoyl-GPC (P-16:0/16:0)*,PEWXKAOBUSBJLD-MCBGMKGZSA-N
trans-urocanate,LOIYMIARKYCTBW-OWOJBTEDSA-N
decanoylcarnitine (C10),LZOSYCMHQXPBFU-UHFFFAOYSA-N
umbelliferone sulfate,LJOOSFYJELZGMR-UHFFFAOYSA-N
3'-sialyllactose,OIZGSVFYNBZVIK-FHHHURIISA-N
phenylacetate,WLJVXDMOQOGPHL-UHFFFAOYSA-N
ritonavir,NCDNCNXCDXHOMX-XGKFQTDJSA-N
biocytin,BAQMYDQNMFBZNA-MNXVOIDGSA-N
4-vinylphenol sulfate,IETVQHUKTKKBFF-UHFFFAOYSA-N
fumarate,VZCYOOQTPOCHFL-OWOJBTEDSA-N
phenylalanylglycine,GLUBLISJVJFHQS-UHFFFAOYSA-N
amlodipine,HTIQEAQVCYTUBX-UHFFFAOYSA-N
1-methylguanidine,CHJJGSNFBQVOTG-UHFFFAOYSA-N
mannitol/sorbitol,FBPFZTCFMRRESA-JGWLITMVSA-N
N2-acetyllysine,VEYYWZRYIYDQJM-ZETCQYMHSA-N
myristoleate (14:1n5),YWWVWXASSLXJHU-WAYWQWQTSA-N
pyridoxine (Vitamin B6),LXNHXLLTXMVWPM-UHFFFAOYSA-N
solifenacin,FBOUYBDGKBSUES-UHFFFAOYSA-N
ornithine,AHLPHDHHMVZTML-BYPYZUCNSA-N
S-methylmethionine,YDBYJHTYSHBBAU-UHFFFAOYSA-O
glutarylcarnitine (C5-DC),NXJAXUYOQLTISD-UHFFFAOYSA-N
3-fucosyllactose,AUNPEJDACLEKSC-ZAYDSPBTSA-N
gamma-glutamylglycine,ACIJGUBIMXQCMF-BYPYZUCNSA-N
1-stearoyl-GPC (18:0),IHNKQIMGVNPMTC-RUZDIDTESA-N
behenoyl sphingomyelin (d18:1/22:0)*,FJJANLYCZUNFSE-TWKUQIQBSA-N
1-stearoyl-GPE (18:0),BBYWOYAFBUOUFP-JOCHJYFZSA-N
trimethylamine N-oxide,UYPYRKYUKCHHIB-UHFFFAOYSA-N
gluconate,RGHNJXZEOKUKBD-SQOUGZDYSA-N
pentadecanoate (15:0),WQEPLUUGTLDZJY-UHFFFAOYSA-N
glycitein,DXYUAIFZCFRPTH-UHFFFAOYSA-N
oleoyl ethanolamide,BOWVQLFMWHZBEF-KTKRTIGZSA-N
cryptochlorogenic acid,GYFFKZTYYAFCTR-DUXPYHPUSA-N
tauroursodeoxycholate,BHTRKEVKTKCXOH-LBSADWJPSA-N
beta-citrylglutamate,GAQNUGISBQJMKO-YFKPBYRVSA-J
thiamin (Vitamin B1),JZRWCGZRTZMZEH-UHFFFAOYSA-N
thioproline,DZLNHFMRPBPULJ-VKHMYHEASA-N
palmitoyl-linoleoyl-glycerol (16:0/18:2) [1]*,SVXWJFFKLMLOHO-YAIZGCQRSA-N
2-palmitoylglycerol (16:0),BBNYCLAREVXOSG-UHFFFAOYSA-N
N-acetylglucosaminylasparagine,YTTRPBWEMMPYSW-HRRFRDKFSA-N
chrysoeriol,SCZVLDHREVKTSH-UHFFFAOYSA-N
harmane,PSFDQSOCUJVVGF-UHFFFAOYSA-N
N-acetylthreonine,PEDXUVCGOLSNLQ-WUJLRWPWSA-N
uracil,ISAKRJDGNUQOIC-UHFFFAOYSA-N
epiandrosterone sulfate,ZMITXKRGXGRMKS-LUJOEAJASA-N
1-stearoyl-2-arachidonoyl-GPC (18:0/20:4),PSVRFUPOQYJOOZ-QNPWAGBNSA-N
sulfate*,QAOWNCQODCNURD-UHFFFAOYSA-N
gamma-glutamylvaline,AQAKHZVPOOGUCK-XPUUQOCRSA-N
"2,3-dihydroxyisovalerate",JTEYKUFKXGDTEU-UHFFFAOYSA-N
tryptophylglycine,UYKREHOKELZSPB-UHFFFAOYSA-N
2-oxindole-3-acetate,ILGMGHZPXRDCCS-UHFFFAOYSA-N
1-oleoyl-GPS (18:1),JZWNYZVVZXZRRH-YFKVPUFHSA-N
4-hydroxybutyrate (GHB),SJZRECIVHVDYJC-UHFFFAOYSA-N
1-linolenoylglycerol (18:3),XQBHBEXBUZDCRY-FFXVNFNPSA-N
I-urobilinogen,OBHRVMZSZIDDEK-UHFFFAOYSA-N
7-methylguanine,FZWGECJQACGGTI-UHFFFAOYSA-N
(15:0)-anacardic acid,ADFWQBGTDJIESE-UHFFFAOYSA-N
brilliant blue FCF (blue 1),QNOYBCOEQMOHFR-UHFFFAOYSA-N
hexanoylglycine (C6),UPCKIPHSXMXJOX-UHFFFAOYSA-N
dibutyl sulfosuccinate,YPDHMBTYUUZFOA-UHFFFAOYSA-N
N-acetyltaurine,CXJAAWRLVGAKDV-UHFFFAOYSA-N
11beta-hydroxyetiocholanolone glucuronide*,OMYMRCXOJJZYKE-UHFFFAOYSA-N
caprylate (8:0),WWZKQHOCKIZLMA-UHFFFAOYSA-N
metoprolol,IUBSYMUCCVWXPE-UHFFFAOYSA-N
nicotinamide ribonucleotide (NMN),DAYLJWODMCOQEW-TURQNECASA-N
7-ketodeoxycholate,RHCPKKNRWFXMAT-RRWYKFPJSA-N
stearate (18:0),QIQXTHQIDYTFRH-UHFFFAOYSA-N
3-dehydrodeoxycholate,WMUMZOAFCDOTRW-OVEHVULHSA-N
pipecolate,HXEACLLIILLPRG-UHFFFAOYSA-N
fructose,BJHIKXHVCXFQLS-UYFOZJQFSA-N
taurohyodeoxycholic acid,HMXPOCDLAFAFNT-BHYUGXBJSA-N
taurolithocholate,QBYUNVOYXHFVKC-JIOVCDOMSA-N
"cytidine 2',3'-cyclic monophosphate",NMPZCCZXCOMSDQ-UHFFFAOYSA-N
isobutyrylglycine (C4),DCICDMMXFIELDF-UHFFFAOYSA-N
O-desmethylvenlafaxine,KYYIDSXMWOZKMP-UHFFFAOYSA-N
3-hydroxylaurate,MUCMKTPAZLSKTL-UHFFFAOYSA-N
5-hydroxypicolinic acid,CGRRUFNHHQCLDZ-UHFFFAOYSA-N
4-acetamidophenol,RZVAJINKPMORJF-UHFFFAOYSA-N
spermidine,ATHGHQPFGPMSJY-UHFFFAOYSA-N
isobutyrylcarnitine (C4),LRCNOZRCYBNMEP-SECBINFHSA-N
N-palmitoyl-sphinganine (d18:0/16:0),GCGTXOVNNFGTPQ-JHOUSYSJSA-N
taurochenodeoxycholic acid 3-sulfate,IJHJZQKOSUFQCX-WZJRQFJBSA-N
arginine,ODKSFYDXXFIFQN-UHFFFAOYSA-N
guanosine,NYHBQMYGNKIUIF-UUOKFMHZSA-N
tetrahydrocortisol glucuronide ,OZINUFSVVJAFHD-SHHSTTTJSA-N
ascorbic acid 2-sulfate,SKKZOYBAANIUOV-ZAFYKAAXSA-N
glycolithocholate,XBSQTYHEGZTYJE-OETIFKLTSA-N
vitexin,SGEWCQFRYRRZDC-VPRICQMDSA-N
N-propionylmethionine,RBAAEQRITQHPJM-UHFFFAOYSA-N
androsterone sulfate,ZMITXKRGXGRMKS-HLUDHZFRSA-N
alanine,QNAYBMKLOCPYGJ-REOHCLBHSA-N
atenolol,METKIMKYRPQLGS-UHFFFAOYSA-N
myristate (14:0),TUNFSRHWOTWDNC-UHFFFAOYSA-N
N-desmethyl rosuvastatin,DJUKMHIJCDJSIJ-GUFYHEMZSA-N
orotate,PXQPEWDEAKTCGB-UHFFFAOYSA-N
caprate (10:0),GHVNFZFCNZKVNT-UHFFFAOYSA-N
guanidinosuccinate,VVHOUVWJCQOYGG-UHFFFAOYSA-N
p-cresol glucuronide*,JPAUCQAJHLSMQW-XPORZQOISA-N
threonylphenylalanine,IQHUITKNHOKGFC-UHFFFAOYSA-N
heptanoate (7:0),MNWFXJYAOYHMED-UHFFFAOYSA-N
phenylacetylglutamine,JFLIEFSWGNOPJJ-JTQLQIEISA-N
orotidine,FKCRAVPPBFWEJD-XVFCMESISA-N
N-acetylneuraminate,SQVRNKJHWKZAKO-LUWBGTNYSA-N
1-linolenoyl-digalactosylglycerol (18:3)*,MPSGDHOYFIUPSO-MDAKJLGTSA-N
O-acetylhomoserine,FCXZBWSIAGGPCB-YFKPBYRVSA-N
1-palmitoyl-GPC (16:0),ASWBNKHCZGQVJV-UHFFFAOYSA-N
adrenate (22:4n6),TWSWSIQAPQLDBP-DOFZRALJSA-N
beta-guanidinopropanoate,KMXXSJLYVJEBHI-UHFFFAOYSA-N
3-(2-hydroxyphenyl)propionate,CJBDUOMQLFKVQC-UHFFFAOYSA-N
glucuronate,AEMOLEFTQBMNLQ-WAXACMCWSA-N
isocaproate (i6:0),FGKJLKRYENPLQH-UHFFFAOYSA-N
N-palmitoyl-phytosphingosine (t18:0/16:0),IVBULNXGVIHEKN-MVIDNBQJSA-N
"2,4-dihydroxyhydrocinnamate",HMCMTJPPXSGYJY-UHFFFAOYSA-N
palmitoylcholine,ODYPFMHOOQOHEF-UHFFFAOYSA-N
N-acetylleucine,WXNXCEHXYPACJF-ZETCQYMHSA-N
dodecanedioate (C12),TVIDDXQYHWJXFK-UHFFFAOYSA-N
nicotinamide,DFPAKSUCGFBDDF-UHFFFAOYSA-N
loperamide,RDOIQAHITMMDAJ-UHFFFAOYSA-N
1-margaroylglycerol (17:0),SVUQHVRAGMNPLW-UHFFFAOYSA-N
daidzein,ZQSIJRDFPHDXIC-UHFFFAOYSA-N
isovitexin,MYXNWGACZJSMBT-VJXVFPJBSA-N
saccharopine,ZDGJAHTZVHVLOT-YUMQZZPRSA-N
ectoine,WQXNXVUDBPYKBA-YFKPBYRVSA-N
guaiacol sulfate,AQTYXAPIHMXAAV-UHFFFAOYSA-N
1-palmitoyl-2-linoleoyl-GPC (16:0/18:2),JLPULHDHAOZNQI-ZTIMHPMXSA-N
pimelate (C7-DC),WLJVNTCWHIRURA-UHFFFAOYSA-N
galactonate,RGHNJXZEOKUKBD-MGCNEYSASA-N
2-palmitoyl-GPC* (16:0)*,NEGQHKSYEYVFTD-HSZRJFAPSA-N
agmatine,QYPPJABKJHAVHS-UHFFFAOYSA-N
L-urobilin,TYOWQSLRVAUSMI-WKULSOCRSA-N
N6-carboxymethyllysine,NUXSIDPKKIEIMI-LURJTMIESA-N
cysteine,XUJNEKJLAYXESH-REOHCLBHSA-N
mannose,WQZGKKKJIJFFOK-QTVWNMPRSA-N
phenylpropionylglycine,YEIQSAXUPKPPBN-UHFFFAOYSA-N
(S)-a-amino-omega-caprolactam,BOWUOGIPSRVRSJ-RXMQYKEDSA-N
valerylglycine (C5),NYZBWOSRZJKQAI-UHFFFAOYSA-N
glycochenodeoxycholate,GHCZAUBVMUEKKP-GYPHWSFCSA-N
5-(2-Hydroxyethyl)-4-methylthiazole,BKAWJIRCKVUVED-UHFFFAOYSA-N
1-linoleoyl-galactosylglycerol (18:2)*,LBHUIJRTHBBWHP-HJFVYBCQSA-N
hydroxyproline,PMMYEEVYMWASQN-DMTCNVIQSA-N
N-acetylasparagine,HXFOXFJUNFFYMO-BYPYZUCNSA-N
N-stearoyltaurine,LMIJIHJZVURGQK-UHFFFAOYSA-N
salicylate,YGSDEFSMJLZEOE-UHFFFAOYSA-N
glycodeoxycholate,WVULKSPCQVQLCU-BUXLTGKBSA-N
ondansetron,FELGMEQIXOGIFQ-UHFFFAOYSA-N
ponciretin,HMUJXQRRKBLVOO-UHFFFAOYSA-N
taurocholate,WBWWGRHZICKQGZ-HZAMXZRMSA-N
malonate,OFOBLEOULBTSOW-UHFFFAOYSA-N
N1-Methyl-2-pyridone-5-carboxamide,JLQSXXWTCJPCBC-UHFFFAOYSA-N
1-(1-enyl-stearoyl)-2-arachidonoyl-GPE (P-18:0/20:4)*,URPXXNCTXCOATD-FXMFQVEGSA-N
citalopram/escitalopram,WSEQXVZVJXJVFP-FQEVSTJZSA-N
enterodiol,DWONJCNDULPHLV-UHFFFAOYSA-N
3-hydroxystearate,POMQYTSPMKEQNB-UHFFFAOYSA-N
N-acetyl-3-methylhistidine*,FKTXRTPBUWLETL-QMMMGPOBSA-N
12-dehydrocholate,MIHNUBCEFJLAGN-DMMBONCOSA-N
dihydroxyphenylalanine (L-DOPA),WTDRDQBEARUVNC-LURJTMIESA-N
alpha-hydroxyisovalerate,NGEWQZIDQIYUNV-UHFFFAOYSA-N
undecanedioate (C11-DC),LWBHHRRTOZQPDM-UHFFFAOYSA-N
S-1-pyrroline-5-carboxylate,DWAKNKKXGALPNW-UHFFFAOYSA-N
enterolactone,HVDGDHBAMCBBLR-WMLDXEAASA-N
isoxanthohumol,YKGCBLWILMDSAV-UHFFFAOYSA-N
noroxycodone,RIKMCJUNPCRFMW-ISWURRPUSA-N
proline,ONIBWKKTOPOVIA-BYPYZUCNSA-N
3-hydroxymyristate,ATRNZOYKSNPPBF-UHFFFAOYSA-N
picolinoylglycine,MNYZGNSHBPLAFN-UHFFFAOYSA-N
tramadol,TVYLLZQTGLZFBW-ZBFHGGJFSA-N
naringenin,FTVWIRXFELQLPI-UHFFFAOYSA-N
"3,4-dihydroxyphenylacetate",CFFZDZCDUFSOFZ-UHFFFAOYSA-N
ginkgolic acid C17:1,MBYNDKVOZOAOIS-FPLPWBNLSA-N
tryptamine,APJYDQYYACXCRM-UHFFFAOYSA-N
dihydroorotate,UFIVEPVSAGBUSI-UHFFFAOYSA-N
tartarate,FEWJPZIEWOKRBE-JCYAYHJZSA-N
1-palmitoyl-2-oleoyl-GPC (16:0/18:1),WTJKGGKOPKCXLL-MRCUWXFGSA-N
fucose,SHZGCJCMOBCMKK-DHVFOXMCSA-N
1-stearoyl-GPS (18:0)*,ZPDQFUYPBVXUKS-KEKNWZKVSA-N
indole-3-acetamide,ZOAMBXDOGPRZLP-UHFFFAOYSA-N
suberate (C8-DC),TYFQFVWCELRYAO-UHFFFAOYSA-N
behenoyl ethanolamide (22:0)*,XHFWUECSNJWBJU-UHFFFAOYSA-N
heptadecasphingosine (d17:1),RBEJCQPPFCKTRZ-LHMZYYNSSA-N
gamma-glutamyl-alpha-lysine,LNLLNTMHVMIMOG-YUMQZZPRSA-N
3-ketosphinganine,KBUNOSOGGAARKZ-UHFFFAOYSA-N
oxypurinol,HXNFUBHNUDHIGC-UHFFFAOYSA-N
2'-deoxyguanosine,YKBGVTZYEHREMT-KVQBGUIXSA-N
palmitoyl sphingomyelin (d18:1/16:0),RWKUXQNLWDTSLO-GWQJGLRPSA-N
4-acetaminophen sulfate,IGTYILLPRJOVFY-UHFFFAOYSA-N
taurolithocholate 3-sulfate,HSNPMXROZIQAQD-GBURMNQMSA-N
3-hydroxydecanoate,FYSSBMZUBSBFJL-UHFFFAOYSA-N
glycylisoleucine,KGVHCTWYMPWEGN-FSPLSTOPSA-N
(3'-5')-adenylylguanosine*,LWBLDUTUVIXFJE-INFSMZHSSA-N
2-hydroxyacetaminophen sulfate*,HRLQZTOIKWEZBN-UHFFFAOYSA-N
2-piperidinone,XUWHAWMETYGRKB-UHFFFAOYSA-N
"uridine-2',3'-cyclic monophosphate",HWDMHJDYMFRXOX-XVFCMESISA-N
urea,XSQUKJJJFZCRTK-UHFFFAOYSA-N
beta-cryptoxanthin,DMASLKHVQRHNES-QQGJMDNJSA-N
4-cholesten-3-one,NYOXRYYXRWJDKP-GYKMGIIDSA-N
quercitrin,OXGUCUVFOIWWQJ-HQBVPOQASA-N
1-methylurate,QFDRTQONISXGJA-UHFFFAOYSA-N
2'-deoxycytidine,CKTSBUTUHBMZGZ-SHYZEUOFSA-N
theobromine,YAPQBXQYLJRXSA-UHFFFAOYSA-N
N-acetylglucosamine 6-sulfate,NHZWETQZLORZIR-OSMVPFSASA-N
secoisolariciresinol,PUETUDUXMCLALY-HOTGVXAUSA-N
dihydroquercetin,CXQWRCVTCMQVQX-UHFFFAOYSA-N
N-palmitoylglycine,KVTFEOAKFFQCCX-UHFFFAOYSA-N
2-hydroxynervonate*,UFOOFOUFKSIFCD-KTKRTIGZSA-N
emtricitabine,XQSPYNMVSIKCOC-NTSWFWBYSA-N
3-methylglutarylcarnitine (2),HFCPFJNSBPQJDP-UHFFFAOYSA-N
"2R,3R-dihydroxybutyrate",LOUGYXZSURQALL-PWNYCUMCSA-N
stigmastadienone,MKGZDUKUQPPHFM-LPJPOILFSA-N
naringenin 7-O-glucoside,DLIKSSGEMUFQOK-SFTVRKLSSA-N
glycerophosphoinositol*,BMVUIWJCUQSHLZ-LIPDPKNMSA-N
creatine,CVSVTCORWBXHQV-UHFFFAOYSA-N
2-hydroxylignocerate*,MSUOLNSQHLHDAS-UHFFFAOYSA-N
quinine,LOUPRKONTZGTKE-WGFDLZGGSA-N
N-linoleoylglycine,YCRHZEHWEYAHCO-HZJYTTRNSA-N
azelate (C9-DC),BDJRBEYXGGNYIS-UHFFFAOYSA-N
N-acetyl-beta-alanine,LJLLAWRMBZNPMO-UHFFFAOYSA-N
quetiapine,URKOMYMAXPYINW-UHFFFAOYSA-N
lignoceroyl sphingomyelin (d18:1/24:0),QEDPUVGSSDPBMD-XTAIVQBESA-N
5alpha-pregnan-diol disulfate,LSQGWMYMIHQKSA-UHFFFAOYSA-N
phenylalanine,COLNVLDHVKWLRT-QMMMGPOBSA-N
3-carboxyadipate,LOGBRYZYTBQBTB-UHFFFAOYSA-N
phenethylamine,BHHGXPLMPWCGHP-UHFFFAOYSA-N
riboflavin (Vitamin B2),AUNGANRZJHBGPY-SCRDCRAPSA-N
3-hydroxystachydrine*,DJMIFDZBCUUQJN-NTSWFWBYSA-N
tauro-beta-muricholate,XSOLDPYUICCHJX-OEYGYFRSSA-N
beta-hydroxyisovalerate,AXFYFNCPONWUHW-UHFFFAOYSA-N
anthranilate,RWZYAGGXGHYGMB-UHFFFAOYSA-N
taurodeoxycholate,AWDRATDZQPNJFN-VAYUFCLWSA-N
nicotinate ribonucleoside,PUEDDPCUCPRQNY-ZYUZMQFOSA-O
