Compound,inchikey
C8p_QI189__C54:5 TAG,
C18n_QI55__glycolithocholate,XBSQTYHEGZTYJE-OETIFKLTSA-N
HILp_QI7976__piperine,MXXWOMGUGJBKIW-YPCIICBESA-N
HILp_TF54__leucine,ROHFNLRQFUQHCH-YFKPBYRVSA-N
C8p_QI193__C54:3 TAG,
HILn_QI67__heptadecanoate,
HILp_TF53__isoleucine,AGPKZVBTJJNPAG-WHFBIAKZSA-N
C18n_QI38__eicosenoate,BITHHVVYSMSWAG-KTKRTIGZSA-N
HILp_QI30__trimethylamine-N-oxide,UYPYRKYUKCHHIB-UHFFFAOYSA-N
HILn_QI32__aspartate,CKLJMWTZIZZHCS-REOHCLBHSA-N
HILn_QI28433__propionate,XBDQKXXYIPTUBI-UHFFFAOYSA-N
C18n_QI61__taurochenodeoxycholate,BHTRKEVKTKCXOH-BJLOMENOSA-N
C8p_QI53__C24:1 Ceramide (d18:1),
C8p_QI159__C50:0 TAG,
HILp_TF14__2-deoxycytidine,CKTSBUTUHBMZGZ-SHYZEUOFSA-N
C8p_QI64__C16:1 CE,
HILn_QI114__succinate,KDYFGRWQOYBRFD-UHFFFAOYSA-N
C8p_QI209__C56:1 TAG,
C18n_QI34__eicosapentaenoate,JAZBEHYOTPTENJ-JLNKQSITSA-N
C8p_QI03__C16:1 LPC,
HILp_TF29__C18:2 LPC,
HILp_TF30__C16:0 LPC,
HILp_TF32__C18:3 LPC,
C8p_QI154__NH4_C50:3 TAG,
HILp_TF25__C8 carnitine,CXTATJFJDMJMIY-CYBMUJFWSA-N
HILp_TF1__sulfapyridine,
C18n_QI80__carnosol,XUSYGBPHQBWGAD-PJSUUKDQSA-N
C18n_QI45__eicosanedioate,
C18n_QI63__taurohyodeoxycholate/tauroursodeoxycholate,
C18n_QI07__9.10-diHOME,XEBKSQSGNGRGDW-YFHOEESVSA-N
HILn_TF3__alpha-ketoglutarate,KPGXRSRHYNQIFN-UHFFFAOYSA-N
HILp_QI2638__3-methylxanthine,GMSNIKWWOQHZGF-UHFFFAOYSA-N
C8p_QI65__NH4_C16:1 CE,
HILp_TF36__alanylalanine,DEFJQIDDEAULHB-SYPWQXSBSA-N
C18n_QI08__caproate,FUZZWVXGSFPDMH-UHFFFAOYSA-N
C18n_QI22__tetradecanedioate,HOQADATXFBOEGG-UHFFFAOYSA-N
HILn_QI63__glycocholate,RFDAIACWWDREDC-FRVQLJSFSA-N
C18n_QI91__oxymetazoline,WYWIFABBXFUGLM-UHFFFAOYSA-N
C8p_QI132__C46:2 TAG,
HILp_QI6844__C3-DC-CH3 carnitine,
HILp_TF28__aminoisobutyric acid/GABA,FUOOLUPWFVMBKG-UHFFFAOYSA-N
C8p_QI90__NH4_C16:1 MAG,
C8p_QI160__NH4_C50:0 TAG,
HILp_QI868__taurine,XOAAWQZATWQOTB-UHFFFAOYSA-N
HILp_TF42__methylimidazole acetic acid,ZHCKPJGJQOPTLB-UHFFFAOYSA-N
HILp_QI2965__N-acetylornithine,JRLGPAXAGHMNOL-LURJTMIESA-N
C18n_QI56__glycochenodeoxycholate,GHCZAUBVMUEKKP-GYPHWSFCSA-N
C8p_QI54__C16:1 SM,
HILp_QI1810__glutamate,WHUUTDBJXJRKMK-VKHMYHEASA-N
HILp_QI1363__trigonelline,WWNNZCOKKKDOPX-UHFFFAOYSA-N
C8p_QI179__NH4_C52:2 TAG,
HILp_QI3985__5-acetylamino-6-amino-3-methyluracil,POQOTWQIYYNXAT-UHFFFAOYSA-N
HILn_TF16__suberate,TYFQFVWCELRYAO-UHFFFAOYSA-N
C8p_QI213__5alpha-cholestan-3beta-ol,
C8p_QI71__NH4_C18:2 CE,
HILn_QI123__tryptophan,QIVBCDIJIAJPQS-VIFPVBQESA-N
HILp_QI3939__N-acetylhistidine,KBOJOGQFRVVWBH-ZETCQYMHSA-N
C8p_QI135__NH4_C46:1 TAG,
HILn_QI56__gabapentin,
C8p_QI114__C36:0 DAG,
C8p_QI31__C36:1 PC,
HILp_QI1110__creatine,CVSVTCORWBXHQV-UHFFFAOYSA-N
HILp_QI3770__caffeine,RYYVLZVUVIJVGH-UHFFFAOYSA-N
C8p_QI202__NH4_C56:6 TAG,
C8p_QI100__C32:0 DAG,
HILp_TF49__S-adenosylmethionine,MEFKEPWMEQBLKI-AIRLBKTGSA-N
HILp_QI715__trimethylbenzene,GWHJZXXIDMPWGX-UHFFFAOYSA-N
HILn_QI81__linoleoyl ethanolamide,
HILp_TF56__tryptophan,QIVBCDIJIAJPQS-VIFPVBQESA-N
C8p_QI183__NH4_C52:0 TAG,
C8p_QI143__NH4_C48:2 TAG,
HILp_QI6656__alpha-glycerophosphocholine,SUHOQUVVVLNYQR-MRVPVSSYSA-O
C8p_QI120__NH4_C38:4 DAG,
C18n_QI40__phytanate,RLCKHJSFHOZMDR-UHFFFAOYSA-N
C8p_QI102__NH4_C34:3 DAG,
C8p_QI177__NH4_C52:3 TAG,
HILn_QI2__1-3-7-trimethylurate,BYXCFUMGEBZDDI-UHFFFAOYSA-N
C8p_QI139__NH4_C48:4 TAG,
HILp_QI4845__C3 carnitine,UFAHZIUFPNSHSL-UHFFFAOYSA-N
HILp_QI13219__C20 carnitine,
C18n_QI54__cholate,BHQCQFFYRZLCQQ-OELDTZBJSA-N
C8p_QI210__NH4_C56:1 TAG,
HILn_QI19__5-acetylamino-6-amino-3-methyluracil,POQOTWQIYYNXAT-UHFFFAOYSA-N
C8p_QI172__C52:5 TAG,
C8p_QI38__C34:1 PC plasmalogen,
HILn_QI49__dTMP,GYOZYWVXFNDGLU-XLPZGREQSA-N
C8p_QI78__C20:4 CE,
HILn_QI82__lithocholate,SMEROWZSTRWXGI-HVATVPOCSA-N
HILp_TF4__7-methylxanthine,PFWLFWPASULGAN-UHFFFAOYSA-N
C8p_QI157__C50:1 TAG,
C8p_QI25__C34:1 PC,
HILn_QI55__fumarate/maleate,VZCYOOQTPOCHFL-OWOJBTEDSA-N
HILn_QI37__caproate,FUZZWVXGSFPDMH-UHFFFAOYSA-N
C8p_QI07__C18:0 LPC,
C8p_QI127__C44:0 TAG,
HILp_QI4966__acetyl-galactosamine,
C18n_QI35__arachidonate,YZXBAPSDXZZRGB-DOFZRALJSA-N
HILn_QI22769__valerate/isovalerate,NQPDZGIKBAWPEJ-UHFFFAOYSA-N
C8p_QI108__C36:3 DAG,
C8p_QI74__C18:0 CE,
HILp_QI20478__urobilin,DOKCNDVEPDZOJQ-RWPZCVJISA-N
C18n_QI70__carboxyibuprofen,
C18n_QI92__13-cis-retinoic acid,SHGAZHPCJJPHSC-XFYACQKRSA-N
HILp_QI578__proline,ONIBWKKTOPOVIA-BYPYZUCNSA-N
HILn_QI106__ribothymidine,
C18n_TF2__3-hydroxydecanoate,
HILn_QI101__proline,ONIBWKKTOPOVIA-BYPYZUCNSA-N
C18n_QI31__10-nonadecenoate,
HILp_QI1646__proline betaine,CMUNUTVVOOHQPW-LURJTMIESA-N
C8p_QI58__C20:0 SM,
HILp_QI14421__C18:1 LPC plasmalogen,
C8p_QI148__NH4_C49:1 TAG,
C8p_QI42__C36:1 PC plasmalogen,
HILn_QI28__alpha-ketoisovalerate,QHKABHOOEWYVLI-UHFFFAOYSA-N
C18n_QI68__azelate,BDJRBEYXGGNYIS-UHFFFAOYSA-N
HILp_TF40__imidazoleacetic acid,PRJKNHOMHKJCEJ-UHFFFAOYSA-N
C8p_QI155__C50:2 TAG,
C8p_QI118__C38:5 DAG,
C18n_QI48__lithocholate,SMEROWZSTRWXGI-HVATVPOCSA-N
HILn_QI54__fucose,SHZGCJCMOBCMKK-DHVFOXMCSA-N
HILp_TF57__tyrosine,OUYCCCASQSFEME-QMMMGPOBSA-N
C18n_QI19__hydroxymyristate,
HILp_QI1127__alloisoleucine,
HILn_QI78__lactose,GUBGYTABKSRVRQ-QKKXKWKRSA-N
C8p_QI122__NH4_C42:0 TAG,
C18n_QI09__heptanoate,MNWFXJYAOYHMED-UHFFFAOYSA-N
C8p_QI21__C32:1 PC,
C18n_QI21__palmitate,IPCSVZSSVZVIGE-UHFFFAOYSA-N
C18n_QI51__hyodeoxycholate/ursodeoxycholate,DGABKXLVXPYZII-SIBKNCMHSA-N
HILp_QI2874__gabapentin,
HILp_QI2014__N1-methyl-2-pyridone-5-carboxamide,JLQSXXWTCJPCBC-UHFFFAOYSA-N
HILp_QI3608__kynurenic acid,HCZHHEIFKROPDY-UHFFFAOYSA-N
HILp_QI7038__atenolol,AEQDBKHAAWUCMT-UHFFFAOYSA-N
C8p_QI52__C24:0 Ceramide (d18:1),
C8p_QI123__C44:2 TAG,
HILn_TF4__arginine,ODKSFYDXXFIFQN-BYPYZUCNSA-N
HILn_QI125__UMP,DJJCXFVJDGTHFX-XVFCMESISA-N
HILp_QI14033__C16:1 LPC,
C18n_TF6__2-hydroxyibuprofen,
HILp_QI7751__2'-O-methyladenosine,
HILp_QI5874__anserine,MYYIAHXIVFADCU-QMMMGPOBSA-N
HILp_QI1788__glutamine,ZDXPYRJPNDTMRX-VKHMYHEASA-N
HILn_TF2__alpha-glycerophosphate,AWUCVROLDVIAJX-GSVOUGTGSA-N
HILn_QI120__threonine,AYFVYJQAPQTCCC-GBXIJSLDSA-N
HILp_TF16__nicotinuric acid,ZBSGKPYXQINNGF-UHFFFAOYSA-N
C8p_QI178__C52:2 TAG,
C8p_QI197__C54:1 TAG,
C8p_QI188__NH4_C54:6 TAG,
HILn_QI16__4-methylcatechol,ZBCATMYQYDCTIZ-UHFFFAOYSA-N
C8p_QI95__C30:0 DAG,
HILn_QI111__shikimate,JXOHGGNKMLTUBP-HSUXUTPPSA-N
HILp_QI352__serine,MTCFGRXMJLQNBG-REOHCLBHSA-N
HILp_TF11__cytidine,UHDGCWIWMRVCDJ-XVFCMESISA-N
HILn_QI59__glutamate,WHUUTDBJXJRKMK-GSVOUGTGSA-N
C8p_QI164__NH4_C51:2 TAG,
C8p_QI212__cholesterol,HVYWMOMLDIMFJA-DPAQBDIFSA-N
HILn_QI107__saccharin,CVHZOJJKTDOEJC-UHFFFAOYSA-N
C8p_QI06__C18:1 LPC,
HILp_TF2__sphingosine-isomer1,WWUZIQQURGPMPG-KRWOKUGFSA-N
C8p_QI82__C22:6 CE,
C8p_QI176__C52:3 TAG,
HILp_QI1756__2-aminoheptanoic acid,SNDPXSYFESPGGJ-SCSAIBSYSA-N
C8p_QI194__NH4_C54:3 TAG,
HILp_QI8646__threosphingosine,
C18n_QI11__mandelate,IWYDHOAUDWTVEP-ZETCQYMHSA-N
C18n_QI37__eicosadienoate,XSXIVVZCUAHUJO-HZJYTTRNSA-N
C8p_QI05__C18:2 LPC,
HILn_TF12__N6-acetyllysine,DTERQYGMUDWYAZ-ZETCQYMHSA-N
C8p_QI04__C16:0 LPC,
C18n_QI4788__carnosol_isomer,
HILn_QI20__5-dodecenoate,
C8p_QI39__C36:5 PC plasmalogen,
C18n_QI12__3-hydroxyoctanoate,
C18n_QI50__deoxycholate,KXGVEGMKQFWNSR-LLQZFEROSA-N
HILp_QI7107__inosine,UGQMRVRMYYASKQ-KQYNXXCUSA-N
C8p_QI185__NH4_C53:3 TAG,
HILp_TF52__N1-acetylspermine,GUNURVWAJRRUAV-UHFFFAOYSA-N
C8p_QI187__C54:6 TAG,
C8p_QI89__C16:1 MAG,
HILp_QI11887__C16 carnitine,XOMRRQXKHMYMOC-OAQYLSRUSA-N
C8p_QI61__C24:1 SM,
C8p_QI115__NH4_C36:0 DAG,
HILn_QI128__uridine,DRTQHJPVMGBUCF-XVFCMESISA-N
C8p_QI92__NH4_C18:0 MAG,
C18n_QI77__4-hydroxystyrene,FUGYGGDSWSUORM-UHFFFAOYSA-N
HILp_QI2602__1-methylguanine,
HILp_QI2994__N-acetylaspartic acid,OTCCIMWXFLJLIA-BYPYZUCNSA-N
HILn_QI48__docosapentaenoate,
C18n_QI33__17-methylstearate,
HILp_QI12539__C18 carnitine,
C8p_QI111__NH4_C36:2 DAG,
C8p_QI196__NH4_C54:2 TAG,
C8p_QI62__C24:0 SM,
C8p_QI170__C52:6 TAG,
HILp_TF9__2-deoxyadenosine,OLXZPDWKRNYJJZ-RRKCRQDMSA-N
C8p_QI106__NH4_C34:1 DAG,
HILp_QI473__cytosine,OPTASPLRGRRNAP-UHFFFAOYSA-N
HILn_QI132__xylose,SRBFZHDQGSBBOR-IOVATXLUSA-N
C18n_QI57__glycodeoxycholate,WVULKSPCQVQLCU-BUXLTGKBSA-N
C18n_QI53__alpha-muricholate,DKPMWHFRUGMUKF-GDYCBZMLSA-N
HILp_TF44__histidinol,ZQISRDCJNBUVMM-YFKPBYRVSA-N
C8p_QI186__NH4_C53:2 TAG,
HILn_QI84__malate,BJEPYKJPYRNKOW-REOHCLBHSA-N
HILp_QI10472__21-deoxycortisol,LCZBQMKVFQNSJR-AVOSZYNGSA-N
C8p_QI51__C22:0 Ceramide (d18:1),
HILp_QI484__histamine,NTYJJOPFIAHURM-UHFFFAOYSA-N
C8p_QI146__C48:0 TAG,
C8p_QI198__C55:3 TAG,
HILp_QI1794__lysine,KDXKERNSBIXSRK-YFKPBYRVSA-N
HILp_QI1106__hydroxyproline,PMMYEEVYMWASQN-DMTCNVIQSA-N
C8p_QI20__C30:0 PC,
C18n_QI32__nonadecanoate,ISYWECDDZWTKFF-UHFFFAOYSA-N
C8p_QI195__C54:2 TAG,
HILp_QI1105__N-acetyalanine,
HILp_QI2850__metronidazole,VAOCPAMSLUNLGC-UHFFFAOYSA-N
C8p_QI207__C56:2 TAG,
C8p_QI99__NH4_C32:1 DAG,
HILp_TF47__homoarginine,QUOGESRFPZDMMT-YFKPBYRVSA-N
C8p_QI19__C22:0 LPE,
C8p_QI126__NH4_C44:1 TAG,
C8p_QI84__C22:5 CE,
HILp_QI12494__C18:1 carnitine,
HILp_QI1303__hypoxanthine,FDGQSTZJBFJUBT-UHFFFAOYSA-N
C8p_QI09__C20:4 LPC,
C8p_QI128__NH4_C44:0 TAG,
C8p_QI117__NH4_C36:4 DAG,
C8p_QI23__C34:3 PC,
C8p_QI10__C20:3 LPC,
C18n_QI36__eicosatrienoate,HOBAELRKJCKHQD-QNEBEIHSSA-N
HILn_QI25__alanine,QNAYBMKLOCPYGJ-REOHCLBHSA-N
HILn_QI85__malonate,OFOBLEOULBTSOW-UHFFFAOYSA-N
C8p_QI47__palmithoylethanolamide,HXYVTAGFYLMHSO-UHFFFAOYSA-N
HILp_QI522__creatinine,DDRJAANPRJIHGJ-UHFFFAOYSA-N
C18n_QI29__stearate,QIQXTHQIDYTFRH-UHFFFAOYSA-N
C8p_QI205__C56:3 TAG,
C8p_QI169__C52:7 TAG,
HILp_QI2162__histidine,HNDVDQJCIGZPNO-YFKPBYRVSA-N
C8p_QI140__C48:3 TAG,
C8p_QI97__NH4_C32:2 DAG,
C8p_QI55__C16:0 SM,
HILn_QI130__xanthine,LRFVTYWOQMYALW-UHFFFAOYSA-N
C8p_QI76__C20:5 CE,
C18n_QI20__palmitoleate,SECPZKHBENQXJG-FPLPWBNLSA-N
C8p_QI110__C36:2 DAG,
HILp_QI2979__arginine,ODKSFYDXXFIFQN-BYPYZUCNSA-N
HILp_QI13155__C16:0 LPE,
HILp_TF5__biotin,YBJHBAHKTGYVGT-ZKWXMUAHSA-N
HILn_QI38__caprylate,WWZKQHOCKIZLMA-UHFFFAOYSA-N
C8p_QI215__piperine,MXXWOMGUGJBKIW-YPCIICBESA-N
C18n_QI59__glycocholate,RFDAIACWWDREDC-FRVQLJSFSA-N
C18n_QI41__docosahexaenoate,MBMBGCFOFBJSGT-KUBAVDMBSA-N
C18n_QI64__tauro-alpha-muricholate/tauro-beta-muricholate,
C8p_QI162__NH4_C51:3 TAG,
HILn_QI30__ascorbate,LHFJOBMTAJJOTB-JLAZNSOCSA-N
HILn_QI9__3-hydroxymethylglutarate,NPOAOTPXWNWTSH-UHFFFAOYSA-N
HILp_TF38__aspartate,CKLJMWTZIZZHCS-REOHCLBHSA-N
HILp_QI615__betaine,KWIUHFFTVRNATP-UHFFFAOYSA-N
HILp_QI16955__C20:1 LPC,
"HILp_QI9142__N2,N2-dimethylguanosine",
HILn_QI121__thymine,RWQNBRDOKXIBIV-UHFFFAOYSA-N
C8p_QI16__C18:0 LPE,
HILn_QI24__adipate,WNLRTRBMVRJNCN-UHFFFAOYSA-N
HILp_QI1759__butyrobetaine,JHPNVNIEXXLNTR-UHFFFAOYSA-O
HILn_QI10__3-methyladipate/pimelate,
C8p_QI32__C38:6 PC,
C8p_QI131__NH4_C46:3 TAG,
HILn_QI119__tetrahydro-1-methyl-beta-carboline-3-carboxylate,
C8p_QI168__NH4_C51:0 TAG,
HILp_QI168__alanine,QNAYBMKLOCPYGJ-REOHCLBHSA-N
C8p_QI37__C34:2 PC plasmalogen,
C8p_QI130__C46:3 TAG,
HILp_TF22__N-acetylglutamine,
C18n_TF1__2-hydroxyoctanoate,
C18n_QI49__chenodeoxycholate,RUDATBOHQWOJDD-BSWAIDMHSA-N
HILn_QI95__pantothenate,GHOKWGTUZJEAQD-ZETCQYMHSA-N
HILn_QI126__uracil,ISAKRJDGNUQOIC-UHFFFAOYSA-N
HILn_TF7__diaminopimelate,GMKMEZVLHJARHF-WHFBIAKZSA-N
HILp_TF33__guanidoacetic acid,BPMFZUMJYQTVII-UHFFFAOYSA-N
HILp_QI1757__acetylcholine,OIPILFWXSMYKGL-UHFFFAOYSA-N
C18n_QI66__salicylate,YGSDEFSMJLZEOE-UHFFFAOYSA-N
HILp_QI11143__C14:1 carnitine,
C8p_QI141__NH4_C48:3 TAG,
C18n_QI65__taurocholate,FZLMIZAHBFKTSH-IECFWMJSSA-N
HILn_QI33__azelate,BDJRBEYXGGNYIS-UHFFFAOYSA-N
C18n_QI13__caprate,GHVNFZFCNZKVNT-UHFFFAOYSA-N
C8p_QI174__C52:4 TAG,
HILn_QI3__2-aminobutyrate,QWCKQJZIFLGMSD-VKHMYHEASA-N
HILn_QI70__hydrochlorothiazide,JZUFKLXOESDKRF-UHFFFAOYSA-N
C8p_QI73__NH4_C18:1 CE,
C18n_QI43__adrenate,TWSWSIQAPQLDBP-DOFZRALJSA-N
C8p_QI70__C18:2 CE,NAACPBBQTFFYQB-LJAITQKLSA-N
C8p_QI80__C20:3 CE,
HILp_QI1037__pipecolic acid,HXEACLLIILLPRG-YFKPBYRVSA-N
C8p_QI142__C48:2 TAG,
HILp_QI892__1-methylhistamine,FHQDWPCFSJMNCT-UHFFFAOYSA-N
HILp_TF41__N6-acetyllysine,DTERQYGMUDWYAZ-ZETCQYMHSA-N
HILp_QI331__choline,OEYIOHPDSNJKLS-UHFFFAOYSA-N
HILp_QI1144__N-carbamoyl-beta-alanine,JSJWCHRYRHKBBW-UHFFFAOYSA-N
C8p_QI67__NH4_C16:0 CE,
HILp_TF55__phenylalanine,COLNVLDHVKWLRT-QMMMGPOBSA-N
HILp_QI13031__C20:4 carnitine,
"HILp_QI3593__N6,N6,N6-trimethyllysine",MXNRLFUSFKVQSK-QMMMGPOBSA-N
HILn_QI61__glycerate,RBNPOMFGQQGHHO-UWTATZPHSA-N
C18n_QI17__myristoleate,YWWVWXASSLXJHU-WAYWQWQTSA-N
C8p_QI180__C52:1 TAG,
C18n_QI90__acesulfame,
HILp_TF43__ectoine,
C8p_QI86__C22:4 CE,
C8p_QI136__C46:0 TAG,
C8p_QI33__C38:4 PC,
C18n_QI16__undecanedionate,
C18n_QI14__indoleacetate,SEOVTRFCIGRIMH-UHFFFAOYSA-N
HILn_QI74__indole-3-propionate,
C8p_QI40__C36:4 PC plasmalogen,
HILn_QI45__cystine,LEVWYRKDKASIDU-IMJSIDKUSA-N
HILp_QI13472__C14:0 LPC,
C8p_QI206__NH4_C56:3 TAG,
HILn_QI36__butyrate,FERIUCNNQQJTOY-UHFFFAOYSA-N
HILn_QI108__salicylate,YGSDEFSMJLZEOE-UHFFFAOYSA-N
HILn_QI97__phenylacetate,WLJVXDMOQOGPHL-UHFFFAOYSA-N
HILp_QI29__glycine,DHMQDGOQFOQNFH-UHFFFAOYSA-N
HILn_QI11__3-methylglutaconate,
HILn_QI52__ethyl glucuronide,
HILn_TF13__oxalate,MUBZPKHOEPUJKR-UHFFFAOYSA-N
C8p_QI171__NH4_C52:6 TAG,
HILp_QI10949__cortisol,JYGXADMDTFJGBT-VWUMJDOOSA-N
HILp_QI1929__4-hydroxy-3-methylacetophenone,
C18n_QI85__phenyllactate,RKUNBYITZUJHSG-SPUOUPEWSA-N
C8p_QI150__NH4_C50:5 TAG,
C8p_QI87__NH4_C22:4 CE,
C18n_QI58__glycoursodeoxycholate,
C18n_QI52__ketodeoxycholate,RHCPKKNRWFXMAT-SQWYQQCBSA-N
HILp_QI3549__N1-acetylspermidine,MQTAVJHICJWXBR-UHFFFAOYSA-N
C8p_QI81__NH4_C20:3 CE,
HILn_QI93__orotate,PXQPEWDEAKTCGB-UHFFFAOYSA-N
HILp_TF3__sphingosine-isomer2,WWUZIQQURGPMPG-KRWOKUGFSA-N
HILn_QI124__tyrosine,OUYCCCASQSFEME-QMMMGPOBSA-N
C18n_QI26__alpha-linolenate,DTOSIQBPPRVQHS-PDBXOOCHSA-N
HILp_QI8054__diacetylspermine,NPDTUDWGJMBVEP-UHFFFAOYSA-N
C8p_QI36__C34:4 PC plasmalogen,
HILp_QI3716__hydroxycotinine,
C18n_QI06__12.13-diHOME,CQSLTKIXAJTQGA-FLIBITNWSA-N
C18n_TF4__pentadecanoate,WQEPLUUGTLDZJY-UHFFFAOYSA-N
C8p_QI163__C51:2 TAG,
HILn_QI79__leucine,ROHFNLRQFUQHCH-YFKPBYRVSA-N
HILp_QI418__4-aminophenol,PLIKAWJENQZMHA-UHFFFAOYSA-N
C8p_QI26__C34:0 PC,
HILp_TF26__beta-guanidinopropionic acid,KMXXSJLYVJEBHI-UHFFFAOYSA-N
C8p_QI214__beta-sitosterol,
HILp_QI12459__C18:2 carnitine,
C8p_QI13__C16:0 LPE,
HILn_QI18__4-pyridoxate,HXACOUQIXZGNBF-UHFFFAOYSA-N
C8p_QI161__C51:3 TAG,
C18n_QI81__crustecdysone,NKDFYOWSKOHCCO-KCJGERRASA-N
HILp_TF23__C18:1-OH carnitine,
C8p_QI116__C36:4 DAG,
HILp_QI8513__1-methylguanosine,
"HILp_QI2981__N6,N6-dimethyllysine",
C8p_QI201__C56:6 TAG,
HILn_QI13__4-hydroxybenzaldehyde,RGHHSNMVTDWUBI-UHFFFAOYSA-N
HILp_QI11212__C14 carnitine,
C8p_QI124__NH4_C44:2 TAG,
C8p_QI85__NH4_C22:5 CE,
C8p_QI133__NH4_C46:2 TAG,
HILn_TF1__2-aminoadipate,OYIFNHCXNCRBQI-BYPYZUCNSA-N
HILn_QI86__methionine,FFEARJCKVFRZRR-BYPYZUCNSA-N
HILp_QI3107__hippurate,QIAFMBKCNZACKA-UHFFFAOYSA-N
HILn_QI110__serine,MTCFGRXMJLQNBG-REOHCLBHSA-N
HILp_TF46__cadaverine,VHRGRCVQAFMJIZ-UHFFFAOYSA-N
HILn_QI17__4-nitrophenol,BTJIUGUIPKRLHP-UHFFFAOYSA-N
HILn_QI109__sebacate,CXMXRPHRNRROMY-UHFFFAOYSA-N
C18n_QI28__oleate,ZQPPMHVWECSIRJ-KTKRTIGZSA-N
C18n_QI25__2-hydroxyhexadecanoate,
HILn_QI51__erythronate,
HILn_QI41__cinnamoylglycine,
C8p_QI103__C34:2 DAG,
C18n_QI67__saccharin,CVHZOJJKTDOEJC-UHFFFAOYSA-N
C18n_QI47__masilinate,MDZKJHQSJHYOHJ-LLICELPBSA-N
C8p_QI152__NH4_C50:4 TAG,
C8p_QI182__C52:0 TAG,
HILn_QI23__adenine,GFFGJBXGBJISGV-UHFFFAOYSA-N
HILp_QI1038__N-methylproline,
C8p_QI15__C18:1 LPE,
C8p_QI63__C14:0 CE,
HILp_QI1048__metformin,XZWYZXLIPXDOLR-UHFFFAOYSA-N
HILp_QI3039__serotonin,QZAYGJVTTNCVMB-UHFFFAOYSA-N
C8p_QI68__C18:3 CE,
HILn_QI102__pseudouridine,PTJWIQPHWPFNBW-GBNDHIKLSA-N
C18n_QI89__nervonic acid,GWHCXVQVJPWHRF-KTKRTIGZSA-N
C8p_QI149__C50:5 TAG,
C8p_QI119__NH4_C38:5 DAG,
HILn_QI31__asparagine,DCXYFEDJOCDNAF-REOHCLBHSA-N
C8p_QI192__NH4_C54:4 TAG,
C8p_QI08__C20:5 LPC,
C8p_QI211__C58:10 TAG,
HILn_QI66__guanosine,NYHBQMYGNKIUIF-UUOKFMHZSA-N
HILn_QI71__hydrocinnamate,XMIIGOLPHOKFCH-UHFFFAOYSA-N
HILn_TF8__epiandrosterone,QGXBDMJGAMFCBF-LUJOEAJASA-N
HILn_QI73__imidazolelactate,
C8p_QI98__C32:1 DAG,
HILn_QI72__hypoxanthine,FDGQSTZJBFJUBT-UHFFFAOYSA-N
HILp_QI4241__C2 carnitine,RDHQFKQIGNGIED-MRVPVSSYSA-O
C18n_TF3__dodecanedioate,TVIDDXQYHWJXFK-UHFFFAOYSA-N
C18n_QI86__p-hydroxyphenylacetate,XQXPVVBIMDBYFF-UHFFFAOYSA-N
HILp_QI755__niacinamide,DFPAKSUCGFBDDF-UHFFFAOYSA-N
HILp_QI322__dimethylglycine,FFDGPVCHZBVARC-UHFFFAOYSA-N
HILn_TF10__indoxyl sulfate,
C8p_QI02__C14:0 LPC,
C8p_QI184__C53:3 TAG,
HILn_QI116__taurine,XOAAWQZATWQOTB-UHFFFAOYSA-N
HILp_QI23736__C14:0 SM,
HILn_QI69__homovanillate,QRMZSPFSDQBLIX-UHFFFAOYSA-N
C8p_QI35__C38:2 PC,
HILp_QI11066__C14:2 carnitine,
C8p_QI199__C55:2 TAG,
C8p_QI27__C36:4 PC-A,
HILn_QI112__sorbitol,FBPFZTCFMRRESA-JGWLITMVSA-N
C8p_QI43__C38:4 PC plasmalogen,
C8p_QI129__C45:0 TAG,
HILp_QI1890__methionine,FFEARJCKVFRZRR-BYPYZUCNSA-N
C8p_QI29__C36:3 PC,
HILp_QI19549__bilirubin,BPYKTIZUTYGOLE-IFADSCNNSA-N
C8p_QI75__NH4_C18:0 CE,
C8p_QI173__NH4_C52:5 TAG,
HILp_QI8757__C9 carnitine,
C18n_QI39__arachidate,VKOBVWXKNCXXDE-UHFFFAOYSA-N
HILp_QI9350__C10 carnitine,LZOSYCMHQXPBFU-OAHLLOKOSA-N
HILn_QI50__eicosapentaenoate,JAZBEHYOTPTENJ-JLNKQSITSA-N
C18n_QI62__taurodeoxycholate,AWDRATDZQPNJFN-GHMNEPPTSA-N
HILn_QI21__acesulfame,
HILp_QI1989__acetaminophen,RZVAJINKPMORJF-UHFFFAOYSA-N
HILp_TF27__N-acetylhistamine,XJWPISBUKWZALE-UHFFFAOYSA-N
HILp_QI19408__biliverdin,QBUVFDKTZJNUPP-BBROENKCSA-N
HILn_QI5__2-hydroxy-3-methylbutyrate,
HILn_QI44__corticosterone,OMFXVFTZEKFJBZ-HJTSIMOOSA-N
C18n_QI84__palmitoylethanolamide,HXYVTAGFYLMHSO-UHFFFAOYSA-N
C8p_QI181__NH4_C52:1 TAG,
HILn_QI77__lactate,JVTAAEKCZFNVCJ-REOHCLBHSA-N
HILn_TF6__dCMP,NCMVOABPESMRCP-SHYZEUOFSA-N
C8p_QI91__C18:0 MAG,
C8p_QI151__C50:4 TAG,
C8p_QI83__NH4_C22:6 CE,
C8p_QI166__NH4_C51:1 TAG,
HILn_QI92__norepinephrine,SFLSHLFXELFNJZ-QMMMGPOBSA-N
C8p_QI18__C20:0 LPE,
C8p_QI109__NH4_C36:3 DAG,
C8p_QI147__NH4_C48:0 TAG,
C8p_QI167__C51:0 TAG,
C8p_QI125__C44:1 TAG,
C18n_QI72__cetrizine,ZKLPARSLTMPFCP-UHFFFAOYSA-N
HILp_QI1093__N-acetylputrescine,KLZGKIDSEJWEDW-UHFFFAOYSA-N
C8p_QI14__C18:2 LPE,
C18n_QI73__olmesartan,
C8p_QI138__C48:4 TAG,
HILp_QI1508__imidazole propionate,ZCKYOWGFRHAZIQ-UHFFFAOYSA-N
HILp_QI9164__C10:2 carnitine,
C18n_TF8__porphobilinogen,QSHWIQZFGQKFMA-UHFFFAOYSA-N
HILp_TF17__C18:0 LPE-A,
C8p_QI208__NH4_C56:2 TAG,
HILp_TF48__ADMA/SDMA,YDGMGEXADBMOMJ-LURJTMIESA-N
C18n_QI71__hydrochlorothiazide,JZUFKLXOESDKRF-UHFFFAOYSA-N
HILp_QI6120__C5 carnitine,
HILn_QI40__cholate,BHQCQFFYRZLCQQ-OELDTZBJSA-N
HILn_QI98__phenylacetylglutamine,JFLIEFSWGNOPJJ-JTQLQIEISA-N
C8p_QI156__NH4_C50:2 TAG,
C18n_QI60__taurolithocholate,QBYUNVOYXHFVKC-GBURMNQMSA-N
C18n_QI27__linoleate,OYHQOLUKZRVURQ-HZJYTTRNSA-N
C18n_QI69__sebacate,CXMXRPHRNRROMY-UHFFFAOYSA-N
C8p_QI144__C48:1 TAG,
HILp_TF21__alpha-hydroxymetoprolol,
HILn_TF18__urate,LEHOTFFKMJEONL-UHFFFAOYSA-N
C8p_QI48__linoleoylethanolamide,
C8p_QI57__C18:0 SM,
HILp_TF39__C4 carnitine,QWYFHHGCZUCMBN-UHFFFAOYSA-N
C8p_QI46__sphingosine,WWUZIQQURGPMPG-KRWOKUGFSA-N
HILp_TF45__agmatine,QYPPJABKJHAVHS-UHFFFAOYSA-N
C18n_QI10__hydrocinnamate,XMIIGOLPHOKFCH-UHFFFAOYSA-N
HILp_QI1968__S-methylcysteine-S-oxide,
HILp_QI3629__homocitrulline,XIGSAGMEBXLVJJ-YFKPBYRVSA-N
HILp_TF24__C16-OH carnitine,
HILn_QI58__gentisate,WXTMDXOMEHJXQO-UHFFFAOYSA-N
HILn_QI47__dihydroorotate,UFIVEPVSAGBUSI-REOHCLBHSA-N
HILp_TF37__beta-alanine,UCMIRNVEIXFBKS-UHFFFAOYSA-N
HILn_QI42__citrate,KRKNYBCHXYNGOX-UHFFFAOYSA-N
C8p_QI153__C50:3 TAG,
C8p_QI200__C56:7 TAG,
C8p_QI113__NH4_C36:1 DAG,
HILp_QI9633__linoleoyl ethanolamide,
HILp_QI3040__cotinine,
C8p_QI12__C16:1 LPE,
HILp_QI2601__7-methylguanine,FZWGECJQACGGTI-UHFFFAOYSA-N
HILp_QI10330__C12 carnitine,
C8p_QI41__C36:2 PC plasmalogen,
C8p_QI34__C38:3 PC,
HILn_QI103__pyrocatechol,YCIMNLLNPGFGHC-UHFFFAOYSA-N
HILp_QI3588__NMMA,NTNWOCRCBQPEKQ-YFKPBYRVSA-N
HILp_QI10262__C12:1 carnitine,
C18n_TF5__theophylline,ZFXYFBGIUFBOJW-UHFFFAOYSA-N
C8p_QI45__C34:0 PE,
C18n_QI74__1.2.3.4-tetrahydro-beta-carboline-1.3-dicarboxylate,
C18n_QI83__oxypurinol,HXNFUBHNUDHIGC-UHFFFAOYSA-N
HILp_QI4902__pantothenate,GHOKWGTUZJEAQD-ZETCQYMHSA-N
HILn_QI91__nicotinate,PVNIIMVLHYAWGP-UHFFFAOYSA-N
HILp_QI7060__adenosine,OIRDTQYFTABQOQ-KQYNXXCUSA-N
HILp_QI7860__8-hydroxy-deoxyguanosine,
HILp_QI15372__C18:0 LPC,
C8p_QI56__C18:1 SM,
C18n_QI18__myristate,TUNFSRHWOTWDNC-UHFFFAOYSA-N
HILp_TF19__C22:6 LPE,
HILp_QI1169__ornithine,AHLPHDHHMVZTML-BYPYZUCNSA-N
C18n_QI42__docosapentaenoate,
HILp_TF7__pterin,HNXQXTQTPAJEJL-UHFFFAOYSA-N
HILp_QI3009__citrulline,RHGKLRLOHDJJDR-BYPYZUCNSA-N
HILp_QI13719__C16:1 LPC plasmalogen,
C8p_QI22__C32:0 PC,
HILp_TF58__valine,KZSNJWFQEVHDMF-BYPYZUCNSA-N
C8p_QI44__C32:0 PE,
HILp_QI15155__C18:1 LPC,
HILn_QI22__acetylalanine,
C8p_QI66__C16:0 CE,BBJQPKLGPMQWBU-JADYGXMDSA-N
C18n_QI79__alpha-CEHC,
C8p_QI204__NH4_C56:4 TAG,
HILp_TF35__C18:0 LPE-B,
C8p_QI190__NH4_C54:5 TAG,
C8p_QI203__C56:4 TAG,
C8p_QI77__NH4_C20:5 CE,
HILn_QI99__phenylalanine,RKUNBYITZUJHSG-SPUOUPEWSA-N
C18n_QI44__13-docosenoate,DPUOLQHDNGRHBS-KTKRTIGZSA-N
C8p_QI137__NH4_C46:0 TAG,
C8p_QI101__C34:3 DAG,
HILp_QI4793__N-alpha-acetylarginine,
C8p_QI175__NH4_C52:4 TAG,
HILn_QI57__gemfibrozil,HEMJJKBWTPKOJG-UHFFFAOYSA-N
C8p_QI28__C36:4 PC-B,
C8p_QI105__C34:1 DAG,YEJYLHKQOBOSCP-OZKTZCCCSA-N
HILp_QI8763__sphinganine,OTKJDMGTUTTYMP-ZWKOTPCHSA-N
C18n_QI15__dodecanoate,POULHZVOKOAJMA-UHFFFAOYSA-N
HILp_QI2793__3-methylhistidine,JDHILDINMRGULE-LURJTMIESA-N
C8p_QI79__NH4_C20:4 CE,
C18n_QI78__acetytyrosine,SKAWDTAMLOJQNK-LBPRGKRZSA-N
HILn_QI6__2-hydroxy-3-methylpentanoate,
HILp_TF15__pyridoxine,LXNHXLLTXMVWPM-UHFFFAOYSA-N
HILn_QI7__2-hydroxyglutarate,KPGXRSRHYNQIFN-UHFFFAOYSA-N
C8p_QI60__C22:0 SM,
HILp_TF13__phytosphingosine,AERBNCYCJBRYDG-KSZLIROESA-N
"HILp_TF50__N1,N12-diacetylspermine",NPDTUDWGJMBVEP-UHFFFAOYSA-N
C8p_QI50__C16:0 Ceramide (d18:1),
C8p_QI112__C36:1 DAG,
C8p_QI107__C34:0 DAG,
C8p_QI11__C22:6 LPC,
C18n_TF7__furosemide,ZZUFCTLCJUWOSV-UHFFFAOYSA-N
HILp_QI1750__4-guanidinobutanoic acid,TUHVEAJXIMEOSA-UHFFFAOYSA-N
HILp_TF8__3'-O-methyladenosine,
HILp_TF51__spermidine,ATHGHQPFGPMSJY-UHFFFAOYSA-N
HILn_QI90__N-acetylglutamate,RFMMMVDNIPUKGG-YFKPBYRVSA-N
C8p_QI104__NH4_C34:2 DAG,
HILp_QI4915__5-hydroxytryptophan,LDCYZAJDBXYCGN-VIFPVBQESA-N
HILp_TF34__5-aminolevulinic acid,ZGXJTSGNIOSYLO-UHFFFAOYSA-N
HILp_QI25304__C36:2 PC,
C8p_QI69__NH4_C18:3 CE,
C18n_QI46__oleanate,MIJYXULNPSFWEK-GTOFXWBISA-N
C8p_QI24__C34:2 PC,
HILn_QI53__fructose/glucose/galactose,WQZGKKKJIJFFOK-VFUOTHLCSA-N
C8p_QI93__C22:1 MAG,
HILp_QI163__putrescine,KIDHWZJUCRJVML-UHFFFAOYSA-N
C8p_QI134__C46:1 TAG,
C8p_QI94__NH4_C22:1 MAG,
HILn_QI65__guanine,UYTPUPDQBNUYGX-UHFFFAOYSA-N
HILn_QI105__riboflavin,AUNGANRZJHBGPY-SCRDCRAPSA-N
HILn_TF19__xanthurenate,FBZONXHGGPHHIY-UHFFFAOYSA-N
C8p_QI30__C36:2 PC,
C8p_QI158__NH4_C50:1 TAG,
HILn_TF14__pentose monophosphate,BGWGXPAPYGQALX-VRPWFDPXSA-N
C8p_QI17__C20:4 LPE,
HILn_TF5__citrulline,RHGKLRLOHDJJDR-BYPYZUCNSA-N
C8p_QI121__C42:0 TAG,
C8p_QI59__C22:1 SM,
HILp_QI2466__carnitine,PHIQHXFUZVPYII-ZCFIWIBFSA-N
HILn_QI76__inosine,UGQMRVRMYYASKQ-KQYNXXCUSA-N
C8p_QI145__NH4_C48:1 TAG,
HILp_QI1320__1-methylnicotinamide,LDHMAVIPBRSVRG-UHFFFAOYSA-O
C8p_QI96__C32:2 DAG,
C8p_QI49__C2 Ceramide (d18:1),
C8p_QI72__C18:1 CE,RJECHNNFRHZQKU-RMUVNZEASA-N
HILp_TF20__urobilin,DEEUSUJLZQQESV-RWPZCVJISA-N
C18n_QI30__hexadecanedioate,QQHJDPROMQRDLA-UHFFFAOYSA-N
HILp_QI9662__quinine,LOUPRKONTZGTKE-VOMFEXJBSA-N
C8p_QI191__C54:4 TAG,
HILp_QI24373__C16:0 SM,
C18n_QI88__urobilin,DEEUSUJLZQQESV-RWPZCVJISA-N
C18n_QI23__10-heptadecenoate,
HILn_TF17__tartarate,FEWJPZIEWOKRBE-JCYAYHJZSA-N
HILn_QI14__4-hydroxybenzeneacetonitrile,AYKYOOPFBCOXSL-UHFFFAOYSA-N
HILp_QI2598__methionine sulfoxide,QEFRNWWLZKMPFJ-YGVKFDHGSA-N
C8p_QI165__C51:1 TAG,
HILp_TF12__sphingosine-isomer3,WWUZIQQURGPMPG-KRWOKUGFSA-N
