,inchikey,hmdb,kegg,smiles
C01551_Allantoin,POJWUDADGALRAB-UHFFFAOYSA-N,HMDB0000462,C01551,C1(C(=O)NC(=O)N1)NC(=O)N
C01035_gamma-Guanidinobutyrate,TUHVEAJXIMEOSA-UHFFFAOYSA-N,HMDB0003464,C01035,C(CC(=O)O)CN=C(N)N
C00299_Uridine,DRTQHJPVMGBUCF-XVFCMESISA-N,HMDB0000296,C00299,C1=CN(C(=O)NC1=O)[C@H]2[C@@H]([C@@H]([C@H](O2)CO)O)O
C00879_Mucate,DSLZVSRJTYRBFB-DUHBMQHGSA-N,HMDB0000639,C00879,[C@@H]([C@@H]([C@H](C(=O)O)O)O)([C@@H](C(=O)O)O)O
C00647_Pyridoxamine 5'-phosphate,ZMJGSOSNSPKHNH-UHFFFAOYSA-N,HMDB0001555,C00647,CC1=NC=C(C(=C1O)CN)COP(=O)(O)O
C00881_2'-Deoxycytidine,CKTSBUTUHBMZGZ-SHYZEUOFSA-N,HMDB0000014,C00881,C1[C@@H]([C@H](O[C@H]1N2C=CC(=NC2=O)N)CO)O
C03570_Mannosamine,MSWZFWKMSRAUBD-CBPJZXOFSA-N,,C03570,C([C@@H]1[C@H]([C@@H]([C@@H](C(O1)O)N)O)O)O
C00407_Ile,AGPKZVBTJJNPAG-WHFBIAKZSA-N,HMDB0000172,C00407,CC[C@H](C)[C@@H](C(=O)O)N
C02378_6-Aminohexanoate,SLXKOJJOQWFEFD-UHFFFAOYSA-N,HMDB0001901,C02378,C(CCC(=O)O)CCN
C05771_Isopropanolamine,HXKKHQJGJAFBHI-UHFFFAOYSA-N,HMDB0012136,C05771,CC(CN)O
C00581_Guanidinoacetate,BPMFZUMJYQTVII-UHFFFAOYSA-N,HMDB0000128,C00581,C(C(=O)O)N=C(N)N
C01606_Phthalate,XNGIFLGASWRNHJ-UHFFFAOYSA-N,HMDB0002107,C01606,C1=CC=C(C(=C1)C(=O)O)C(=O)O
C00188_Thr,AYFVYJQAPQTCCC-GBXIJSLDSA-N,HMDB0000167,C00188,C[C@H]([C@@H](C(=O)O)N)O
C00073_Met,FFEARJCKVFRZRR-BYPYZUCNSA-N,HMDB0000696,C00073,CSCC[C@@H](C(=O)O)N
C00311_Isocitrate,ODBLHEXUDAPZAU-UHFFFAOYSA-N,HMDB0000193,C00311,C(C(C(C(=O)O)O)C(=O)O)C(=O)O
C00064_Gln,ZDXPYRJPNDTMRX-VKHMYHEASA-N,HMDB0000641,C00064,C(CC(=O)N)[C@@H](C(=O)O)N
C00253_Nicotinate,PVNIIMVLHYAWGP-UHFFFAOYSA-N,HMDB0001488,C00253,C1=CC(=CN=C1)C(=O)O
C05341_beta-Ala-Lys,PLDCWKCPEXNWJH-ZETCQYMHSA-N,HMDB0060442,C05341,C(CCN)C[C@@H](C(=O)O)NC(=O)CCN
C00380_Cytosine,OPTASPLRGRRNAP-UHFFFAOYSA-N,HMDB0000630,C00380,C1=C(NC(=O)N=C1)N
C02115_Alpha-Methylserine,CDUUKBXTEOFITR-SCSAIBSYSA-N,,C02115,C[C@@](CO)(C(=O)O)N
C00065_Ser,MTCFGRXMJLQNBG-REOHCLBHSA-N,HMDB0000187,C00065,C([C@@H](C(=O)O)N)O
C01620_Threonate,JPIJQSOTBSSVTP-STHAYSLISA-N,HMDB0000943,C01620,C([C@@H]([C@H](C(=O)O)O)O)O
C02155_Gly-Leu,DKEXFJVMVGETOO-LURJTMIESA-N,HMDB0000759,C02155,CC(C)C[C@@H](C(=O)O)NC(=O)CN
C01921_Glycocholate,RFDAIACWWDREDC-FRVQLJSFSA-N,HMDB0000138,C01921,C[C@H](CCC(=O)NCC(=O)O)[C@H]1CC[C@@H]2[C@@]1([C@H](C[C@H]3[C@H]2[C@@H](C[C@H]4[C@@]3(CC[C@H](C4)O)C)O)O)C
C00489_Glutarate,JFCQEDHGNNZCLN-UHFFFAOYSA-N,HMDB0000661,C00489,C(CC(=O)O)CC(=O)O
C05660_5-Methoxyindoleacetate,COCNDHOPIHDTHK-UHFFFAOYSA-N,HMDB0004096,C05660,COC1=CC2=C(C=C1)NC=C2CC(=O)O
C05145_3-Aminoisobutyrate,QCHPKSFMDHPSNR-UHFFFAOYSA-N,HMDB0003911,C05145,CC(CN)C(=O)O
C00055_CMP,IERHLVCPSMICTF-XVFCMESISA-N,HMDB0000095,C00055,C1=CN(C(=O)N=C1N)[C@H]2[C@@H]([C@@H]([C@H](O2)COP(=O)(O)O)O)O
C03139_Guanidinosuccinate,VVHOUVWJCQOYGG-REOHCLBHSA-N,HMDB0003157,C03139,C([C@@H](C(=O)O)N=C(N)N)C(=O)O
C08262_3-Methylbutanoate,GWYFCOCPABKNJV-UHFFFAOYSA-N,HMDB0000718,C08262,CC(C)CC(=O)O
C00296_Quinate,AAWZDTNXLSGCEK-WYWMIBKRSA-N,HMDB0003072,C00296,
-_2-Hydroxyisobutyrate,BWLBGMIXKSTLSX-UHFFFAOYSA-N,HMDB0000729,,CC(C)(C(=O)O)O
C00082_Tyr,OUYCCCASQSFEME-QMMMGPOBSA-N,HMDB0000158,C00082,C1=CC(=CC=C1C[C@@H](C(=O)O)N)O
C02713_N-Acetylmuramate,MNLRQHMNZILYPY-MKFCKLDKSA-N,HMDB0060493,C02713,C[C@H](C(=O)O)O[C@H]1[C@@H]([C@H](OC([C@@H]1NC(=O)C)O)CO)O
C00191_Glucuronate,AEMOLEFTQBMNLQ-AQKNRBDQSA-N,HMDB0000127,C00191,[C@@H]1([C@@H]([C@H](OC([C@@H]1O)O)C(=O)O)O)O
C01008_Trimethylsulfonium,NRZWQKGABZFFKE-UHFFFAOYSA-N,HMDB0012295,C01008,C[S+](C)C
C00024_Acetyl CoA,ZSLZBFCDCINBPY-ZSJPKINUSA-N,HMDB0001206,C00024,CC(=O)SCCNC(=O)CCNC(=O)[C@@H](C(C)(C)COP(=O)(O)OP(=O)(O)OC[C@@H]1[C@H]([C@H]([C@@H](O1)N2C=NC3=C(N=CN=C32)N)O)OP(=O)(O)O)O
C04137_Octopine,IMXSCCDUAFEIOE-GDVGLLTNSA-N,,C04137,CC(C(=O)O)N[C@@H](CCCN=C(N)N)C(=O)O
C00135_His,HNDVDQJCIGZPNO-YFKPBYRVSA-N,HMDB0000177,C00135,C1=C(NC=N1)C[C@@H](C(=O)O)N
C01073_N-Acetyl-beta-alanine,LJLLAWRMBZNPMO-UHFFFAOYSA-N,HMDB0061880,C01073,CC(=O)NCCC(=O)O
C00803_Pentanoate,NQPDZGIKBAWPEJ-UHFFFAOYSA-N,HMDB0000892,C00803,CCCCC(=O)O
C02567_N1-Acetylspermine,GUNURVWAJRRUAV-UHFFFAOYSA-N,HMDB0001186,C02567,CC(=O)NCCCNCCCCNCCCN
C00438_Carbamoylaspartate,HLKXYZVTANABHZ-REOHCLBHSA-N,HMDB0000828,C00438,C([C@@H](C(=O)O)NC(=O)N)C(=O)O
C00212_Adenosine,OIRDTQYFTABQOQ-KQYNXXCUSA-N,HMDB0000050,C00212,C1=NC(=C2C(=N1)N(C=N2)[C@H]3[C@@H]([C@@H]([C@H](O3)CO)O)O)N
-_SDMA,HVPFXCBJHIIJGS-LURJTMIESA-N,HMDB0003334,,CNC(=NC)NCCC[C@@H](C(=O)O)N
C01029_N8-Acetylspermidine,FONIWJIDLJEJTL-UHFFFAOYSA-N,HMDB0002189,C01029,CC(=O)NCCCCNCCCN
C00255_Riboflavin,AUNGANRZJHBGPY-SCRDCRAPSA-N,HMDB0000244,C00255,CC1=CC2=C(C=C1C)N(C3=NC(=O)NC(=O)C3=N2)C[C@@H]([C@@H]([C@@H](CO)O)O)O
C00956_alpha-Aminoadipate,OYIFNHCXNCRBQI-BYPYZUCNSA-N,HMDB0000510,C00956,C(C[C@@H](C(=O)O)N)CC(=O)O
C03592_5-Methyl-2'-deoxycytidine,LUCHPKXVUGJYGU-XLPZGREQSA-N,HMDB0002224,C03592,CC1=CN(C(=O)N=C1N)[C@H]2C[C@@H]([C@H](O2)CO)O
C04294_4-Methyl-5-thiazoleethanol,BKAWJIRCKVUVED-UHFFFAOYSA-N,HMDB0032985,C04294,CC1=C(SC=N1)CCO
C05635_5-Hydroxyindoleacetate,DUUGKQCEGZLZNO-UHFFFAOYSA-N,HMDB0000763,C05635,C1=CC2=C(C=C1O)C(=CN2)CC(=O)O
C01585_Hexanoate,FUZZWVXGSFPDMH-UHFFFAOYSA-N,HMDB0000535,C01585,CCCCCC(=O)O
C01089_3-Hydroxybutyrate,WHBMMWSBFZVSSR-GSVOUGTGSA-N,HMDB0000357,C01089,C[C@H](CC(=O)O)O
C01425_Glu-Glu,KOSRFJWDECSPRO-WDSKDSINSA-N,HMDB0028818,C01425,C(CC(=O)O)[C@@H](C(=O)N[C@@H](CCC(=O)O)C(=O)O)N
C06103_6-Hydroxyhexanoate,IWHLYPDWHHPVAA-UHFFFAOYSA-N,HMDB0012843,C06103,C(CCC(=O)O)CCO
C05598_Phenaceturate,UTYVDVLMYQPLQB-UHFFFAOYSA-N,HMDB0000821,C05598,C1=CC=C(C=C1)CC(=O)NCC(=O)O
C05123_Isethionate,SUMDYPCJJOFFON-UHFFFAOYSA-N,HMDB0003903,C05123,C(CS(=O)(=O)O)O
C00153_Nicotinamide,DFPAKSUCGFBDDF-UHFFFAOYSA-N,HMDB0001406,C00153,C1=CC(=CN=C1)C(=O)N
"C11003_2,4-Dimethylaniline",CZZZABOKJQXEBO-UHFFFAOYSA-N,,C11003,CC1=CC(=C(C=C1)N)C
C00318_Carnitine,PHIQHXFUZVPYII-ZCFIWIBFSA-N,HMDB0000062,C00318,C[N+](C)(C)C[C@@H](CC(=O)[O-])O
"C00134_Putrescine(1,4-Butanediamine)",KIDHWZJUCRJVML-UHFFFAOYSA-N,HMDB0001414,C00134,C(CCN)CN
C01744_3-(4-Hydroxyphenyl)propionate,NMHMNPHRMNGLLB-UHFFFAOYSA-N,HMDB0002199,C01744,C1=CC(=CC=C1CCC(=O)O)O
C00049_Asp,CKLJMWTZIZZHCS-REOHCLBHSA-N,HMDB0000191,C00049,C([C@@H](C(=O)O)N)C(=O)O
C00534_Pyridoxamine,NHZMQXZHNVQTQA-UHFFFAOYSA-N,HMDB0001431,C00534,CC1=NC=C(C(=C1O)CN)CO
C08277_Sebacate,CXMXRPHRNRROMY-UHFFFAOYSA-N,HMDB0000792,C08277,C(CCCCC(=O)O)CCCC(=O)O
C00440_5-Methyltetrahydrofolate,ZNOVTXRBGFNYRX-ABLWVSNPSA-N,HMDB0001396,C00440,CN1C(CNC2=C1C(=O)N=C(N2)N)CNC3=CC=C(C=C3)C(=O)N[C@@H](CCC(=O)O)C(=O)O
C08261_Azelate,BDJRBEYXGGNYIS-UHFFFAOYSA-N,HMDB0000784,C08261,C(CCCC(=O)O)CCCC(=O)O
C00449_Saccharopine,ZDGJAHTZVHVLOT-YUMQZZPRSA-N,HMDB0000279,C00449,C(CCN[C@@H](CCC(=O)O)C(=O)O)C[C@@H](C(=O)O)N
"C03413_N1,N12-Diacetylspermine",NPDTUDWGJMBVEP-UHFFFAOYSA-N,HMDB0002172,C03413,CC(=O)NCCCNCCCCNCCCNC(=O)C
C01601_Pelargonate,FBUKVWPVBMHYJY-UHFFFAOYSA-N,HMDB0000847,C01601,CCCCCCCCC(=O)O
C00637_Indole-3-acetaldehyde,WHOOUMGHGSPMGR-UHFFFAOYSA-N,HMDB0001190,C00637,C1=CC=C2C(=C1)C(=CN2)CC=O
C00294_Inosine,UGQMRVRMYYASKQ-KQYNXXCUSA-N,HMDB0000195,C00294,C1=NC(=O)C2=C(N1)N(C=N2)[C@H]3[C@@H]([C@@H]([C@H](O3)CO)O)O
C00029_UDP-glucose,HSCJRCZFDFQWRP-JZMIEXBBSA-N,HMDB0000286,C00029,C1=CN(C(=O)NC1=O)[C@H]2[C@@H]([C@@H]([C@H](O2)COP(=O)(O)OP(=O)(O)O[C@@H]3[C@@H]([C@H]([C@@H]([C@H](O3)CO)O)O)O)O)O
-_2-Hydroxypentanoate,JRHWHSJDIILJAT-UHFFFAOYSA-N,HMDB0001863,,CCCC(C(=O)O)O
C03626_ADMA,YDGMGEXADBMOMJ-LURJTMIESA-N,HMDB0001539,C03626,CN(C)C(=NCCC[C@@H](C(=O)O)N)N
C00263_Homoserine,UKAUYVFTDYCKQA-VKHMYHEASA-N,HMDB0000719,C00263,C(CO)[C@@H](C(=O)O)N
C00078_Trp,QIVBCDIJIAJPQS-VIFPVBQESA-N,HMDB0000929,C00078,C1=CC=C2C(=C1)C(=CN2)C[C@@H](C(=O)O)N
C01152_3-Methylhistidine,JDHILDINMRGULE-LURJTMIESA-N,HMDB0000479,C01152,CN1C=NC=C1C[C@@H](C(=O)O)N
C00576_Betaine aldehyde,SXKNCCSPZDCRFD-UHFFFAOYSA-N,HMDB0001252,C00576,C[N+](C)(C)CC=O
C01081_Thiamine monophosphate,HZSAJDVWZRBGIF-UHFFFAOYSA-O,HMDB0002666,C01081,CC1=C(SC=[N+]1CC2=CN=C(N=C2N)C)CCOP(=O)(O)O
C02714_N-Acetylputrescine,KLZGKIDSEJWEDW-UHFFFAOYSA-N,HMDB0002064,C02714,CC(=O)NCCCCN
C00262_Hypoxanthine,FDGQSTZJBFJUBT-UHFFFAOYSA-N,HMDB0000157,C00262,C1=NC2=C(N1)C(=O)N=CN2
C01042_N-Acetylaspartate,OTCCIMWXFLJLIA-BYPYZUCNSA-N,HMDB0000812,C01042,CC(=O)N[C@@H](CC(=O)O)C(=O)O
C17714_Heptanoate,MNWFXJYAOYHMED-UHFFFAOYSA-N,HMDB0000666,C17714,CCCCCCC(=O)O
C00408_Pipecolate,HXEACLLIILLPRG-YFKPBYRVSA-N,HMDB0000070,C00408,C1CCN[C@@H](C1)C(=O)O
C01996_Acetylcholine,OIPILFWXSMYKGL-UHFFFAOYSA-N,HMDB0000895,C01996,CC(=O)OCC[N+](C)(C)C
C00719_Betaine,KWIUHFFTVRNATP-UHFFFAOYSA-N,HMDB0000043,C00719,C[N+](C)(C)CC(=O)[O-]
C02494_1-Methyladenosine,GFYLSDSUCHVORB-IOSLPCCCSA-N,HMDB0003331,C02494,CN1C=NC2=C(C1=N)N=CN2[C@H]3[C@@H]([C@@H]([C@H](O3)CO)O)O
C00378_Thiamine,JZRWCGZRTZMZEH-UHFFFAOYSA-N,HMDB0000235,C00378,CC1=C(SC=[N+]1CC2=CN=C(N=C2N)C)CCO
C00954_Indole-3-acetate,SEOVTRFCIGRIMH-UHFFFAOYSA-N,HMDB0000197,C00954,C1=CC=C2C(=C1)C(=CN2)CC(=O)O
C06337_Terephthalate,KKEYFWRCBNTPAC-UHFFFAOYSA-N,HMDB0061917,C06337,C1=CC(=CC=C1C(=O)O)C(=O)O
C00114_Choline,OEYIOHPDSNJKLS-UHFFFAOYSA-N,HMDB0000097,C00114,C[N+](C)(C)CCO
C01234_1-Aminocyclopropane-1-carboxylate,PAJPWUMXBYXFCZ-UHFFFAOYSA-N,HMDB0036458,C01234,C1CC1(C(=O)O)N
C00955_Indole-3-ethanol,MBBOMCVGYCRMEA-UHFFFAOYSA-N,HMDB0003447,C00955,C1=CC=C2C(=C1)C(=CN2)CCO
C00042_Succinate,KDYFGRWQOYBRFD-UHFFFAOYSA-N,HMDB0000254,C00042,C(CC(=O)O)C(=O)O
C00864_Pantothenate,GHOKWGTUZJEAQD-ZETCQYMHSA-N,HMDB0000210,C00864,CC(C)(CO)[C@H](C(=O)NCCC(=O)O)O
C02567_N1-Acetylspermine_div,GUNURVWAJRRUAV-UHFFFAOYSA-N,HMDB0001186,C02567,CC(=O)NCCCNCCCCNCCCN
C00383_Malonate,OFOBLEOULBTSOW-UHFFFAOYSA-N,,C00383,C(C(=O)O)C(=O)O
C07044_Hydroxyurea,VSNHCAURESNICA-UHFFFAOYSA-N,HMDB0015140,C07044,C(=O)(N)NO
C00079_Phe,COLNVLDHVKWLRT-QMMMGPOBSA-N,HMDB0000159,C00079,C1=CC=C(C=C1)C[C@@H](C(=O)O)N
C00043_UDP-N-acetylglucosamine,LFTYTUAZOPRMMI-CFRASDGPSA-N,HMDB0000290,C00043,CC(=O)N[C@@H]1[C@H]([C@@H]([C@H](O[C@@H]1OP(=O)(O)OP(=O)(O)OC[C@@H]2[C@H]([C@H]([C@@H](O2)N3C=CC(=O)NC3=O)O)O)CO)O)O
C02504_2-Isopropylmalate,BITYXLXUCSKTJS-ZETCQYMHSA-N,HMDB0000402,C02504,CC(C)[C@@](CC(=O)O)(C(=O)O)O
C01586_Hippurate,QIAFMBKCNZACKA-UHFFFAOYSA-N,HMDB0000714,C01586,C1=CC=C(C=C1)C(=O)NCC(=O)O
C02630_2-Hydroxyglutarate,HWXBTNAVRSUOJR-UHFFFAOYSA-N,HMDB0059655,C02630,C(CC(=O)O)C(C(=O)O)O
C02835_Imidazole-4-acetate,PRJKNHOMHKJCEJ-UHFFFAOYSA-N,HMDB0002024,C02835,C1=C(NC=N1)CC(=O)O
C00008_ADP,XTWYTFMLZFPYCI-KQYNXXCUSA-N,HMDB0001341,C00008,C1=NC(=C2C(=N1)N(C=N2)[C@H]3[C@@H]([C@@H]([C@H](O3)COP(=O)(O)OP(=O)(O)O)O)O)N
C01047_N-gamma-Ethylglutamine,DATAGRPVKZEWHA-YFKPBYRVSA-N,HMDB0034365,C01047,CCNC(=O)CC[C@@H](C(=O)O)N
C03406_Argininosuccinate,KDZOASGQNOPSCU-WDSKDSINSA-N,HMDB0000052,C03406,C(C[C@@H](C(=O)O)N)CN=C(N)N[C@@H](CC(=O)O)C(=O)O
C02571_o-Acetylcarnitine,RDHQFKQIGNGIED-MRVPVSSYSA-O,HMDB0000201,C02571,CC(=O)O[C@H](CC(=O)O)C[N+](C)(C)C
C02721_N-Methylalanine,GDFAOVXKHJXLEI-VKHMYHEASA-N,HMDB0094692,C02721,C[C@@H](C(=O)O)NC
C00214_Thymidine,IQFYYKKMVGJFEH-XLPZGREQSA-N,HMDB0000273,C00214,CC1=CN(C(=O)NC1=O)[C@H]2C[C@@H]([C@H](O2)CO)O
C01104_Trimethylamine N-oxide,UYPYRKYUKCHHIB-UHFFFAOYSA-N,HMDB0000925,C01104,C[N+](C)(C)[O-]
C04548_Synephrine,YRCWQPVGYLYSOX-UHFFFAOYSA-N,HMDB0004826,C04548,CNCC(C1=CC=C(C=C1)O)O
C00364_dTMP,GYOZYWVXFNDGLU-XLPZGREQSA-N,HMDB0001227,C00364,CC1=CN(C(=O)NC1=O)[C@H]2C[C@@H]([C@H](O2)COP(=O)(O)O)O
C04483_DCA,KXGVEGMKQFWNSR-LLQZFEROSA-N,HMDB0000626,C04483,C[C@H](CCC(=O)O)[C@H]1CC[C@@H]2[C@@]1([C@H](C[C@H]3[C@H]2CC[C@H]4[C@@]3(CC[C@H](C4)O)C)O)C
C05135_4-(beta-Acetylaminoethyl)imidazole,XJWPISBUKWZALE-UHFFFAOYSA-N,HMDB0013253,C05135,CC(=O)NCCC1=CN=CN1
C02614_Citramalate,XFTRTWQBIOMVPK-YFKPBYRVSA-N,HMDB0000426,C02614,C[C@](CC(=O)O)(C(=O)O)O
-_N-Acetylvaline,IHYJTAOFMMMOPX-UHFFFAOYSA-N,HMDB0011757,,CC(C)C(C(=O)O)NC(=O)C
C02712_N-Acetylmethionine,XUYPXLNMDZIRQH-LURJTMIESA-N,HMDB0011745,C02712,CC(=O)N[C@@H](CCSC)C(=O)O
C02997_N-Acetylhistidine,KBOJOGQFRVVWBH-ZETCQYMHSA-N,HMDB0032055,C02997,CC(=O)N[C@@H](CC1=CN=CN1)C(=O)O
C00430_5-Aminolevulinate,ZGXJTSGNIOSYLO-UHFFFAOYSA-N,HMDB0001149,C00430,C(CC(=O)O)C(=O)CN
C00019_SAM+,MEFKEPWMEQBLKI-AIRLBKTGSA-N,HMDB0001185,C00019,C[S+](CC[C@@H](C(=O)[O-])N)C[C@@H]1[C@H]([C@H]([C@@H](O1)N2C=NC3=C(N=CN=C32)N)O)O
C00491_Cystine,LEVWYRKDKASIDU-IMJSIDKUSA-N,HMDB0000192,C00491,C([C@@H](C(=O)O)N)SSC[C@@H](C(=O)O)N
C01015_Hydroxyproline,PMMYEEVYMWASQN-IMJSIDKUSA-N,HMDB0240251,C01015,C1[C@@H](CN[C@@H]1C(=O)O)O
C01181_gamma-Butyrobetaine,JHPNVNIEXXLNTR-UHFFFAOYSA-O,HMDB0001161,C01181,C[N+](C)(C)CCCC(=O)O
C00388_Histamine,NTYJJOPFIAHURM-UHFFFAOYSA-N,HMDB0000870,C00388,C1=C(NC=N1)CCN
C05127_1-Methylhistamine,FHQDWPCFSJMNCT-UHFFFAOYSA-N,HMDB0000898,C05127,CN1C=C(N=C1)CCN
C00178_Thymine,RWQNBRDOKXIBIV-UHFFFAOYSA-N,HMDB0000262,C00178,CC1=CNC(=O)NC1=O
C00847_4-Pyridoxate,HXACOUQIXZGNBF-UHFFFAOYSA-N,HMDB0000017,C00847,CC1=NC=C(C(=C1O)C(=O)O)CO
C02037_Gly-Gly,YMAWOPBAYDPSLA-UHFFFAOYSA-N,HMDB0011733,C02037,C(C(=O)NCC(=O)O)N
C06423_Octanoate,WWZKQHOCKIZLMA-UHFFFAOYSA-N,HMDB0000482,C06423,CCCCCCCC(=O)O
C00003_NAD+,BAWFJGJZGIEFAR-NNYOXOHSSA-O,HMDB0000902,C00003,C1=CC(=C[N+](=C1)[C@H]2[C@@H]([C@@H]([C@H](O2)COP(=O)(O)OP(=O)(O)OC[C@@H]3[C@H]([C@H]([C@@H](O3)N4C=NC5=C(N=CN=C54)N)O)O)O)O)C(=O)N
C00386_Carnosine,CQOVPNPJLQNMDC-ZETCQYMHSA-N,HMDB0000033,C00386,C1=C(NC=N1)C[C@@H](C(=O)O)NC(=O)CCN
"C03283_2,4-Diaminobutyrate",OGNSCSPNOLGXSM-VKHMYHEASA-N,HMDB0002362,C03283,C(CN)[C@@H](C(=O)O)N
C05332_Phenethylamine,BHHGXPLMPWCGHP-UHFFFAOYSA-N,HMDB0012275,C05332,C1=CC=C(C=C1)CCN
C01020_6-Hydroxynicotinate,BLHCMGRVFXRYRN-UHFFFAOYSA-N,HMDB0002658,C01020,C1=CC(=O)NC=C1C(=O)O
C00242_Guanine,UYTPUPDQBNUYGX-UHFFFAOYSA-N,HMDB0000132,C00242,C1=NC2=C(N1)C(=O)N=C(N2)N
C00387_Guanosine,NYHBQMYGNKIUIF-UUOKFMHZSA-N,HMDB0000133,C00387,C1=NC2=C(N1[C@H]3[C@@H]([C@@H]([C@H](O3)CO)O)O)NC(=NC2=O)N
C00213_Sarcosine,FSYKKLYZXJSNPZ-UHFFFAOYSA-N,HMDB0000271,C00213,CNCC(=O)O
C00015_UDP,XCCTYIAWTASOJW-XVFCMESISA-N,HMDB0000295,C00015,C1=CN(C(=O)NC1=O)[C@H]2[C@@H]([C@@H]([C@H](O2)COP(=O)(O)OP(=O)(O)O)O)O
C01736_Purine riboside,MRWXACSTFXYYMV-FDDDBJFASA-N,HMDB0029956,C01736,C1=C2C(=NC=N1)N(C=N2)[C@H]3[C@@H]([C@@H]([C@H](O3)CO)O)O
C00624_N-Acetylglutamate,RFMMMVDNIPUKGG-YFKPBYRVSA-N,HMDB0001138,C00624,CC(=O)N[C@@H](CCC(=O)O)C(=O)O
C00186_Lactate,JVTAAEKCZFNVCJ-REOHCLBHSA-N,HMDB0000190,C00186,C[C@@H](C(=O)O)O
C02693_Indole-3-acetamide,ZOAMBXDOGPRZLP-UHFFFAOYSA-N,HMDB0029739,C02693,C1=CC=C2C(=C1)C(=CN2)CC(=O)N
-_2-Hydroxyoctanoate,JKRDADVRIYVCCY-UHFFFAOYSA-N,HMDB0000711,,CCCCCCC(C(=O)O)O
C00493_Shikimate,JXOHGGNKMLTUBP-HSUXUTPPSA-N,HMDB0003070,C00493,C1[C@H]([C@@H]([C@@H](C=C1C(=O)O)O)O)O
C00092_G6P,NBSCHQHZLSJFNQ-GASJEMHNSA-N,HMDB0001401,C00092,C([C@@H]1[C@H]([C@@H]([C@H](C(O1)O)O)O)O)OP(=O)(O)O
C02679_Dodecanoate,POULHZVOKOAJMA-UHFFFAOYSA-N,HMDB0000638,C02679,CCCCCCCCCCCC(=O)O
C00568_p-Aminobenzoate,ALYNCZNDIQEVRV-UHFFFAOYSA-N,HMDB0001392,C00568,C1=CC(=CC=C1C(=O)O)N
C00483_Tyramine,DZGWFCGJZKJUFP-UHFFFAOYSA-N,HMDB0000306,C00483,C1=CC(=CC=C1CCN)O
C01118_o-Succinylhomoserine,GNISQJGXJIDKDJ-YFKPBYRVSA-N,,C01118,C(COC(=O)CCC(=O)O)[C@@H](C(=O)O)N
C05984_2-Hydroxybutyrate,AFENDNXGAFYKQO-VKHMYHEASA-N,HMDB0000008,C05984,CC[C@@H](C(=O)O)O
C11284_3-Indolebutyrate,JTEDVYBZBROSJT-UHFFFAOYSA-N,HMDB0002096,C11284,C1=CC=C2C(=C1)C(=CN2)CCCC(=O)O
C00630_Isobutyryl CoA,AEWHYWSPVRZHCT-NDZSKPAWSA-N,HMDB0001243,C00630,CC(C)C(=O)SCCNC(=O)CCNC(=O)[C@@H](C(C)(C)COP(=O)(O)OP(=O)(O)OC[C@@H]1[C@H]([C@H]([C@@H](O1)N2C=NC3=C(N=CN=C32)N)O)OP(=O)(O)O)O
C01046_N-Methylglutamate,XLBVNMSMFQMKEY-BYPYZUCNSA-N,HMDB0062660,C01046,CN[C@@H](CCC(=O)O)C(=O)O
C00431_5-Aminovalerate,JJMDCOVWQOJGCB-UHFFFAOYSA-N,HMDB0003355,C00431,C(CCN)CC(=O)O
"C00628_2,5-Dihydroxybenzoate",WXTMDXOMEHJXQO-UHFFFAOYSA-N,HMDB0000152,C00628,C1=CC(=C(C=C1O)C(=O)O)O
C00366_Urate,LEHOTFFKMJEONL-UHFFFAOYSA-N,HMDB0000289,C00366,C12=C(NC(=O)N1)NC(=O)NC2=O
C00163_Propionate,XBDQKXXYIPTUBI-UHFFFAOYSA-N,HMDB0000237,C00163,CCC(=O)O
C00327_Citrulline,RHGKLRLOHDJJDR-BYPYZUCNSA-N,HMDB0000904,C00327,C(C[C@@H](C(=O)O)N)CNC(=O)N
C00398_Tryptamine,APJYDQYYACXCRM-UHFFFAOYSA-N,HMDB0000303,C00398,C1=CC=C2C(=C1)C(=CN2)CCN
C06772_Diethanolamine,ZBCBWPMODOFKDW-UHFFFAOYSA-N,HMDB0004437,C06772,C(CO)NCCO
C00062_Arg,ODKSFYDXXFIFQN-BYPYZUCNSA-N,HMDB0000517,C00062,C(C[C@@H](C(=O)O)N)CN=C(N)N
"C00986_1,3-Diaminopropane",XFNJVJPLKCPIBV-UHFFFAOYSA-N,HMDB0000002,C00986,C(CN)CN
C01879_5-Oxoproline,ODHCTXKNWHHXJC-VKHMYHEASA-N,HMDB0000267,C01879,C1CC(=O)N[C@@H]1C(=O)O
C03172_S-Methylmethionine,YDBYJHTYSHBBAU-YFKPBYRVSA-O,HMDB0038670,C03172,C[S+](C)CC[C@@H](C(=O)O)N
"C01026_N,N-Dimethylglycine",FFDGPVCHZBVARC-UHFFFAOYSA-N,HMDB0000092,C01026,CN(C)CC(=O)O
C00642_p-Hydroxyphenylacetate,XQXPVVBIMDBYFF-UHFFFAOYSA-N,HMDB0000020,C00642,C1=CC(=CC=C1CC(=O)O)O
C00315_Spermidine,ATHGHQPFGPMSJY-UHFFFAOYSA-N,HMDB0001257,C00315,C(CCNCCCN)CN
C00429_Dihydrouracil,OIVLITBTBDPEFK-UHFFFAOYSA-N,HMDB0000076,C00429,C1CNC(=O)NC1=O
C01571_Decanoate,GHVNFZFCNZKVNT-UHFFFAOYSA-N,HMDB0000511,C01571,CCCCCCCCCC(=O)O
C01672_Cadaverine,VHRGRCVQAFMJIZ-UHFFFAOYSA-N,HMDB0002322,C01672,C(CCN)CCN
C06524_Nornicotine,MYKUKUCHPMASKF-UHFFFAOYSA-N,HMDB0001126,C06524,C1CC(NC1)C2=CN=CC=C2
"-_N1,N8-Diacetylspermidine",BKCVMAZDKFQPHB-UHFFFAOYSA-N,HMDB0041947,,CC(=O)NCCCCNCCCNC(=O)C
C00300_Creatine,CVSVTCORWBXHQV-UHFFFAOYSA-N,HMDB0000064,C00300,CN(CC(=O)O)C(=N)N
C11118_1-Methyl-2-pyrrolidinone,SECXISVLQFMRJM-UHFFFAOYSA-N,HMDB0002039,C11118,CN1CCCC1=O
"C04259_N-alpha,N-alpha-Dimethylhistidine",IMOBSLOLPCWZKQ-ZETCQYMHSA-N,,C04259,CN(C)[C@@H](CC1=CN=CN1)C(=O)O
C00695_Cholate,BHQCQFFYRZLCQQ-OELDTZBJSA-N,HMDB0000619,C00695,C[C@H](CCC(=O)O)[C@H]1CC[C@@H]2[C@@]1([C@H](C[C@H]3[C@H]2[C@@H](C[C@H]4[C@@]3(CC[C@H](C4)O)C)O)O)C
C00334_GABA,BTCSSZJGUNDROE-UHFFFAOYSA-N,HMDB0000112,C00334,C(CC(=O)O)CN
C00106_Uracil,ISAKRJDGNUQOIC-UHFFFAOYSA-N,HMDB0000300,C00106,C1=CNC(=O)NC1=O
C00791_Creatinine,DDRJAANPRJIHGJ-UHFFFAOYSA-N,HMDB0000562,C00791,CN1CC(=O)N=C1N
C00588_Phosphorylcholine,YHHSONZFOIEMCP-UHFFFAOYSA-O,HMDB0001565,C00588,C[N+](C)(C)CCOP(=O)(O)O
C00245_Taurine,XOAAWQZATWQOTB-UHFFFAOYSA-N,HMDB0000251,C00245,C(CS(=O)(=O)O)N
C00423_trans-Cinnamate,WBYWAXJHAXSJNI-VOTSOKGWSA-N,,C00423,C1=CC=C(C=C1)/C=C/C(=O)O
C00099_beta-Ala,UCMIRNVEIXFBKS-UHFFFAOYSA-N,HMDB0000056,C00099,C(CN)C(=O)O
C02989_Methionine sulfoxide,QEFRNWWLZKMPFJ-YGVKFDHGSA-N,HMDB0002005,C02989,CS(=O)CC[C@@H](C(=O)O)N
C03761_3-Hydroxy-3-methylglutarate,NPOAOTPXWNWTSH-UHFFFAOYSA-N,HMDB0000355,C03761,CC(CC(=O)O)(CC(=O)O)O
C00140_N-Acetylglucosamine,OVRNDRQMDRJTHS-RTRLPJTCSA-N,HMDB0000215,C00140,CC(=O)N[C@@H]1[C@H]([C@@H]([C@H](OC1O)CO)O)O
C01262_Anserine,MYYIAHXIVFADCU-QMMMGPOBSA-N,HMDB0000194,C01262,CN1C=NC=C1C[C@@H](C(=O)O)NC(=O)CCN
C00475_Cytidine,UHDGCWIWMRVCDJ-XVFCMESISA-N,HMDB0000089,C00475,C1=CN(C(=O)N=C1N)[C@H]2[C@@H]([C@@H]([C@H](O2)CO)O)O
C00417_cis-Aconitate,GTZCVFVGUGFEME-IWQZZHSRSA-N,HMDB0000072,C00417,C(/C(=C/C(=O)O)/C(=O)O)C(=O)O
C02727_N-epsilon-Acetyllysine,DTERQYGMUDWYAZ-ZETCQYMHSA-N,HMDB0000206,C02727,CC(=O)NCCCC[C@@H](C(=O)O)N
C03519_N-Acetylphenylalanine,CBQJSKKFNMDLON-JTQLQIEISA-N,HMDB0000512,C03519,CC(=O)N[C@@H](CC1=CC=CC=C1)C(=O)O
C00860_Histidinol,ZQISRDCJNBUVMM-YFKPBYRVSA-N,HMDB0003431,C00860,C1=C(NC=N1)C[C@@H](CO)N
C00571_Cyclohexylamine,PAFZNILMFXTMIY-UHFFFAOYSA-N,HMDB0031404,C00571,C1CCC(CC1)N
C00437_N-Acetylornithine,JRLGPAXAGHMNOL-LURJTMIESA-N,HMDB0003357,C00437,CC(=O)N[C@@H](CCCN)C(=O)O
C02678_Dodecanedioate,TVIDDXQYHWJXFK-UHFFFAOYSA-N,HMDB0000623,C02678,C(CCCCCC(=O)O)CCCCC(=O)O
C03795_N6-Methyl-2'-deoxyadenosine,DYSDOYRQWBDGQQ-XLPZGREQSA-N,,C03795,CNC1=C2C(=NC=N1)N(C=N2)[C@H]3C[C@@H]([C@H](O3)CO)O
C00357_N-Acetylglucosamine 6-phosphate,BRGMHAYQAZFZDJ-RTRLPJTCSA-N,HMDB0002817,C00357,CC(=O)N[C@@H]1[C@H]([C@@H]([C@H](OC1O)COP(=O)(O)O)O)O
C00077_Ornithine,AHLPHDHHMVZTML-BYPYZUCNSA-N,HMDB0000214,C00077,C(C[C@@H](C(=O)O)N)CN
C00037_Gly,DHMQDGOQFOQNFH-UHFFFAOYSA-N,HMDB0000123,C00037,C(C(=O)O)N
C00093_Glycerophosphate,AWUCVROLDVIAJX-GSVOUGTGSA-N,HMDB0000126,C00093,C([C@H](COP(=O)(O)O)O)O
C00314_Pyridoxine,LXNHXLLTXMVWPM-UHFFFAOYSA-N,HMDB0000239,C00314,CC1=NC=C(C(=C1O)CO)CO
C00670_Glycerophosphorylcholine,SUHOQUVVVLNYQR-MRVPVSSYSA-O,HMDB0000086,C00670,C[N+](C)(C)CCOP(=O)(O)OC[C@@H](CO)O
C02656_Pimelate,WLJVNTCWHIRURA-UHFFFAOYSA-N,HMDB0000857,C02656,C(CCC(=O)O)CCC(=O)O
C05607_3-Phenyllactate,VOXXWSYKYCBWHO-MRVPVSSYSA-N,HMDB0000779,C05607,C1=CC=C(C=C1)C[C@H](C(=O)O)O
C09815_Benzamide,KXDAEFPNCMNJSK-UHFFFAOYSA-N,HMDB0004461,C09815,C1=CC=C(C=C1)C(=O)N
C00158_Citrate,KRKNYBCHXYNGOX-UHFFFAOYSA-N,HMDB0000094,C00158,C(C(=O)O)C(CC(=O)O)(C(=O)O)O
C00295_Orotate,PXQPEWDEAKTCGB-UHFFFAOYSA-N,HMDB0000226,C00295,C1=C(NC(=O)NC1=O)C(=O)O
C00170_5-Methylthioadenosine,WUUGFSXJNOTRMR-IOSLPCCCSA-N,HMDB0001173,C00170,CSC[C@@H]1[C@H]([C@H]([C@@H](O1)N2C=NC3=C(N=CN=C32)N)O)O
C00785_Urocanate,LOIYMIARKYCTBW-OWOJBTEDSA-N,HMDB0000301,C00785,C1=C(NC=N1)/C=C/C(=O)O
C05582_Homovanillate,QRMZSPFSDQBLIX-UHFFFAOYSA-N,HMDB0000118,C05582,COC1=C(C=CC(=C1)CC(=O)O)O
C01004_Trigonelline,WWNNZCOKKKDOPX-UHFFFAOYSA-N,HMDB0000875,C01004,C[N+]1=CC=CC(=C1)C(=O)[O-]
C00152_Asn,DCXYFEDJOCDNAF-REOHCLBHSA-N,HMDB0000168,C00152,C([C@@H](C(=O)O)N)C(=O)N
C00183_Val,KZSNJWFQEVHDMF-BYPYZUCNSA-N,HMDB0000883,C00183,CC(C)[C@@H](C(=O)O)N
C00385_Xanthine,LRFVTYWOQMYALW-UHFFFAOYSA-N,HMDB0000292,C00385,C1=NC2=C(N1)C(=O)NC(=O)N2
C02918_1-Methylnicotinamide,LDHMAVIPBRSVRG-UHFFFAOYSA-O,HMDB0000699,C02918,C[N+]1=CC=CC(=C1)C(=O)N
C00086_Urea,XSQUKJJJFZCRTK-UHFFFAOYSA-N,HMDB0000294,C00086,C(=O)(N)N
C00250_Pyridoxal,RADKZDMFGJYCBB-UHFFFAOYSA-N,HMDB0001545,C00250,CC1=NC=C(C(=C1O)C=O)CO
C02710_N-Acetylleucine,WXNXCEHXYPACJF-ZETCQYMHSA-N,HMDB0011756,C02710,CC(C)C[C@@H](C(=O)O)NC(=O)C
"C06057_3-Aminopropane-1,2-diol",KQIGMPWTAHJUMN-VKHMYHEASA-N,,C06057,C([C@@H](CO)O)N
C10172_Proline betaine,CMUNUTVVOOHQPW-LURJTMIESA-N,HMDB0004827,C10172,C[N+]1(CCC[C@H]1C(=O)[O-])C
C00147_Adenine,GFFGJBXGBJISGV-UHFFFAOYSA-N,HMDB0000034,C00147,C1=NC2=NC=NC(=C2N1)N
C00123_Leu,ROHFNLRQFUQHCH-YFKPBYRVSA-N,HMDB0000687,C00123,CC(C)C[C@@H](C(=O)O)N
C00711_Malate,BJEPYKJPYRNKOW-UHFFFAOYSA-N,HMDB0000156,C00711,C(C(C(=O)O)O)C(=O)O
C05122_Taurocholate,FZLMIZAHBFKTSH-IECFWMJSSA-N,HMDB0000036,C05122,C[C@H](CCC(=O)NCCOS(=O)(=O)O)[C@H]1CC[C@@H]2[C@@]1([C@H](C[C@H]3C2[C@@H](C[C@H]4[C@@]3(CC[C@H](C4)O)C)O)O)C
C02230_3-Methylguanine,XHBSBNYEHDQRCP-UHFFFAOYSA-N,HMDB0001566,C02230,CN1C2=C(C(=O)N=C1N)NC=N2
C06104_Adipate,WNLRTRBMVRJNCN-UHFFFAOYSA-N,HMDB0000448,C06104,C(CCC(=O)O)CC(=O)O
C00179_Agmatine,QYPPJABKJHAVHS-UHFFFAOYSA-N,HMDB0001432,C00179,C(CCN=C(N)N)CN
C00047_Lys,KDXKERNSBIXSRK-YFKPBYRVSA-N,HMDB0000182,C00047,C(CCN)C[C@@H](C(=O)O)N
C00993_Ala-Ala,DEFJQIDDEAULHB-SYPWQXSBSA-N,HMDB0003459,C00993,C[C@H](C(=O)NC(C)C(=O)O)N
C05584_4-Hydroxy-3-methoxymandelate,CGQCWMIAEPEHNQ-UHFFFAOYSA-N,HMDB0000291,C05584,COC1=C(C=CC(=C1)C(C(=O)O)O)O
C00931_Porphobilinogen,QSHWIQZFGQKFMA-UHFFFAOYSA-N,HMDB0000245,C00931,C1=C(C(=C(N1)CN)CC(=O)O)CCC(=O)O
C00612_N1-Acetylspermidine,MQTAVJHICJWXBR-UHFFFAOYSA-N,HMDB0001276,C00612,CC(=O)NCCCNCCCCN
C05629_3-Phenylpropionate,XMIIGOLPHOKFCH-UHFFFAOYSA-N,HMDB0000764,C05629,C1=CC=C(C=C1)CCC(=O)O
C00122_Fumarate,VZCYOOQTPOCHFL-OWOJBTEDSA-N,HMDB0000134,C00122,C(=C/C(=O)O)\C(=O)O
C00233_4-Methyl-2-oxopentanoate,BKAJNAXTPSGJCU-UHFFFAOYSA-N,HMDB0000695,C00233,CC(C)CC(=O)C(=O)O
C00270_N-Acetylneuraminate,SQVRNKJHWKZAKO-LUWBGTNYSA-N,,C00270,CC(=O)N[C@@H]1[C@H](CC(O[C@H]1[C@@H]([C@@H](CO)O)O)(C(=O)O)O)O
C00105_UMP,DJJCXFVJDGTHFX-XVFCMESISA-N,HMDB0000288,C00105,C1=CN(C(=O)NC1=O)[C@H]2[C@@H]([C@@H]([C@H](O2)COP(=O)(O)O)O)O
C00041_Ala,QNAYBMKLOCPYGJ-REOHCLBHSA-N,HMDB0000161,C00041,C[C@@H](C(=O)O)N
C00329_Glucosamine,MSWZFWKMSRAUBD-IVMDWMLBSA-N,HMDB0001514,C00329,C([C@@H]1[C@H]([C@@H]([C@H](C(O1)O)N)O)O)O
C00246_Butyrate,FERIUCNNQQJTOY-UHFFFAOYSA-N,HMDB0000039,C00246,CCCC(=O)O
C00482_Sinapate,PCMORTLOPMLEFB-ONEGZZNKSA-N,HMDB0032616,C00482,COC1=CC(=CC(=C1O)OC)/C=C/C(=O)O
C04501_N-Acetylglucosamine 1-phosphate,FZLJPEPAYPUMMR-FMDGEEDCSA-N,HMDB0001367,C04501,CC(=O)N[C@@H]1[C@H]([C@@H]([C@H](O[C@@H]1OP(=O)(O)O)CO)O)O
C00020_AMP,UDMBCSSLTHHNCD-KQYNXXCUSA-N,HMDB0000045,C00020,C1=NC(=C2C(=N1)N(C=N2)[C@H]3[C@@H]([C@@H]([C@H](O3)COP(=O)(O)O)O)O)N
C16741_5-Hydroxylysine,YSMODUONRAFBET-UHNVWZDZSA-N,HMDB0000450,C16741,C(C[C@@H](C(=O)O)N)[C@H](CN)O
_Diazoxide,GDLBFKVLRPITMI-UHFFFAOYSA-N,HMDB0015251,C06949,CC1=NS(=O)(=O)C2=C(N1)C=CC(=C2)Cl
C02735_Phenylethanolamine,ULSIYEODSMZIPX-UHFFFAOYSA-N,HMDB0001065,C02735,C1=CC=C(C=C1)C(CN)O
C00148_Pro,ONIBWKKTOPOVIA-BYPYZUCNSA-N,HMDB0000162,C00148,C1C[C@H](NC1)C(=O)O
C02256_Castanospermine,JDVVGAQPNNXQDW-TVNFTVLESA-N,,C02256,C1CN2C[C@@H]([C@H]([C@@H]([C@H]2[C@H]1O)O)O)O
"C03793_N6,N6,N6-Trimethyllysine",MXNRLFUSFKVQSK-QMMMGPOBSA-N,HMDB0001325,C03793,C[N+](C)(C)CCCC[C@@H](C(=O)[O-])N
C02242_7-Methylguanine,FZWGECJQACGGTI-UHFFFAOYSA-N,HMDB0000897,C02242,CN1C=NC2=C1C(=O)N=C(N2)N
C11527_4-Hydroxymandelate,YHXHKYRQLYQUIH-UHFFFAOYSA-N,HMDB0000822,C11527,C1=CC(=CC=C1C(C(=O)O)O)O
C02226_Citraconate,HNEGQIOMVPPMNR-IHWYPQMZSA-N,HMDB0000634,C02226,C/C(=C/C(=O)O)/C(=O)O
C02356_2AB,QWCKQJZIFLGMSD-VKHMYHEASA-N,HMDB0000452,C02356,CC[C@@H](C(=O)O)N
C03264_2-Hydroxy-4-methylpentanoate,LVRFTAZAXQPQHI-RXMQYKEDSA-N,HMDB0000665,C03264,CC(C)C[C@H](C(=O)O)O
C05659_5-Methoxytryptamine,JTEJPPKMYBDEMY-UHFFFAOYSA-N,HMDB0004095,C05659,COC1=CC2=C(C=C1)NC=C2CCN
