,inchikey,hmdb,kegg,inchi code
Hexadecanal,NIOYUNMRJMEDGI-UHFFFAOYSA-N,HMDB0001551,C00517,"InChI=1S/C16H32O/c1-2-3-4-5-6-7-8-9-10-11-12-13-14-15-16-17/h16H,2-15H2,1H3"
Terpinene,YKFLAYDHMOASIY-UHFFFAOYSA-N,HMDB0005806,C09900,"InChI=1S/C10H16/c1-8(2)10-6-4-9(3)5-7-10/h4,7-8H,5-6H2,1-3H3"
2-Hexanol,QNVRIHYSUZMSGM-UHFFFAOYSA-N,HMDB0061886,,"InChI=1S/C6H14O/c1-3-4-5-6(2)7/h6-7H,3-5H2,1-2H3"
"3,4-Hexanedione",KVFQMAZOBTXCAZ-UHFFFAOYSA-N,HMDB0031492,,"InChI=1S/C6H10O2/c1-3-5(7)6(8)4-2/h3-4H2,1-2H3"
Nonanal,GYHFUZHODSMOHU-UHFFFAOYSA-N,HMDB0059835,,"InChI=1S/C9H18O/c1-2-3-4-5-6-7-8-9-10/h9H,2-8H2,1H3"
2-Methylpropyl butanoate,RGFNRWTWDWVHDD-UHFFFAOYSA-N,HMDB0034161,,"InChI=1S/C8H16O2/c1-4-5-8(9)10-6-7(2)3/h7H,4-6H2,1-3H3"
2-Piperidinone,XUWHAWMETYGRKB-UHFFFAOYSA-N,HMDB0011749,,"InChI=1S/C5H9NO/c7-5-3-1-2-4-6-5/h1-4H2,(H,6,7)"
Quinoline,SMWDFEZZVXVKRB-UHFFFAOYSA-N,HMDB0033731,C06413,InChI=1S/C9H7N/c1-2-6-9-8(4-1)5-3-7-10-9/h1-7H
"1-Propanol, 2-methyl-",ZXEKIIBDNHEJCQ-UHFFFAOYSA-N,HMDB0006006,C14710,"InChI=1S/C4H10O/c1-4(2)3-5/h4-5H,3H2,1-2H3"
"Hexanoic acid, methyl ester",NUKZAGXMHTUAFE-UHFFFAOYSA-N,HMDB0035238,,"InChI=1S/C7H14O2/c1-3-4-5-6-7(8)9-2/h3-6H2,1-2H3"
"Pentadecane, 2,6,10,14-tetramethyl-",XOJVVFBFDXDTEG-UHFFFAOYSA-N,HMDB0034497,,"InChI=1S/C19H40/c1-16(2)10-7-12-18(5)14-9-15-19(6)13-8-11-17(3)4/h16-19H,7-15H2,1-6H3"
Octanal,NUJGJRNETVAIRJ-UHFFFAOYSA-N,HMDB0001140,C01545,"InChI=1S/C8H16O/c1-2-3-4-5-6-7-8-9/h8H,2-7H2,1H3"
Methyl butyrate,UUIQMZJEGPQKFD-UHFFFAOYSA-N,HMDB0033890,,"InChI=1S/C5H10O2/c1-3-4-5(6)7-2/h3-4H2,1-2H3"
Benzaldehyde,HUMNYLRZRPPJDN-UHFFFAOYSA-N,HMDB0006115,C00261,InChI=1S/C7H6O/c8-6-7-4-2-1-3-5-7/h1-6H
Methyl propionate,RJUFJBKOKNCXHH-UHFFFAOYSA-N,HMDB0030062,,"InChI=1S/C4H8O2/c1-3-4(5)6-2/h3H2,1-2H3"
Butyric acid,FERIUCNNQQJTOY-UHFFFAOYSA-N,HMDB0000039,C00246,"InChI=1S/C4H8O2/c1-2-3-4(5)6/h2-3H2,1H3,(H,5,6)"
Tetradecanal,UHUFTBALEZWWIH-UHFFFAOYSA-N,HMDB0034283,,"InChI=1S/C14H28O/c1-2-3-4-5-6-7-8-9-10-11-12-13-14-15/h14H,2-13H2,1H3"
Camphene,CRPUJAZIXJMDBK-UHFFFAOYSA-N,HMDB0059839,C06076,"InChI=1S/C10H16/c1-7-8-4-5-9(6-8)10(7,2)3/h8-9H,1,4-6H2,2-3H3"
Acetic acid,QTBSBXVTEAMEQO-UHFFFAOYSA-N,HMDB0000042,C00033,"InChI=1S/C2H4O2/c1-2(3)4/h1H3,(H,3,4)"
Styrene,PPBRXRYQALVLMV-UHFFFAOYSA-N,HMDB0034240,C19506,"InChI=1S/C8H8/c1-2-8-6-4-3-5-7-8/h2-7H,1H2"
Octane,TVMXDCGIABBOFY-UHFFFAOYSA-N,HMDB0001485,C01387,"InChI=1S/C8H18/c1-3-5-7-8-6-4-2/h3-8H2,1-2H3"
2-Octanone,ZPVFWPFBNIEHGJ-UHFFFAOYSA-N,HMDB0031294,,"InChI=1S/C8H16O/c1-3-4-5-6-7-8(2)9/h3-7H2,1-2H3"
"2,3-Butanedione",QSJXEFYPDANLFS-UHFFFAOYSA-N,HMDB0003407,C00741,InChI=1S/C4H6O2/c1-3(5)4(2)6/h1-2H3
Hexanoic acid,FUZZWVXGSFPDMH-UHFFFAOYSA-N,HMDB0000535,C01585,"InChI=1S/C6H12O2/c1-2-3-4-5-6(7)8/h2-5H2,1H3,(H,7,8)"
Hexadecane,DSZTYVZOIUIIGA-UHFFFAOYSA-N,HMDB0033792,C14499,"InChI=1S/C16H32O/c1-2-3-4-5-6-7-8-9-10-11-12-13-14-16-15-17-16/h16H,2-15H2,1H3"
1-Butanol,LRHPLDYGYMQRHN-UHFFFAOYSA-N,HMDB0004327,C06142,"InChI=1S/C4H10O/c1-2-3-4-5/h5H,2-4H2,1H3"
"Propanoic acid, butyl ester",BTMVHUNTONAYDX-UHFFFAOYSA-N,HMDB0030052,,"InChI=1S/C7H14O2/c1-3-5-6-9-7(8)4-2/h3-6H2,1-2H3"
1-Decanol,MWKFXSUHUHTGQN-UHFFFAOYSA-N,HMDB0011624,C01633,"InChI=1S/C10H22O/c1-2-3-4-5-6-7-8-9-10-11/h11H,2-10H2,1H3"
Methanethiol,LSDPWZHWYPCBBB-UHFFFAOYSA-N,HMDB0003227,C00409,"InChI=1S/CH4S/c1-2/h2H,1H3"
2-Undecanone,KYWIYKKSMDLRDC-UHFFFAOYSA-N,HMDB0033713,C01875,"InChI=1S/C11H22O/c1-3-4-5-6-7-8-9-10-11(2)12/h3-10H2,1-2H3"
Octadecane,RZJRJXONCZWCBN-UHFFFAOYSA-N,HMDB0033721,,"InChI=1S/C18H38/c1-3-5-7-9-11-13-15-17-18-16-14-12-10-8-6-4-2/h3-18H2,1-2H3"
1-Hexadecanol,BXWNKGSJHAJOGX-UHFFFAOYSA-N,HMDB0003424,C00823,"InChI=1S/C16H34O/c1-2-3-4-5-6-7-8-9-10-11-12-13-14-15-16-17/h17H,2-16H2,1H3"
Octadecanol,GLDOVTGHNKAZLK-UHFFFAOYSA-N,HMDB0002350,D01924,"InChI=1S/C18H38O/c1-2-3-4-5-6-7-8-9-10-11-12-13-14-15-16-17-18-19/h19H,2-18H2,1H3"
Ethyl methyl disulfide,XLTBPTGNNLIKRW-UHFFFAOYSA-N,HMDB0032912,,"InChI=1S/C3H8S2/c1-3-5-4-2/h3H2,1-2H3"
"Butanoic acid, 2-methyl-",WLAMNBDJUVNPJU-UHFFFAOYSA-N,HMDB0002176,C18319,"InChI=1S/C5H10O2/c1-3-4(2)5(6)7/h4H,3H2,1-2H3,(H,6,7)"
Methyl valerate,HNBDRPTVWVGKBR-UHFFFAOYSA-N,HMDB0031207,,"InChI=1S/C6H12O2/c1-3-4-5-6(7)8-2/h3-5H2,1-2H3"
"Butanoic acid, 3-methylbutyl ester",PQLMXFQTAMDXIZ-UHFFFAOYSA-N,HMDB0040221,,"InChI=1S/C9H18O2/c1-4-5-9(10)11-7-6-8(2)3/h8H,4-7H2,1-3H3"
"Propanoic acid, 2-methyl-, anhydride",LSACYLWPPQLVSM-UHFFFAOYSA-N,HMDB0062788,,"InChI=1S/C8H14O3/c1-5(2)7(9)11-8(10)6(3)4/h5-6H,1-4H3"
2-Decanone,ZAJNGDIORYACQU-UHFFFAOYSA-N,HMDB0031409,,"InChI=1S/C10H20O/c1-3-4-5-6-7-8-9-10(2)11/h3-9H2,1-2H3"
Methyl salicylate,OSWPMRLSEDHDFF-UHFFFAOYSA-N,HMDB0034172,C12305,"InChI=1S/C8H8O3/c1-11-8(10)6-4-2-3-5-7(6)9/h2-5,9H,1H3"
Acetoin,ROWKJAVDOGWPAT-UHFFFAOYSA-N,HMDB0003243,C00466,"InChI=1S/C4H8O2/c1-3(5)4(2)6/h3,5H,1-2H3"
2-Nonanone,VKCYHJWLYTUGCC-UHFFFAOYSA-N,HMDB0031266,,"InChI=1S/C9H18O/c1-3-4-5-6-7-8-9(2)10/h3-8H2,1-2H3"
"Butanoic acid, 3-methyl-, 3-methylbutyl ester",XINCECQTMHSORG-UHFFFAOYSA-N,HMDB0030029,C12289,"InChI=1S/C10H20O2/c1-8(2)5-6-12-10(11)7-9(3)4/h8-9H,5-7H2,1-4H3"
"Cyclohexene, 1-methyl-4-(1-methylethylidene)-",MOYAFQVGZZPNRA-UHFFFAOYSA-N,HMDB0036994,C06075,"InChI=1S/C10H16/c1-8(2)10-6-4-9(3)5-7-10/h4H,5-7H2,1-3H3"
Methyl Alcohol,OKKJLVBELUTLKV-UHFFFAOYSA-N,HMDB0001875,C00132,"InChI=1S/CH4O/c1-2/h2H,1H3"
"Benzaldehyde, 4-hydroxy-",RGHHSNMVTDWUBI-UHFFFAOYSA-N,HMDB0011718,C00633,"InChI=1S/C7H6O2/c8-5-6-1-3-7(9)4-2-6/h1-5,9H"
3-Phenylpropanol,VAJVDSVGBWFCLW-UHFFFAOYSA-N,HMDB0033962,,"InChI=1S/C9H12O/c10-8-4-7-9-5-2-1-3-6-9/h1-3,5-6,10H,4,7-8H2"
"Acetic acid, hexyl ester",AOGQPLXWSUTHQB-UHFFFAOYSA-N,HMDB0029980,,"InChI=1S/C8H16O2/c1-3-4-5-6-7-10-8(2)9/h3-7H2,1-2H3"
Ethyl Acetate,XEKOWRVHYACXOJ-UHFFFAOYSA-N,HMDB0031217,C00849,"InChI=1S/C4H8O2/c1-3-6-4(2)5/h3H2,1-2H3"
"5,9-Undecadien-2-one, 6,10-dimethyl-",HUCXKZBETONXFO-NJFMWZAGSA-N,HMDB0031846,C13297,"InChI=1S/C23H38O/c1-19(2)11-7-12-20(3)13-8-14-21(4)15-9-16-22(5)17-10-18-23(6)24/h11,13,15,17H,7-10,12,14,16,18H2,1-6H3/b20-13+,21-15+,22-17+"
Isobutyl isovalerate,KEBDNKNVCHQIJU-UHFFFAOYSA-N,HMDB0038040,,"InChI=1S/C9H18O2/c1-7(2)5-9(10)11-6-8(3)4/h7-8H,5-6H2,1-4H3"
2-Pentadecanone,CJPNOLIZCWDHJK-UHFFFAOYSA-N,HMDB0031081,,"InChI=1S/C15H30O/c1-3-4-5-6-7-8-9-10-11-12-13-14-15(2)16/h3-14H2,1-2H3"
"Butanoic acid, 3-methyl-",GWYFCOCPABKNJV-UHFFFAOYSA-N,HMDB0000718,C08262,"InChI=1S/C5H10O2/c1-4(2)3-5(6)7/h4H,3H2,1-2H3,(H,6,7)"
"Propanoic acid, propyl ester",MCSINKKTEDDPNK-UHFFFAOYSA-N,HMDB0030059,,"InChI=1S/C6H12O2/c1-3-5-8-6(7)4-2/h3-5H2,1-2H3"
Tributyl phosphate,STCOOQWBFONSKY-UHFFFAOYSA-N,HMDB0259164,C14439,"InChI=1S/C12H27O4P/c1-4-7-10-14-17(13,15-11-8-5-2)16-12-9-6-3/h4-12H2,1-3H3"
2-Tridecanone,CYIFVRUOHKNECG-UHFFFAOYSA-N,HMDB0034148,,"InChI=1S/C13H26O/c1-3-4-5-6-7-8-9-10-11-12-13(2)14/h3-12H2,1-2H3"
2-Nonanol,NGDNVOAEIVQRFH-UHFFFAOYSA-N,HMDB0033916,,"InChI=1S/C9H20O/c1-3-4-5-6-7-8-9(2)10/h9-10H,3-8H2,1-2H3"
1-Tetradecanol,HLZKNKRTKFSKGZ-UHFFFAOYSA-N,HMDB0011638,,"InChI=1S/C14H30O/c1-2-3-4-5-6-7-8-9-10-11-12-13-14-15/h15H,2-14H2,1H3"
n-Pentadecanol,REIUXOLGHVXAEO-UHFFFAOYSA-N,HMDB0013299,,"InChI=1S/C15H32O/c1-2-3-4-5-6-7-8-9-10-11-12-13-14-15-16/h16H,2-15H2,1H3"
Carbon disulfide,QGJOPFRUJISHPQ-UHFFFAOYSA-N,HMDB0036574,C19033,InChI=1S/CS2/c2-1-3
"Cyclohexanone, 2,2,6-trimethyl-",ZPVOLGVTNLDBFI-UHFFFAOYSA-N,HMDB0033794,,"InChI=1S/C9H16O/c1-7-5-4-6-9(2,3)8(7)10/h7H,4-6H2,1-3H3"
1-Hexanol,HPXRVTGHNJAIIH-UHFFFAOYSA-N,HMDB0012971,C00854,"InChI=1S/C6H12O/c7-6-4-2-1-3-5-6/h6-7H,1-5H2"
2-Tetradecanone,POQLVOYRGNFGRM-UHFFFAOYSA-N,HMDB0030924,,"InChI=1S/C14H28O/c1-3-4-5-6-7-8-9-10-11-12-13-14(2)15/h3-13H2,1-2H3"
2-Methyl-3-heptanone,XYYMFUCZDNNGFS-UHFFFAOYSA-N,HMDB0032402,,"InChI=1S/C8H16O/c1-4-5-6-8(9)7(2)3/h7H,4-6H2,1-3H3"
"2,2,4-Trimethyl-1,3-pentanediol diisobutyrate",OMVSWZDEEGIJJI-UHFFFAOYSA-N,HMDB0059777,,"InChI=1S/C16H30O4/c1-10(2)13(20-15(18)12(5)6)16(7,8)9-19-14(17)11(3)4/h10-13H,9H2,1-8H3"
Mesitylene,AUHZEENZYGFFBQ-UHFFFAOYSA-N,HMDB0041924,C14508,"InChI=1S/C9H12/c1-7-4-8(2)6-9(3)5-7/h4-6H,1-3H3"
p-Cresol,IWDCLRJOBJJRNH-UHFFFAOYSA-N,HMDB0001858,C01468,"InChI=1S/C7H8O/c1-6-2-4-7(8)5-3-6/h2-5,8H,1H3"
Mequinol,NWVVVBRKAWDGAB-UHFFFAOYSA-N,HMDB0029696,,"InChI=1S/C7H8O2/c1-9-7-4-2-6(8)3-5-7/h2-5,8H,1H3"
"Butanoic acid, 3-methyl-, propyl ester",LSJMDWFAADPNAX-UHFFFAOYSA-N,HMDB0032047,,"InChI=1S/C8H16O2/c1-4-5-10-8(9)6-7(2)3/h7H,4-6H2,1-3H3"
Dimethyl sulfone,HHVIBTZHLRERCL-UHFFFAOYSA-N,HMDB0004983,C11142,"InChI=1S/C2H6O2S/c1-5(2,3)4/h1-2H3"
"Benzene, (2-isothiocyanatoethyl)-",IZJDOKYDEWTZSO-UHFFFAOYSA-N,HMDB0038445,,"InChI=1S/C9H9NS/c11-8-10-7-6-9-4-2-1-3-5-9/h1-5H,6-7H2"
(-)-Menthone,NFLGAXVYCFJBMK-BDAKNGLRSA-N,HMDB0035162,C00843,"InChI=1S/C10H18O/c1-7(2)9-5-4-8(3)6-10(9)11/h7-9H,4-6H2,1-3H3/t8-,9+/m1/s1"
"Butanoic acid, propyl ester",HUAZGNHGCJGYNP-UHFFFAOYSA-N,HMDB0039618,,"InChI=1S/C7H14O2/c1-3-5-7(8)9-6-4-2/h3-6H2,1-2H3"
Copaene,VLXDPFLIRFYIME-ZPWMNFGTSA-N,HMDB0061851,C09639,"InChI=1S/C15H24/c1-9(2)11-7-8-15(4)12-6-5-10(3)14(15)13(11)12/h5,9,11-14H,6-8H2,1-4H3/t11?,12?,13?,14?,15-/m1/s1"
Ethanol,LFQSCWFLJHTTHZ-UHFFFAOYSA-N,HMDB0000108,C00469,"InChI=1S/C2H6O/c1-2-3/h3H,2H2,1H3"
"3(2H)-Thiophenone, dihydro-2-methyl-",YMZZPMVKABUEBL-UHFFFAOYSA-N,HMDB0038556,,"InChI=1S/C5H8OS/c1-4-5(6)2-3-7-4/h4H,2-3H2,1H3"
"Cyclohexanecarboxylic acid, methyl ester",ZQWPRMPSCMSAJU-UHFFFAOYSA-N,HMDB0031343,,"InChI=1S/C8H14O2/c1-10-8(9)7-5-3-2-4-6-7/h7H,2-6H2,1H3"
Methyl 3-phenylpropanoate,RPUSRLKKXPQSGP-UHFFFAOYSA-N,HMDB0030060,,"InChI=1S/C10H12O2/c1-12-10(11)8-7-9-5-3-2-4-6-9/h2-6H,7-8H2,1H3"
Propionic acid,XBDQKXXYIPTUBI-UHFFFAOYSA-N,HMDB0000237,C00163,"InChI=1S/C3H6O2/c1-2-3(4)5/h2H2,1H3,(H,4,5)"
Indole,SIKJAQJRHWYJAI-UHFFFAOYSA-N,HMDB0000738,C00463,"InChI=1S/C8H7N/c1-2-4-8-7(3-1)5-6-9-8/h1-6,9H"
"Disiloxane, hexamethyl-",UQEAIHBTYFGYIE-UHFFFAOYSA-N,HMDB0033532,,"InChI=1S/C6H18OSi2/c1-8(2,3)7-9(4,5)6/h1-6H3"
Sulcatone,UHEPJGULSIKKTP-UHFFFAOYSA-N,HMDB0035915,C07287,"InChI=1S/C8H14O/c1-7(2)5-4-6-8(3)9/h5H,4,6H2,1-3H3"
 Propyl 2-methylpropanoate,AZFUASHXSOTBNU-UHFFFAOYSA-N,HMDB0036209,,"InChI=1S/C7H14O2/c1-4-5-9-7(8)6(2)3/h6H,4-5H2,1-3H3"
"Phenol, 4-ethyl-",HXDOZKJGKXYMEW-UHFFFAOYSA-N,HMDB0029306,C13637,"InChI=1S/C8H10O/c1-2-7-3-5-8(9)6-4-7/h3-6,9H,2H2,1H3"
Toluene,YXFVVABEGXRONW-UHFFFAOYSA-N,HMDB0034168,C01455,"InChI=1S/C7H8/c1-7-5-3-2-4-6-7/h2-6H,1H3"
"Cyclohexanecarboxylic acid, ethyl ester",JJOYCHKVKWDMEA-UHFFFAOYSA-N,HMDB0033167,,"InChI=1S/C9H16O2/c1-2-11-9(10)8-6-4-3-5-7-8/h8H,2-7H2,1H3"
Acetone,CSCPPACGZOOCGX-UHFFFAOYSA-N,HMDB0001659,C00207,InChI=1S/C3H6O/c1-3(2)4/h1-2H3
Methyl tetradecanoate,ZAZKJZBWRNNLDS-UHFFFAOYSA-N,HMDB0030469,,"InChI=1S/C15H30O2/c1-3-4-5-6-7-8-9-10-11-12-13-14-15(16)17-2/h3-14H2,1-2H3"
"1,2-Benzenedicarboxylic acid, bis(2-methylpropyl) ester",MGWAVDBGNNKXQV-UHFFFAOYSA-N,HMDB0013835,C15205,"InChI=1S/C16H22O4/c1-11(2)9-19-15(17)13-7-5-6-8-14(13)16(18)20-10-12(3)4/h5-8,11-12H,9-10H2,1-4H3"
1-Propanol,BDERNNFJNOPAEC-UHFFFAOYSA-N,HMDB0000820,C05979,"InChI=1S/C3H8O/c1-2-3-4/h4H,2-3H2,1H3"
"2,3-Pentanedione",TZMFJUDUGYTVRY-UHFFFAOYSA-N,HMDB0031598,,"InChI=1S/C5H8O2/c1-3-5(7)4(2)6/h3H2,1-2H3"
Myrcene,UAHWPYUMFXYFJY-UHFFFAOYSA-N,HMDB0038169,C06074,"InChI=1S/C10H16/c1-5-10(4)8-6-7-9(2)3/h5,7H,1,4,6,8H2,2-3H3"
Eucalyptol,WEEGYLXZBRQIMU-UHFFFAOYSA-N,HMDB0004472,C09844,"InChI=1S/C10H18O/c1-9(2)8-4-6-10(3,11-9)7-5-8/h8H,4-7H2,1-3H3"
(+)-2-Bornanone,DSSYKIVIOFKYAU-XCBNKYQSSA-N,HMDB0059838,,"InChI=1S/C10H16O/c1-9(2)7-4-5-10(9,3)8(11)6-7/h7H,4-6H2,1-3H3/t7-,10+/m1/s1"
"Furan, 2-pentyl-",YVBAUDVGOFCUSG-UHFFFAOYSA-N,HMDB0013824,,"InChI=1S/C9H14O/c1-2-3-4-6-9-7-5-8-10-9/h5,7-8H,2-4,6H2,1H3"
"2,5-Dimethylpyrazine",LCZUOKDVTBMCMX-UHFFFAOYSA-N,HMDB0035289,,"InChI=1S/C6H8N2/c1-5-3-8-6(2)4-7-5/h3-4H,1-2H3"
Hexanal,JGEGJYXHCFUMJF-UHFFFAOYSA-N,HMDB0005994,C02373,"InChI=1S/C6H12O/c1-6(2)4-3-5-7/h5-6H,3-4H2,1-2H3"
Butyl 2-methylbutanoate,OTKQNSSMCDLVQV-UHFFFAOYSA-N,HMDB0039216,,"InChI=1S/C9H18O2/c1-4-6-7-11-9(10)8(3)5-2/h8H,4-7H2,1-3H3"
"3,4-Dihydroxyphenylglycol",MTVWFVDWRVYDOR-UHFFFAOYSA-N,HMDB0000318,C05576,"InChI=1S/C8H10O4/c9-4-8(12)5-1-2-6(10)7(11)3-5/h1-3,8-12H,4H2"
2-Methyl-4-heptanone,PTTPXKJBFFKCEK-UHFFFAOYSA-N,HMDB0013821,,"InChI=1S/C9H18O/c1-7(2)5-9(10)6-8(3)4/h7-8H,5-6H2,1-4H3"
"Disulfide, methyl 2-propenyl",XNZOTQPMYMCTBZ-UHFFFAOYSA-N,HMDB0041389,C08383,"InChI=1S/C4H8S2/c1-3-4-6-5-2/h3H,1,4H2,2H3"
"Thiophene, 2-pentyl-",NOYVOSGVFSEKPR-UHFFFAOYSA-N,HMDB0040240,,"InChI=1S/C9H14S/c1-2-3-4-6-9-7-5-8-10-9/h5,7-8H,2-4,6H2,1H3"
Cyclohexanecarboxylic acid,NZNMSOFKMUBTKW-UHFFFAOYSA-N,HMDB0031342,C09822,"InChI=1S/C7H12O2/c8-7(9)6-4-2-1-3-5-6/h6H,1-5H2,(H,8,9)"
"Hexanoic acid, butyl ester",RPRPDTXKGSIXMD-UHFFFAOYSA-N,HMDB0040211,,"InChI=1S/C10H20O2/c1-3-5-7-8-10(11)12-9-6-4-2/h3-9H2,1-2H3"
Benzyl alcohol,WVDDGKGOMKODPV-UHFFFAOYSA-N,HMDB0003119,C03485,"InChI=1S/C7H8O/c8-6-7-4-2-1-3-5-7/h1-5,8H,6H2"
"Butanoic acid, butyl ester",XUPYJHCZDLZNFP-UHFFFAOYSA-N,HMDB0039620,,"InChI=1S/C8H16O2/c1-3-5-7-10-8(9)6-4-2/h3-7H2,1-2H3"
Carbamic acid,KXDHJXZQYSOELW-UHFFFAOYSA-N,HMDB0003551,C01563,"InChI=1S/CH3NO2/c2-1(3)4/h2H2,(H,3,4)"
2-Dodecanone,VOFBBQZXUQXUQN-UHFFFAOYSA-N,HMDB0031019,C14996,"InChI=1S/C17H32O3/c1-14(18)10-8-6-4-2-3-5-7-9-11-15-12-13-16(19)17(15)20/h15-17,19-20H,2-13H2,1H3"
Heptanoic acid,MNWFXJYAOYHMED-UHFFFAOYSA-N,HMDB0000666,C17714,"InChI=1S/C7H14O2/c1-2-3-4-5-6-7(8)9/h2-6H2,1H3,(H,8,9)"
Ethyl propionate,FKRCODPIKNYEAC-UHFFFAOYSA-N,HMDB0030058,,"InChI=1S/C5H10O2/c1-3-5(6)7-4-2/h3-4H2,1-2H3"
"2(3H)-Furanone, 5-heptyldihydro-",PHXATPHONSXBIL-UHFFFAOYSA-N,HMDB0038311,,"InChI=1S/C11H20O2/c1-2-3-4-5-6-7-10-8-9-11(12)13-10/h10H,2-9H2,1H3"
Phenylethyl Alcohol,WRMNZCZEMHIOCP-UHFFFAOYSA-N,HMDB0033944,C05853,"InChI=1S/C8H10O/c9-7-6-8-4-2-1-3-5-8/h1-5,9H,6-7H2"
"Propanoic acid, 2-methyl-",KQNPFQTWMSNSAP-UHFFFAOYSA-N,HMDB0001873,,"InChI=1S/C4H8O2/c1-3(2)4(5)6/h3H,1-2H3,(H,5,6)"
"1-Butene, 4-isothiocyanato-",SKIHGKNFJKJXPX-UHFFFAOYSA-N,HMDB0033867,,"InChI=1S/C5H7NS/c1-2-3-4-6-5-7/h2H,1,3-4H2"
1-Octen-3-ol,VSMOENVRRABVKN-UHFFFAOYSA-N,HMDB0031299,C14272,"InChI=1S/C8H16O/c1-3-5-6-7-8(9)4-2/h4,8-9H,2-3,5-7H2,1H3"
Methyl hexadecanoic acid,FLIACVVOZYBSBS-UHFFFAOYSA-N,HMDB0061859,C16995,"InChI=1S/C17H34O2/c1-3-4-5-6-7-8-9-10-11-12-13-14-15-16-17(18)19-2/h3-16H2,1-2H3"
"2,4-Imidazolidinedione, 1-methyl-",RHYBFKMFHLPQPH-UHFFFAOYSA-N,HMDB0003646,C02565,"InChI=1S/C4H6N2O2/c1-6-2-3(7)5-4(6)8/h2H2,1H3,(H,5,7,8)"
2-Heptanone,CATSNJVOTSVZJV-UHFFFAOYSA-N,HMDB0003671,C08380,"InChI=1S/C7H14O/c1-3-4-5-6-7(2)8/h3-6H2,1-2H3"
S-Methyl 3-methylbutanethioate,MPLWTJZAFOVXKP-UHFFFAOYSA-N,HMDB0039843,,"InChI=1S/C6H12OS/c1-5(2)4-6(7)8-3/h5H,4H2,1-3H3"
"9-Octadecenoic acid, ethyl ester",LVGKNOAMLMIIKO-VAWYXSNFSA-N,HMDB0034451,,"InChI=1S/C20H38O2/c1-3-5-6-7-8-9-10-11-12-13-14-15-16-17-18-19-20(21)22-4-2/h11-12H,3-10,13-19H2,1-2H3/b12-11+"
Anethole,RUVINXPYWBROJD-ONEGZZNKSA-N,HMDB0030837,C10428,"InChI=1S/C10H12O/c1-3-4-9-5-7-10(11-2)8-6-9/h3-8H,1-2H3/b4-3+"
Methyl acetate,KXKVLQRXCPHEJC-UHFFFAOYSA-N,HMDB0031523,C17530,InChI=1S/C3H6O2/c1-3(4)5-2/h1-2H3
Dodecane,SNRUBQQJIBEYMU-UHFFFAOYSA-N,HMDB0031444,C08374,"InChI=1S/C12H26/c1-3-5-7-9-11-12-10-8-6-4-2/h3-12H2,1-2H3"
3-Octanol,NMRPBPVERJPACX-UHFFFAOYSA-N,HMDB0030070,C17144,"InChI=1S/C8H18O/c1-3-5-6-7-8(9)4-2/h8-9H,3-7H2,1-2H3"
Carbon dioxide,CURLTUGMZLYLDI-UHFFFAOYSA-N,HMDB0001967,C00011,InChI=1S/CO2/c2-1-3
o-Cymene,WWRCMNKATXZARA-UHFFFAOYSA-N,HMDB0037050,,"InChI=1S/C10H14/c1-8(2)10-7-5-4-6-9(10)3/h4-8H,1-3H3"
2-Butanone,ZWEHNKRNPOVVGH-UHFFFAOYSA-N,HMDB0000474,C02845,"InChI=1S/C4H8O/c1-3-4(2)5/h3H2,1-2H3"
Pentadecane,YCOZIPAWZNQLMR-UHFFFAOYSA-N,HMDB0059886,C08388,"InChI=1S/C15H32/c1-3-5-7-9-11-13-15-14-12-10-8-6-4-2/h3-15H2,1-2H3"
Ethylbenzene,YNQLUTRBYVCPMQ-UHFFFAOYSA-N,HMDB0059905,C07111,"InChI=1S/C8H10/c1-2-8-6-4-3-5-7-8/h3-7H,2H2,1H3"
Acetonitrile,WEVYAHXRMPXWCK-UHFFFAOYSA-N,HMDB0061869,,InChI=1S/C2H3N/c1-2-3/h1H3
Isopropyl Alcohol,KFZMGEQAYNKOFK-UHFFFAOYSA-N,HMDB0000863,C01845,"InChI=1S/C3H8O/c1-3(2)4/h3-4H,1-2H3"
Dimethyl trisulfide,YWHLKYXPLRWGSE-UHFFFAOYSA-N,HMDB0013780,C08372,InChI=1S/C2H6S3/c1-3-5-4-2/h1-2H3
Linalyl acetate,UWKAYLJWKGQEPM-LBPRGKRZSA-N,HMDB0039522,C09863,"InChI=1S/C12H20O2/c1-6-12(5,14-11(4)13)9-7-8-10(2)3/h6,8H,1,7,9H2,2-5H3/t12-/m0/s1"
Methyl isobutyrate,BHIWKHZACMWKOJ-UHFFFAOYSA-N,HMDB0031249,,"InChI=1S/C5H10O2/c1-4(2)5(6)7-3/h4H,1-3H3"
Pentadecanal,XGQJZNCFDLXSIJ-UHFFFAOYSA-N,HMDB0031078,C01948,"InChI=1S/C15H30O/c1-2-3-4-5-6-7-8-9-10-11-12-13-14-15-16/h15H,2-14H2,1H3"
(-)-Borneol,DTGKSKDOIYIVQL-UHFFFAOYSA-N,HMDB0034976,C01411,"InChI=1S/C10H18O/c1-9(2)7-4-5-10(9,3)8(11)6-7/h7-8,11H,4-6H2,1-3H3"
1-Tetradecene,HFDVRLIODXPAHB-UHFFFAOYSA-N,HMDB0061834,,"InChI=1S/C14H28/c1-3-5-7-9-11-13-14-12-10-8-6-4-2/h3H,1,4-14H2,2H3"
n-Hexane,VLKZOEOYAKHREP-UHFFFAOYSA-N,HMDB0029600,C11271,"InChI=1S/C6H14/c1-3-5-6-4-2/h3-6H2,1-2H3"
"Ethanol, 2-ethoxy-",ZNQVEEAIQZEUHB-UHFFFAOYSA-N,HMDB0031213,C14687,"InChI=1S/C4H10O2/c1-2-6-4-3-5/h5H,2-4H2,1H3"
"Butanal, 2-methyl-",BYGQBDHUGHBGMD-UHFFFAOYSA-N,HMDB0031526,C02223,"InChI=1S/C5H10O/c1-3-5(2)4-6/h4-5H,3H2,1-2H3"
1-Nonanol,ZWRUINPWMLAQRD-UHFFFAOYSA-N,HMDB0031265,C14696,"InChI=1S/C9H20O/c1-2-3-4-5-6-7-8-9-10/h10H,2-9H2,1H3"
Phenol,ISWSIDIOOBJBQZ-UHFFFAOYSA-N,HMDB0000228,C15584,"InChI=1S/C6H6O/c7-6-4-2-1-3-5-6/h1-5,7H"
"3-Pentanone, 2-methyl-",HYTRYEXINDDXJK-UHFFFAOYSA-N,HMDB0005846,,"InChI=1S/C6H12O/c1-4-6(7)5(2)3/h5H,4H2,1-3H3"
4-Hydroxy-3-hexanone,SKCYVGUCBRYGTE-UHFFFAOYSA-N,,C02948,"InChI=1S/C6H12O2/c1-3-5(7)6(8)4-2/h5,7H,3-4H2,1-2H3"
"Butanal, 3-methyl-",YGHRJJRRZDOVPD-UHFFFAOYSA-N,HMDB0006478,C07329,"InChI=1S/C5H10O/c1-5(2)3-4-6/h4-5H,3H2,1-2H3"
Phenylacetaldehyde,DTUQWGWMVIHBKE-UHFFFAOYSA-N,HMDB0006236,C00601,"InChI=1S/C8H8O/c9-7-6-8-4-2-1-3-5-8/h1-5,7H,6H2"
"(1R)-2,6,6-Trimethylbicyclo[3.1.1]hept-2-ene",GRWFGVWFFZKLTI-RKDXNWHRSA-N,HMDB0006525,C06306,"InChI=1S/C10H16/c1-7-4-5-8-6-9(7)10(8,2)3/h4,8-9H,5-6H2,1-3H3/t8-,9-/m1/s1"
"Cyclohexene, 3-(1,5-dimethyl-4-hexenyl)-6-methylene-, [S-(R*,S*)]-",PHWISBHSBNDZDX-LSDHHAIUSA-N,HMDB0036163,C16776,"InChI=1S/C15H24/c1-12(2)6-5-7-14(4)15-10-8-13(3)9-11-15/h6,8,10,14-15H,3,5,7,9,11H2,1-2,4H3/t14-,15+/m0/s1"
Benzyl methyl ketone,QCCDLTOVEPVEJK-UHFFFAOYSA-N,,C15512,"InChI=1S/C9H10O/c1-8(10)7-9-5-3-2-4-6-9/h2-6H,7H2,1H3"
"Ethanone, 1-(2-aminophenyl)-",GTDQGKWDWVUKTI-UHFFFAOYSA-N,HMDB0032630,,"InChI=1S/C8H9NO/c1-6(10)7-4-2-3-5-8(7)9/h2-5H,9H2,1H3"
"Methylamine, N,N-dimethyl-",GETQZCLCWQTVFV-UHFFFAOYSA-N,HMDB0000906,C00565,InChI=1S/C3H9N/c1-4(2)3/h1-3H3
Heptanal,FXHGMKSSBGDXIY-UHFFFAOYSA-N,HMDB0031475,C14390,"InChI=1S/C7H14O/c1-2-3-4-5-6-7-8/h7H,2-6H2,1H3"
2-Oxohexane,QQZOPKMRPOGIEB-UHFFFAOYSA-N,HMDB0005842,,"InChI=1S/C6H12O/c1-3-4-5-6(2)7/h3-5H2,1-2H3"
Benzene,UHOVQNZJYSORNB-UHFFFAOYSA-N,HMDB0001505,C01407,InChI=1S/C6H6/c1-2-4-6-5-3-1/h1-6H
Hordenine,KUBCEEMXQZUPDQ-UHFFFAOYSA-N,HMDB0004366,C06199,"InChI=1S/C10H15NO/c1-11(2)8-7-9-3-5-10(12)6-4-9/h3-6,12H,7-8H2,1-2H3"
Isopentanol,PHTQWCKDNZKARW-UHFFFAOYSA-N,HMDB0006007,C07328,"InChI=1S/C5H12O/c1-5(2)3-4-6/h5-6H,3-4H2,1-2H3"
