"","Benzaldehyde","Styrene","Phenol","n-Pentadecanol","Toluene","Indole","Carbon dioxide","1-Hexadecanol","Methyl Alcohol","p-Cresol","Phenylethyl Alcohol","Ethanol","Benzene","Ethylbenzene","Butyric acid","Acetone","1,2-Benzenedicarboxylic acid, bis(2-methylpropyl) ester","Acetic acid","Disiloxane, hexamethyl-","Methyl acetate","Methyl butyrate","Ethyl Acetate","Propionic acid","Hexadecanal","1-Octen-3-ol","2-Nonanone","Sulcatone","2-Octanone","Propanoic acid, 2-methyl-","2-Butanone","Methanethiol","Methyl valerate","Butanal, 3-methyl-","2-Tridecanone","1-Propanol","Methyl propionate","Hexadecane","1-Hexanol","Phenol, 4-ethyl-","(-)-Menthone","Nonanal","Cyclohexanecarboxylic acid","Ethanone, 1-(2-aminophenyl)-","1-Butanol","2-Undecanone","2(3H)-Furanone, 5-heptyldihydro-","Quinoline","Methylamine, N,N-dimethyl-","Camphene","Heptanoic acid","o-Cymene","Hexanal","5,9-Undecadien-2-one, 6,10-dimethyl-","Methyl salicylate","Methyl hexadecanoic acid","Octadecane","Butanal, 2-methyl-","Ethyl propionate","Butanoic acid, 3-methyl-","2,3-Pentanedione","Dimethyl trisulfide","Isopentanol","2-Pentadecanone","Pentadecanal","2,3-Butanedione","(1R)-2,6,6-Trimethylbicyclo[3.1.1]hept-2-ene","Furan, 2-pentyl-","2-Oxohexane","1-Nonanol","Butanoic acid, 2-methyl-","Anethole","2-Tetradecanone","Acetoin","Pentadecane","Propanoic acid, propyl ester","2-Methyl-3-heptanone","Linalyl acetate","Hexanoic acid, methyl ester","Cyclohexanecarboxylic acid, methyl ester","Hexanoic acid","2-Nonanol","Methyl 3-phenylpropanoate","Carbon disulfide","Dodecane","Thiophene, 2-pentyl-","Butanoic acid, propyl ester","Octanal","Mequinol","Tetradecanal","2-Piperidinone","2,4-Imidazolidinedione, 1-methyl-","1-Propanol, 2-methyl-","Octadecanol","1-Tetradecanol","Benzyl methyl ketone","Benzyl alcohol","Myrcene","Butanoic acid, 3-methylbutyl ester","Dimethyl sulfone","Acetonitrile","Butanoic acid, butyl ester","Disulfide, methyl 2-propenyl","Phenylacetaldehyde","3-Phenylpropanol","2-Dodecanone","Cyclohexene, 3-(1,5-dimethyl-4-hexenyl)-6-methylene-, [S-(R*,S*)]-","Hordenine","Propanoic acid, butyl ester","Isopropyl Alcohol","Eucalyptol","Copaene","3,4-Dihydroxyphenylglycol","2-Methylpropyl butanoate","Carbamic acid","(+)-2-Bornanone","2-Heptanone","Cyclohexene, 1-methyl-4-(1-methylethylidene)-","Propanoic acid, 2-methyl-, anhydride","Ethanol, 2-ethoxy-","1-Butene, 4-isothiocyanato-","Methyl isobutyrate","Butanoic acid, 3-methyl-, propyl ester","Benzene, (2-isothiocyanatoethyl)-","Benzaldehyde, 4-hydroxy-","Ethyl methyl disulfide","Mesitylene"," Propyl 2-methylpropanoate","3-Pentanone, 2-methyl-","2,2,4-Trimethyl-1,3-pentanediol diisobutyrate","1-Tetradecene","Heptanal","2-Hexanol","Hexanoic acid, butyl ester","2-Methyl-4-heptanone","Octane","2-Decanone","2,5-Dimethylpyrazine","4-Hydroxy-3-hexanone","Pentadecane, 2,6,10,14-tetramethyl-","Butyl 2-methylbutanoate","Terpinene","S-Methyl 3-methylbutanethioate","3,4-Hexanedione","3(2H)-Thiophenone, dihydro-2-methyl-","9-Octadecenoic acid, ethyl ester","Butanoic acid, 3-methyl-, 3-methylbutyl ester","n-Hexane","Acetic acid, hexyl ester","Cyclohexanecarboxylic acid, ethyl ester","Tributyl phosphate","(-)-Borneol","3-Octanol","Isobutyl isovalerate","Cyclohexanone, 2,2,6-trimethyl-","1-Decanol","Methyl tetradecanoate"
"kingdom","Organic compounds","Organic compounds","Organic compounds","Organic compounds","Organic compounds","Organic compounds","Inorganic compounds","Organic compounds","Organic compounds","Organic compounds","Organic compounds","Organic compounds","Organic compounds","Organic compounds","Organic compounds","Organic compounds","Organic compounds","Organic compounds","Organic compounds","Organic compounds","Organic compounds","Organic compounds","Organic compounds","Organic compounds","Organic compounds","Organic compounds","Organic compounds","Organic compounds","Organic compounds","Organic compounds","Organic compounds","Organic compounds","Organic compounds","Organic compounds","Organic compounds","Organic compounds","Organic compounds","Organic compounds","Organic compounds","Organic compounds","Organic compounds","Organic compounds","Organic compounds","Organic compounds","Organic compounds","Organic compounds","Organic compounds","Organic compounds","Organic compounds","Organic compounds","Organic compounds","Organic compounds","Organic compounds","Organic compounds","Organic compounds","Organic compounds","Organic compounds","Organic compounds","Organic compounds","Organic compounds","Organic compounds","Organic compounds","Organic compounds","Organic compounds","Organic compounds","Organic compounds","Organic compounds","Organic compounds","Organic compounds","Organic compounds","Organic compounds","Organic compounds","Organic compounds","Organic compounds","Organic compounds","Organic compounds","Organic compounds","Organic compounds","Organic compounds","Organic compounds","Organic compounds","Organic compounds","Inorganic compounds","Organic compounds","Organic compounds","Organic compounds","Organic compounds","Organic compounds","Organic compounds","Organic compounds","Organic compounds","Organic compounds","Organic compounds","Organic compounds","Organic compounds","Organic compounds","Organic compounds","Organic compounds","Organic compounds","Organic compounds","Organic compounds","Organic compounds","Organic compounds","Organic compounds","Organic compounds","Organic compounds","Organic compounds","Organic compounds","Organic compounds","Organic compounds","Organic compounds","Organic compounds","Organic compounds","Organic compounds","Organic compounds","Organic compounds","Organic compounds","Organic compounds","Organic compounds","Organic compounds","Organic compounds","Organic compounds","Organic compounds","Organic compounds","Organic compounds","Organic compounds","Organic compounds","Organic compounds","Organic compounds","Organic compounds","Organic compounds","Organic compounds","Organic compounds","Organic compounds","Organic compounds","Organic compounds","Organic compounds","Organic compounds","Organic compounds","Organic compounds","Organic compounds","Organic compounds","Organic compounds","Organic compounds","Organic compounds","Organic compounds","Organic compounds","Organic compounds","Organic compounds","Organic compounds","Organic compounds","Organic compounds","Organic compounds","Organic compounds","Organic compounds","Organic compounds"
"superclass","Benzenoids","Benzenoids","Benzenoids","Lipids and lipid-like molecules","Benzenoids","Organoheterocyclic compounds","Homogeneous non-metal compounds","Lipids and lipid-like molecules","Organic oxygen compounds","Benzenoids","Benzenoids","Organic oxygen compounds","Benzenoids","Benzenoids","Lipids and lipid-like molecules","Organic oxygen compounds","Benzenoids","Organic acids and derivatives","Organometallic compounds","Organic acids and derivatives","Lipids and lipid-like molecules","Organic acids and derivatives","Organic acids and derivatives","Lipids and lipid-like molecules","Lipids and lipid-like molecules","Organic oxygen compounds","Organic oxygen compounds","Organic oxygen compounds","Organic acids and derivatives","Organic oxygen compounds","Organosulfur compounds","Lipids and lipid-like molecules","Organic oxygen compounds","Organic oxygen compounds","Organic oxygen compounds","Organic acids and derivatives","Organoheterocyclic compounds","Organic oxygen compounds","Benzenoids","Lipids and lipid-like molecules","Organic oxygen compounds","Organic acids and derivatives","Organic oxygen compounds","Organic oxygen compounds","Organic oxygen compounds","Organoheterocyclic compounds","Organoheterocyclic compounds","Organic nitrogen compounds","Lipids and lipid-like molecules","Lipids and lipid-like molecules","Benzenoids","Organic oxygen compounds","Lipids and lipid-like molecules","Benzenoids","Lipids and lipid-like molecules","Hydrocarbons","Organic oxygen compounds","Organic acids and derivatives","Lipids and lipid-like molecules","Organic oxygen compounds","Organosulfur compounds","Organic oxygen compounds","Organic oxygen compounds","Lipids and lipid-like molecules","Organic oxygen compounds","Lipids and lipid-like molecules","Organoheterocyclic compounds","Organic oxygen compounds","Lipids and lipid-like molecules","Lipids and lipid-like molecules","Benzenoids","Organic oxygen compounds","Organic oxygen compounds","Hydrocarbons","Organic acids and derivatives","Organic oxygen compounds","Lipids and lipid-like molecules","Lipids and lipid-like molecules","Organic acids and derivatives","Lipids and lipid-like molecules","Lipids and lipid-like molecules","Lipids and lipid-like molecules","Homogeneous non-metal compounds","Hydrocarbons","Organoheterocyclic compounds","Lipids and lipid-like molecules","Organic oxygen compounds","Benzenoids","Lipids and lipid-like molecules","Organoheterocyclic compounds","Organoheterocyclic compounds","Organic oxygen compounds","Lipids and lipid-like molecules","Lipids and lipid-like molecules","Benzenoids","Benzenoids","Lipids and lipid-like molecules","Lipids and lipid-like molecules","Organosulfur compounds","Organic nitrogen compounds","Lipids and lipid-like molecules","Organosulfur compounds","Benzenoids","Benzenoids","Organic oxygen compounds","Lipids and lipid-like molecules","Benzenoids","Organic acids and derivatives","Organic oxygen compounds","Organoheterocyclic compounds","Lipids and lipid-like molecules","Benzenoids","Lipids and lipid-like molecules","Organic acids and derivatives","Lipids and lipid-like molecules","Organic oxygen compounds","Lipids and lipid-like molecules","Organic acids and derivatives","Organic oxygen compounds","Organosulfur compounds","Organic acids and derivatives","Lipids and lipid-like molecules","Benzenoids","Organic oxygen compounds","Organosulfur compounds","Benzenoids","Organic acids and derivatives","Organic oxygen compounds","Organic acids and derivatives","Hydrocarbons","Organic oxygen compounds","Organic oxygen compounds","Lipids and lipid-like molecules","Organic oxygen compounds","Hydrocarbons","Organic oxygen compounds","Organoheterocyclic compounds","Organic oxygen compounds","Lipids and lipid-like molecules","Lipids and lipid-like molecules","Hydrocarbons","Lipids and lipid-like molecules","Organic oxygen compounds","Organoheterocyclic compounds","Lipids and lipid-like molecules","Lipids and lipid-like molecules","Hydrocarbons","Organic acids and derivatives","Organic acids and derivatives","Organic acids and derivatives","Lipids and lipid-like molecules","Lipids and lipid-like molecules","Lipids and lipid-like molecules","Organic oxygen compounds","Lipids and lipid-like molecules","Lipids and lipid-like molecules"
"class","Benzene and substituted derivatives","Benzene and substituted derivatives","Phenols","Fatty Acyls","Benzene and substituted derivatives","Indoles and derivatives","Other non-metal organides","Fatty Acyls","Organooxygen compounds","Phenols","Benzene and substituted derivatives","Organooxygen compounds","Benzene and substituted derivatives","Benzene and substituted derivatives","Fatty Acyls","Organooxygen compounds","Benzene and substituted derivatives","Carboxylic acids and derivatives","Organometalloid compounds","Carboxylic acids and derivatives","Fatty Acyls","Carboxylic acids and derivatives","Carboxylic acids and derivatives","Fatty Acyls","Fatty Acyls","Organooxygen compounds","Organooxygen compounds","Organooxygen compounds","Carboxylic acids and derivatives","Organooxygen compounds","Thiols","Fatty Acyls","Organooxygen compounds","Organooxygen compounds","Organooxygen compounds","Carboxylic acids and derivatives","Epoxides","Organooxygen compounds","Phenols","Prenol lipids","Organooxygen compounds","Carboxylic acids and derivatives","Organooxygen compounds","Organooxygen compounds","Organooxygen compounds","Lactones","Quinolines and derivatives","Organonitrogen compounds","Prenol lipids","Fatty Acyls","Benzene and substituted derivatives","Organooxygen compounds","Prenol lipids","Benzene and substituted derivatives","Fatty Acyls","Saturated hydrocarbons","Organooxygen compounds","Carboxylic acids and derivatives","Fatty Acyls","Organooxygen compounds","Organic trisulfides","Organooxygen compounds","Organooxygen compounds","Fatty Acyls","Organooxygen compounds","Prenol lipids","Heteroaromatic compounds","Organooxygen compounds","Fatty Acyls","Fatty Acyls","Phenol ethers","Organooxygen compounds","Organooxygen compounds","Saturated hydrocarbons","Carboxylic acids and derivatives","Organooxygen compounds","Prenol lipids","Fatty Acyls","Carboxylic acids and derivatives","Fatty Acyls","Fatty Acyls","Fatty Acyls","Other non-metal organides","Saturated hydrocarbons","Heteroaromatic compounds","Fatty Acyls","Organooxygen compounds","Phenols","Fatty Acyls","Piperidines","Azolines","Organooxygen compounds","Fatty Acyls","Fatty Acyls","Benzene and substituted derivatives","Benzene and substituted derivatives","Prenol lipids","Fatty Acyls","Sulfonyls","Organonitrogen compounds","Fatty Acyls","Allyl sulfur compounds","Benzene and substituted derivatives","Benzene and substituted derivatives","Organooxygen compounds","Prenol lipids","Benzene and substituted derivatives","Carboxylic acids and derivatives","Organooxygen compounds","Oxanes","Prenol lipids","Phenols","Fatty Acyls","Organic carbonic acids and derivatives","Prenol lipids","Organooxygen compounds","Prenol lipids","Carboxylic acids and derivatives","Organooxygen compounds","Isothiocyanates","Carboxylic acids and derivatives","Fatty Acyls","Benzene and substituted derivatives","Organooxygen compounds","Organic disulfides","Benzene and substituted derivatives","Carboxylic acids and derivatives","Organooxygen compounds","Carboxylic acids and derivatives","Unsaturated hydrocarbons","Organooxygen compounds","Organooxygen compounds","Fatty Acyls","Organooxygen compounds","Saturated hydrocarbons","Organooxygen compounds","Diazines","Organooxygen compounds","Prenol lipids","Fatty Acyls","Unsaturated hydrocarbons","Fatty Acyls","Organooxygen compounds","Thiolanes","Fatty Acyls","Fatty Acyls","Saturated hydrocarbons","Carboxylic acids and derivatives","Carboxylic acids and derivatives","Organic phosphoric acids and derivatives","Prenol lipids","Fatty Acyls","Fatty Acyls","Organooxygen compounds","Fatty Acyls","Fatty Acyls"
"subclass","Benzoyl derivatives","Styrenes","1-hydroxy-4-unsubstituted benzenoids","Fatty alcohols","Toluenes","Indoles","Other non-metal oxides","Fatty alcohols","Alcohols and polyols","Cresols",NA,"Alcohols and polyols",NA,NA,"Fatty acids and conjugates","Carbonyl compounds","Benzoic acids and derivatives","Carboxylic acids","Organosilicon compounds","Carboxylic acid derivatives","Fatty acid esters","Carboxylic acid derivatives","Carboxylic acids","Fatty aldehydes","Fatty alcohols","Carbonyl compounds","Carbonyl compounds","Carbonyl compounds","Carboxylic acids","Carbonyl compounds","Alkylthiols","Fatty acid esters","Carbonyl compounds","Carbonyl compounds","Alcohols and polyols","Carboxylic acid derivatives",NA,"Alcohols and polyols","1-hydroxy-2-unsubstituted benzenoids","Monoterpenoids","Carbonyl compounds","Carboxylic acids","Carbonyl compounds","Alcohols and polyols","Carbonyl compounds","Gamma butyrolactones",NA,"Amines","Monoterpenoids","Fatty acids and conjugates","Cumenes","Carbonyl compounds","Diterpenoids","Benzoic acids and derivatives","Fatty acid esters","Alkanes","Carbonyl compounds","Carboxylic acid derivatives","Fatty acids and conjugates","Carbonyl compounds",NA,"Alcohols and polyols","Carbonyl compounds","Fatty aldehydes","Carbonyl compounds","Monoterpenoids",NA,"Carbonyl compounds","Fatty alcohols","Fatty acids and conjugates","Anisoles","Carbonyl compounds","Carbonyl compounds","Alkanes","Carboxylic acid derivatives","Carbonyl compounds","Monoterpenoids","Fatty acid esters","Carboxylic acid derivatives","Fatty acids and conjugates","Fatty alcohols","Fatty acid esters","Other non-metal sulfides","Alkanes",NA,"Fatty acid esters","Carbonyl compounds","Methoxyphenols","Fatty aldehydes","Piperidinones","Imidazolines","Alcohols and polyols","Fatty alcohols","Fatty alcohols","Phenylpropanes","Benzyl alcohols","Monoterpenoids","Fatty acid esters","Sulfones","Organic cyanides","Fatty acid esters",NA,"Phenylacetaldehydes",NA,"Alcohols and polyols","Sesquiterpenoids","Phenethylamines","Carboxylic acid derivatives","Alcohols and polyols",NA,"Sesquiterpenoids","Benzenediols","Fatty acid esters",NA,"Monoterpenoids","Carbonyl compounds","Monoterpenoids","Dicarboxylic acids and derivatives","Ethers",NA,"Carboxylic acid derivatives","Fatty acid esters",NA,"Carbonyl compounds","Dialkyldisulfides",NA,"Carboxylic acid derivatives","Carbonyl compounds","Dicarboxylic acids and derivatives","Unsaturated aliphatic hydrocarbons","Carbonyl compounds","Alcohols and polyols","Fatty acid esters","Carbonyl compounds","Alkanes","Carbonyl compounds","Pyrazines","Carbonyl compounds","Diterpenoids","Fatty acid esters","Branched unsaturated hydrocarbons","Fatty acyl thioesters","Carbonyl compounds",NA,"Fatty acid esters","Fatty acid esters","Alkanes","Carboxylic acid derivatives","Carboxylic acid derivatives","Phosphate esters","Monoterpenoids","Fatty alcohols","Fatty acid esters","Carbonyl compounds","Fatty alcohols","Fatty acid esters"
"level 5",NA,NA,NA,"Long-chain fatty alcohols",NA,NA,NA,"Long-chain fatty alcohols","Primary alcohols","Para cresols",NA,"Primary alcohols",NA,NA,"Straight chain fatty acids","Ketones","Benzoic acid esters",NA,"Siloxanes","Carboxylic acid esters","Fatty acid methyl esters","Carboxylic acid esters",NA,NA,NA,"Ketones","Ketones","Ketones",NA,"Ketones",NA,"Fatty acid methyl esters","Aldehydes","Ketones","Primary alcohols","Carboxylic acid esters",NA,"Secondary alcohols",NA,"Menthane monoterpenoids","Aldehydes",NA,"Ketones","Primary alcohols","Ketones",NA,NA,"Tertiary amines","Bicyclic monoterpenoids","Medium-chain fatty acids",NA,"Aldehydes","Acyclic diterpenoids","Benzoic acid esters","Fatty acid methyl esters",NA,"Aldehydes","Carboxylic acid esters","Branched fatty acids","Ketones",NA,"Primary alcohols","Ketones",NA,"Ketones","Bicyclic monoterpenoids",NA,"Ketones",NA,"Branched fatty acids",NA,"Ketones","Acyloins",NA,"Carboxylic acid esters","Ketones","Acyclic monoterpenoids","Fatty acid methyl esters","Carboxylic acid esters","Medium-chain fatty acids",NA,NA,NA,NA,NA,NA,"Aldehydes",NA,NA,NA,NA,"Primary alcohols","Long-chain fatty alcohols","Long-chain fatty alcohols",NA,NA,"Acyclic monoterpenoids",NA,NA,"Nitriles",NA,NA,NA,NA,"Secondary alcohols",NA,NA,"Carboxylic acid esters","Secondary alcohols",NA,NA,"Catechols",NA,NA,"Bicyclic monoterpenoids","Ketones","Menthane monoterpenoids",NA,"Dialkyl ethers",NA,"Carboxylic acid esters",NA,NA,"Aldehydes",NA,NA,"Carboxylic acid esters","Ketones",NA,NA,"Aldehydes","Secondary alcohols",NA,"Ketones",NA,"Ketones",NA,"Acyloins","Acyclic diterpenoids",NA,NA,NA,"Ketones",NA,NA,NA,NA,"Carboxylic acid esters","Carboxylic acid esters","Alkyl phosphates","Bicyclic monoterpenoids",NA,NA,"Ketones",NA,"Fatty acid methyl esters"
"level 6",NA,NA,NA,NA,NA,NA,NA,NA,NA,NA,NA,NA,NA,NA,NA,NA,NA,NA,"Disiloxanes","Methyl esters",NA,NA,NA,NA,NA,NA,NA,NA,NA,NA,NA,NA,"Alpha-hydrogen aldehydes",NA,NA,"Methyl esters",NA,"Cyclohexanols",NA,NA,"Medium-chain aldehydes",NA,"Aryl ketones",NA,NA,NA,NA,"Trialkylamines",NA,NA,NA,"Alpha-hydrogen aldehydes",NA,"o-Hydroxybenzoic acid esters",NA,NA,"Short-chain aldehydes",NA,"Methyl-branched fatty acids","Alpha-diketones",NA,NA,NA,NA,"Alpha-diketones",NA,NA,NA,NA,"Methyl-branched fatty acids",NA,NA,NA,NA,NA,NA,NA,NA,"Methyl esters",NA,NA,NA,NA,NA,NA,NA,"Medium-chain aldehydes",NA,NA,NA,NA,NA,NA,NA,NA,NA,NA,NA,NA,NA,NA,NA,NA,NA,"Cyclopentanols",NA,NA,NA,NA,NA,NA,NA,NA,NA,NA,NA,NA,NA,NA,NA,"Methyl esters",NA,NA,"Aryl-aldehydes",NA,NA,NA,NA,NA,NA,"Medium-chain aldehydes",NA,NA,NA,NA,NA,NA,NA,NA,NA,NA,NA,"Alpha-diketones",NA,NA,NA,NA,NA,NA,"Trialkyl phosphates",NA,NA,NA,"Cyclic ketones",NA,NA
"level 7",NA,NA,NA,NA,NA,NA,NA,NA,NA,NA,NA,NA,NA,NA,NA,NA,NA,NA,NA,NA,NA,NA,NA,NA,NA,NA,NA,NA,NA,NA,NA,NA,NA,NA,NA,NA,NA,NA,NA,NA,NA,NA,"Phenylketones",NA,NA,NA,NA,NA,NA,NA,NA,NA,NA,NA,NA,NA,NA,NA,NA,NA,NA,NA,NA,NA,NA,NA,NA,NA,NA,NA,NA,NA,NA,NA,NA,NA,NA,NA,NA,NA,NA,NA,NA,NA,NA,NA,NA,NA,NA,NA,NA,NA,NA,NA,NA,NA,NA,NA,NA,NA,NA,NA,NA,NA,NA,NA,NA,NA,NA,NA,NA,NA,NA,NA,NA,NA,NA,NA,NA,NA,NA,NA,NA,"Benzaldehydes",NA,NA,NA,NA,NA,NA,NA,NA,NA,NA,NA,NA,NA,NA,NA,NA,NA,NA,NA,NA,NA,NA,NA,NA,NA,NA,NA,NA,NA,NA,NA,NA
"level 8",NA,NA,NA,NA,NA,NA,NA,NA,NA,NA,NA,NA,NA,NA,NA,NA,NA,NA,NA,NA,NA,NA,NA,NA,NA,NA,NA,NA,NA,NA,NA,NA,NA,NA,NA,NA,NA,NA,NA,NA,NA,NA,"Alkyl-phenylketones",NA,NA,NA,NA,NA,NA,NA,NA,NA,NA,NA,NA,NA,NA,NA,NA,NA,NA,NA,NA,NA,NA,NA,NA,NA,NA,NA,NA,NA,NA,NA,NA,NA,NA,NA,NA,NA,NA,NA,NA,NA,NA,NA,NA,NA,NA,NA,NA,NA,NA,NA,NA,NA,NA,NA,NA,NA,NA,NA,NA,NA,NA,NA,NA,NA,NA,NA,NA,NA,NA,NA,NA,NA,NA,NA,NA,NA,NA,NA,NA,"Hydroxybenzaldehydes",NA,NA,NA,NA,NA,NA,NA,NA,NA,NA,NA,NA,NA,NA,NA,NA,NA,NA,NA,NA,NA,NA,NA,NA,NA,NA,NA,NA,NA,NA,NA,NA
"NA",NA,NA,NA,NA,NA,NA,NA,NA,NA,NA,NA,NA,NA,NA,NA,NA,NA,NA,NA,NA,NA,NA,NA,NA,NA,NA,NA,NA,NA,NA,NA,NA,NA,NA,NA,NA,NA,NA,NA,NA,NA,NA,NA,NA,NA,NA,NA,NA,NA,NA,NA,NA,NA,NA,NA,NA,NA,NA,NA,NA,NA,NA,NA,NA,NA,NA,NA,NA,NA,NA,NA,NA,NA,NA,NA,NA,NA,NA,NA,NA,NA,NA,NA,NA,NA,NA,NA,NA,NA,NA,NA,NA,NA,NA,NA,NA,NA,NA,NA,NA,NA,NA,NA,NA,NA,NA,NA,NA,NA,NA,NA,NA,NA,NA,NA,NA,NA,NA,NA,NA,NA,NA,NA,NA,NA,NA,NA,NA,NA,NA,NA,NA,NA,NA,NA,NA,NA,NA,NA,NA,NA,NA,NA,NA,NA,NA,NA,NA,NA,NA,NA,NA,NA,NA,NA,NA
"NA.1",NA,NA,NA,NA,NA,NA,NA,NA,NA,NA,NA,NA,NA,NA,NA,NA,NA,NA,NA,NA,NA,NA,NA,NA,NA,NA,NA,NA,NA,NA,NA,NA,NA,NA,NA,NA,NA,NA,NA,NA,NA,NA,NA,NA,NA,NA,NA,NA,NA,NA,NA,NA,NA,NA,NA,NA,NA,NA,NA,NA,NA,NA,NA,NA,NA,NA,NA,NA,NA,NA,NA,NA,NA,NA,NA,NA,NA,NA,NA,NA,NA,NA,NA,NA,NA,NA,NA,NA,NA,NA,NA,NA,NA,NA,NA,NA,NA,NA,NA,NA,NA,NA,NA,NA,NA,NA,NA,NA,NA,NA,NA,NA,NA,NA,NA,NA,NA,NA,NA,NA,NA,NA,NA,NA,NA,NA,NA,NA,NA,NA,NA,NA,NA,NA,NA,NA,NA,NA,NA,NA,NA,NA,NA,NA,NA,NA,NA,NA,NA,NA,NA,NA,NA,NA,NA,NA
