,InChIKey,HMDB,KEGG
Benzaldehyde,HUMNYLRZRPPJDN-UHFFFAOYSA-N,HMDB0006115,C00261
Styrene,PPBRXRYQALVLMV-UHFFFAOYSA-N,HMDB0034240,C19506
Phenol,ISWSIDIOOBJBQZ-UHFFFAOYSA-N,HMDB0000228,C15584
n-Pentadecanol,REIUXOLGHVXAEO-UHFFFAOYSA-N,HMDB0013299,
Toluene,YXFVVABEGXRONW-UHFFFAOYSA-N,HMDB0034168,C01455
Indole,SIKJAQJRHWYJAI-UHFFFAOYSA-N,HMDB0000738,C00463
Carbon dioxide,CURLTUGMZLYLDI-UHFFFAOYSA-N,HMDB0001967,C00011
1-Hexadecanol,BXWNKGSJHAJOGX-UHFFFAOYSA-N,HMDB0003424,C00823
Methyl Alcohol,OKKJLVBELUTLKV-UHFFFAOYSA-N,HMDB0001875,C00132
p-Cresol,IWDCLRJOBJJRNH-UHFFFAOYSA-N,HMDB0001858,C01468
Phenylethyl Alcohol,WRMNZCZEMHIOCP-UHFFFAOYSA-N,HMDB0033944,C05853
Ethanol,LFQSCWFLJHTTHZ-UHFFFAOYSA-N,HMDB0000108,C00469
Benzene,UHOVQNZJYSORNB-UHFFFAOYSA-N,HMDB0001505,C01407
Ethylbenzene,YNQLUTRBYVCPMQ-UHFFFAOYSA-N,HMDB0059905,C07111
Butyric acid,FERIUCNNQQJTOY-UHFFFAOYSA-N,HMDB0000039,C00246
Acetone,CSCPPACGZOOCGX-UHFFFAOYSA-N,HMDB0001659,C00207
"1,2-Benzenedicarboxylic acid, bis(2-methylpropyl) ester",MGWAVDBGNNKXQV-UHFFFAOYSA-N,HMDB0013835,C15205
Acetic acid,QTBSBXVTEAMEQO-UHFFFAOYSA-N,HMDB0000042,C00033
"Disiloxane, hexamethyl-",UQEAIHBTYFGYIE-UHFFFAOYSA-N,HMDB0033532,
Methyl acetate,KXKVLQRXCPHEJC-UHFFFAOYSA-N,HMDB0031523,C17530
Methyl butyrate,UUIQMZJEGPQKFD-UHFFFAOYSA-N,HMDB0033890,
Ethyl Acetate,XEKOWRVHYACXOJ-UHFFFAOYSA-N,HMDB0031217,C00849
Propionic acid,XBDQKXXYIPTUBI-UHFFFAOYSA-N,HMDB0000237,C00163
Hexadecanal,NIOYUNMRJMEDGI-UHFFFAOYSA-N,HMDB0001551,C00517
1-Octen-3-ol,VSMOENVRRABVKN-UHFFFAOYSA-N,HMDB0031299,C14272
2-Nonanone,VKCYHJWLYTUGCC-UHFFFAOYSA-N,HMDB0031266,
Sulcatone,UHEPJGULSIKKTP-UHFFFAOYSA-N,HMDB0035915,C07287
2-Octanone,ZPVFWPFBNIEHGJ-UHFFFAOYSA-N,HMDB0031294,
"Propanoic acid, 2-methyl-",KQNPFQTWMSNSAP-UHFFFAOYSA-N,HMDB0001873,
2-Butanone,ZWEHNKRNPOVVGH-UHFFFAOYSA-N,HMDB0000474,C02845
Methanethiol,LSDPWZHWYPCBBB-UHFFFAOYSA-N,HMDB0003227,C00409
Methyl valerate,HNBDRPTVWVGKBR-UHFFFAOYSA-N,HMDB0031207,
"Butanal, 3-methyl-",YGHRJJRRZDOVPD-UHFFFAOYSA-N,HMDB0006478,C07329
2-Tridecanone,CYIFVRUOHKNECG-UHFFFAOYSA-N,HMDB0034148,
1-Propanol,BDERNNFJNOPAEC-UHFFFAOYSA-N,HMDB0000820,C05979
Methyl propionate,RJUFJBKOKNCXHH-UHFFFAOYSA-N,HMDB0030062,
Hexadecane,DSZTYVZOIUIIGA-UHFFFAOYSA-N,HMDB0033792,C14499
1-Hexanol,HPXRVTGHNJAIIH-UHFFFAOYSA-N,HMDB0012971,C00854
"Phenol, 4-ethyl-",HXDOZKJGKXYMEW-UHFFFAOYSA-N,HMDB0029306,C13637
(-)-Menthone,NFLGAXVYCFJBMK-BDAKNGLRSA-N,HMDB0035162,C00843
Nonanal,GYHFUZHODSMOHU-UHFFFAOYSA-N,HMDB0059835,
Cyclohexanecarboxylic acid,NZNMSOFKMUBTKW-UHFFFAOYSA-N,HMDB0031342,C09822
"Ethanone, 1-(2-aminophenyl)-",GTDQGKWDWVUKTI-UHFFFAOYSA-N,HMDB0032630,
1-Butanol,LRHPLDYGYMQRHN-UHFFFAOYSA-N,HMDB0004327,C06142
2-Undecanone,KYWIYKKSMDLRDC-UHFFFAOYSA-N,HMDB0033713,C01875
"2(3H)-Furanone, 5-heptyldihydro-",PHXATPHONSXBIL-UHFFFAOYSA-N,HMDB0038311,
Quinoline,SMWDFEZZVXVKRB-UHFFFAOYSA-N,HMDB0033731,C06413
"Methylamine, N,N-dimethyl-",GETQZCLCWQTVFV-UHFFFAOYSA-N,HMDB0000906,C00565
Camphene,CRPUJAZIXJMDBK-UHFFFAOYSA-N,HMDB0059839,C06076
Heptanoic acid,MNWFXJYAOYHMED-UHFFFAOYSA-N,HMDB0000666,C17714
o-Cymene,WWRCMNKATXZARA-UHFFFAOYSA-N,HMDB0037050,
Hexanal,JGEGJYXHCFUMJF-UHFFFAOYSA-N,HMDB0005994,C02373
"5,9-Undecadien-2-one, 6,10-dimethyl-",HUCXKZBETONXFO-NJFMWZAGSA-N,HMDB0031846,C13297
Methyl salicylate,OSWPMRLSEDHDFF-UHFFFAOYSA-N,HMDB0034172,C12305
Methyl hexadecanoic acid,FLIACVVOZYBSBS-UHFFFAOYSA-N,HMDB0061859,C16995
Octadecane,RZJRJXONCZWCBN-UHFFFAOYSA-N,HMDB0033721,
"Butanal, 2-methyl-",BYGQBDHUGHBGMD-UHFFFAOYSA-N,HMDB0031526,C02223
Ethyl propionate,FKRCODPIKNYEAC-UHFFFAOYSA-N,HMDB0030058,
"Butanoic acid, 3-methyl-",GWYFCOCPABKNJV-UHFFFAOYSA-N,HMDB0000718,C08262
"2,3-Pentanedione",TZMFJUDUGYTVRY-UHFFFAOYSA-N,HMDB0031598,
Dimethyl trisulfide,YWHLKYXPLRWGSE-UHFFFAOYSA-N,HMDB0013780,C08372
Isopentanol,PHTQWCKDNZKARW-UHFFFAOYSA-N,HMDB0006007,C07328
2-Pentadecanone,CJPNOLIZCWDHJK-UHFFFAOYSA-N,HMDB0031081,
Pentadecanal,XGQJZNCFDLXSIJ-UHFFFAOYSA-N,HMDB0031078,C01948
"2,3-Butanedione",QSJXEFYPDANLFS-UHFFFAOYSA-N,HMDB0003407,C00741
"(1R)-2,6,6-Trimethylbicyclo[3.1.1]hept-2-ene",GRWFGVWFFZKLTI-RKDXNWHRSA-N,HMDB0006525,C06306
"Furan, 2-pentyl-",YVBAUDVGOFCUSG-UHFFFAOYSA-N,HMDB0013824,
2-Oxohexane,QQZOPKMRPOGIEB-UHFFFAOYSA-N,HMDB0005842,
1-Nonanol,ZWRUINPWMLAQRD-UHFFFAOYSA-N,HMDB0031265,C14696
"Butanoic acid, 2-methyl-",WLAMNBDJUVNPJU-UHFFFAOYSA-N,HMDB0002176,C18319
Anethole,RUVINXPYWBROJD-ONEGZZNKSA-N,HMDB0030837,C10428
2-Tetradecanone,POQLVOYRGNFGRM-UHFFFAOYSA-N,HMDB0030924,
Acetoin,ROWKJAVDOGWPAT-UHFFFAOYSA-N,HMDB0003243,C00466
Pentadecane,YCOZIPAWZNQLMR-UHFFFAOYSA-N,HMDB0059886,C08388
"Propanoic acid, propyl ester",MCSINKKTEDDPNK-UHFFFAOYSA-N,HMDB0030059,
2-Methyl-3-heptanone,XYYMFUCZDNNGFS-UHFFFAOYSA-N,HMDB0032402,
Linalyl acetate,UWKAYLJWKGQEPM-LBPRGKRZSA-N,HMDB0039522,C09863
"Hexanoic acid, methyl ester",NUKZAGXMHTUAFE-UHFFFAOYSA-N,HMDB0035238,
"Cyclohexanecarboxylic acid, methyl ester",ZQWPRMPSCMSAJU-UHFFFAOYSA-N,HMDB0031343,
Hexanoic acid,FUZZWVXGSFPDMH-UHFFFAOYSA-N,HMDB0000535,C01585
2-Nonanol,NGDNVOAEIVQRFH-UHFFFAOYSA-N,HMDB0033916,
Methyl 3-phenylpropanoate,RPUSRLKKXPQSGP-UHFFFAOYSA-N,HMDB0030060,
Carbon disulfide,QGJOPFRUJISHPQ-UHFFFAOYSA-N,HMDB0036574,C19033
Dodecane,SNRUBQQJIBEYMU-UHFFFAOYSA-N,HMDB0031444,C08374
"Thiophene, 2-pentyl-",NOYVOSGVFSEKPR-UHFFFAOYSA-N,HMDB0040240,
"Butanoic acid, propyl ester",HUAZGNHGCJGYNP-UHFFFAOYSA-N,HMDB0039618,
Octanal,NUJGJRNETVAIRJ-UHFFFAOYSA-N,HMDB0001140,C01545
Mequinol,NWVVVBRKAWDGAB-UHFFFAOYSA-N,HMDB0029696,
Tetradecanal,UHUFTBALEZWWIH-UHFFFAOYSA-N,HMDB0034283,
2-Piperidinone,XUWHAWMETYGRKB-UHFFFAOYSA-N,HMDB0011749,
"2,4-Imidazolidinedione, 1-methyl-",RHYBFKMFHLPQPH-UHFFFAOYSA-N,HMDB0003646,C02565
"1-Propanol, 2-methyl-",ZXEKIIBDNHEJCQ-UHFFFAOYSA-N,HMDB0006006,C14710
Octadecanol,GLDOVTGHNKAZLK-UHFFFAOYSA-N,HMDB0002350,D01924
1-Tetradecanol,HLZKNKRTKFSKGZ-UHFFFAOYSA-N,HMDB0011638,
Benzyl methyl ketone,QCCDLTOVEPVEJK-UHFFFAOYSA-N,,C15512
Benzyl alcohol,WVDDGKGOMKODPV-UHFFFAOYSA-N,HMDB0003119,C03485
Myrcene,UAHWPYUMFXYFJY-UHFFFAOYSA-N,HMDB0038169,C06074
"Butanoic acid, 3-methylbutyl ester",PQLMXFQTAMDXIZ-UHFFFAOYSA-N,HMDB0040221,
Dimethyl sulfone,HHVIBTZHLRERCL-UHFFFAOYSA-N,HMDB0004983,C11142
Acetonitrile,WEVYAHXRMPXWCK-UHFFFAOYSA-N,HMDB0061869,
"Butanoic acid, butyl ester",XUPYJHCZDLZNFP-UHFFFAOYSA-N,HMDB0039620,
"Disulfide, methyl 2-propenyl",XNZOTQPMYMCTBZ-UHFFFAOYSA-N,HMDB0041389,C08383
Phenylacetaldehyde,DTUQWGWMVIHBKE-UHFFFAOYSA-N,HMDB0006236,C00601
3-Phenylpropanol,VAJVDSVGBWFCLW-UHFFFAOYSA-N,HMDB0033962,
2-Dodecanone,VOFBBQZXUQXUQN-UHFFFAOYSA-N,HMDB0031019,C14996
"Cyclohexene, 3-(1,5-dimethyl-4-hexenyl)-6-methylene-, [S-(R*,S*)]-",PHWISBHSBNDZDX-LSDHHAIUSA-N,HMDB0036163,C16776
Hordenine,KUBCEEMXQZUPDQ-UHFFFAOYSA-N,HMDB0004366,C06199
"Propanoic acid, butyl ester",BTMVHUNTONAYDX-UHFFFAOYSA-N,HMDB0030052,
Isopropyl Alcohol,KFZMGEQAYNKOFK-UHFFFAOYSA-N,HMDB0000863,C01845
Eucalyptol,WEEGYLXZBRQIMU-UHFFFAOYSA-N,HMDB0004472,C09844
Copaene,VLXDPFLIRFYIME-ZPWMNFGTSA-N,HMDB0061851,C09639
"3,4-Dihydroxyphenylglycol",MTVWFVDWRVYDOR-UHFFFAOYSA-N,HMDB0000318,C05576
2-Methylpropyl butanoate,RGFNRWTWDWVHDD-UHFFFAOYSA-N,HMDB0034161,
Carbamic acid,KXDHJXZQYSOELW-UHFFFAOYSA-N,HMDB0003551,C01563
(+)-2-Bornanone,DSSYKIVIOFKYAU-XCBNKYQSSA-N,HMDB0059838,
2-Heptanone,CATSNJVOTSVZJV-UHFFFAOYSA-N,HMDB0003671,C08380
"Cyclohexene, 1-methyl-4-(1-methylethylidene)-",MOYAFQVGZZPNRA-UHFFFAOYSA-N,HMDB0036994,C06075
"Propanoic acid, 2-methyl-, anhydride",LSACYLWPPQLVSM-UHFFFAOYSA-N,HMDB0062788,
"Ethanol, 2-ethoxy-",ZNQVEEAIQZEUHB-UHFFFAOYSA-N,HMDB0031213,C14687
"1-Butene, 4-isothiocyanato-",SKIHGKNFJKJXPX-UHFFFAOYSA-N,HMDB0033867,
Methyl isobutyrate,BHIWKHZACMWKOJ-UHFFFAOYSA-N,HMDB0031249,
"Butanoic acid, 3-methyl-, propyl ester",LSJMDWFAADPNAX-UHFFFAOYSA-N,HMDB0032047,
"Benzene, (2-isothiocyanatoethyl)-",IZJDOKYDEWTZSO-UHFFFAOYSA-N,HMDB0038445,
"Benzaldehyde, 4-hydroxy-",RGHHSNMVTDWUBI-UHFFFAOYSA-N,HMDB0011718,C00633
Ethyl methyl disulfide,XLTBPTGNNLIKRW-UHFFFAOYSA-N,HMDB0032912,
Mesitylene,AUHZEENZYGFFBQ-UHFFFAOYSA-N,HMDB0041924,C14508
 Propyl 2-methylpropanoate,AZFUASHXSOTBNU-UHFFFAOYSA-N,HMDB0036209,
"3-Pentanone, 2-methyl-",HYTRYEXINDDXJK-UHFFFAOYSA-N,HMDB0005846,
"2,2,4-Trimethyl-1,3-pentanediol diisobutyrate",OMVSWZDEEGIJJI-UHFFFAOYSA-N,HMDB0059777,
1-Tetradecene,HFDVRLIODXPAHB-UHFFFAOYSA-N,HMDB0061834,
Heptanal,FXHGMKSSBGDXIY-UHFFFAOYSA-N,HMDB0031475,C14390
2-Hexanol,QNVRIHYSUZMSGM-UHFFFAOYSA-N,HMDB0061886,
"Hexanoic acid, butyl ester",RPRPDTXKGSIXMD-UHFFFAOYSA-N,HMDB0040211,
2-Methyl-4-heptanone,PTTPXKJBFFKCEK-UHFFFAOYSA-N,HMDB0013821,
Octane,TVMXDCGIABBOFY-UHFFFAOYSA-N,HMDB0001485,C01387
2-Decanone,ZAJNGDIORYACQU-UHFFFAOYSA-N,HMDB0031409,
"2,5-Dimethylpyrazine",LCZUOKDVTBMCMX-UHFFFAOYSA-N,HMDB0035289,
4-Hydroxy-3-hexanone,SKCYVGUCBRYGTE-UHFFFAOYSA-N,,C02948
"Pentadecane, 2,6,10,14-tetramethyl-",XOJVVFBFDXDTEG-UHFFFAOYSA-N,HMDB0034497,
Butyl 2-methylbutanoate,OTKQNSSMCDLVQV-UHFFFAOYSA-N,HMDB0039216,
Terpinene,YKFLAYDHMOASIY-UHFFFAOYSA-N,HMDB0005806,C09900
S-Methyl 3-methylbutanethioate,MPLWTJZAFOVXKP-UHFFFAOYSA-N,HMDB0039843,
"3,4-Hexanedione",KVFQMAZOBTXCAZ-UHFFFAOYSA-N,HMDB0031492,
"3(2H)-Thiophenone, dihydro-2-methyl-",YMZZPMVKABUEBL-UHFFFAOYSA-N,HMDB0038556,
"9-Octadecenoic acid, ethyl ester",LVGKNOAMLMIIKO-VAWYXSNFSA-N,HMDB0034451,
"Butanoic acid, 3-methyl-, 3-methylbutyl ester",XINCECQTMHSORG-UHFFFAOYSA-N,HMDB0030029,C12289
n-Hexane,VLKZOEOYAKHREP-UHFFFAOYSA-N,HMDB0029600,C11271
"Acetic acid, hexyl ester",AOGQPLXWSUTHQB-UHFFFAOYSA-N,HMDB0029980,
"Cyclohexanecarboxylic acid, ethyl ester",JJOYCHKVKWDMEA-UHFFFAOYSA-N,HMDB0033167,
Tributyl phosphate,STCOOQWBFONSKY-UHFFFAOYSA-N,HMDB0259164,C14439
(-)-Borneol,DTGKSKDOIYIVQL-UHFFFAOYSA-N,HMDB0034976,C01411
3-Octanol,NMRPBPVERJPACX-UHFFFAOYSA-N,HMDB0030070,C17144
Isobutyl isovalerate,KEBDNKNVCHQIJU-UHFFFAOYSA-N,HMDB0038040,
"Cyclohexanone, 2,2,6-trimethyl-",ZPVOLGVTNLDBFI-UHFFFAOYSA-N,HMDB0033794,
1-Decanol,MWKFXSUHUHTGQN-UHFFFAOYSA-N,HMDB0011624,C01633
Methyl tetradecanoate,ZAZKJZBWRNNLDS-UHFFFAOYSA-N,HMDB0030469,
